{
    "back_pack": {
        "precision": 0.6363636363636364,
        "recall": 1.0,
        "f1-score": 0.7777777777777778,
        "support": 7
    },
    "bike": {
        "precision": 1.0,
        "recall": 1.0,
        "f1-score": 1.0,
        "support": 16
    },
    "bike_helmet": {
        "precision": 0.9411764705882353,
        "recall": 0.8421052631578947,
        "f1-score": 0.8888888888888888,
        "support": 19
    },
    "bookcase": {
        "precision": 0.7,
        "recall": 1.0,
        "f1-score": 0.8235294117647058,
        "support": 7
    },
    "bottle": {
        "precision": 0.9166666666666666,
        "recall": 1.0,
        "f1-score": 0.9565217391304348,
        "support": 11
    },
    "calculator": {
        "precision": 0.5454545454545454,
        "recall": 0.8571428571428571,
        "f1-score": 0.6666666666666665,
        "support": 7
    },
    "desk_chair": {
        "precision": 1.0,
        "recall": 1.0,
        "f1-score": 1.0,
        "support": 8
    },
    "desk_lamp": {
        "precision": 1.0,
        "recall": 0.6666666666666666,
        "f1-score": 0.8,
        "support": 9
    },
    "desktop_computer": {
        "precision": 1.0,
        "recall": 0.3,
        "f1-score": 0.4615384615384615,
        "support": 10
    },
    "file_cabinet": {
        "precision": 0.6428571428571429,
        "recall": 0.9,
        "f1-score": 0.75,
        "support": 10
    },
    "headphones": {
        "precision": 1.0,
        "recall": 1.0,
        "f1-score": 1.0,
        "support": 8
    },
    "keyboard": {
        "precision": 0.8,
        "recall": 0.8,
        "f1-score": 0.8000000000000002,
        "support": 5
    },
    "laptop_computer": {
        "precision": 1.0,
        "recall": 0.8421052631578947,
        "f1-score": 0.9142857142857143,
        "support": 19
    },
    "letter_tray": {
        "precision": 0.625,
        "recall": 0.9090909090909091,
        "f1-score": 0.7407407407407406,
        "support": 11
    },
    "mobile_phone": {
        "precision": 0.8695652173913043,
        "recall": 0.7692307692307693,
        "f1-score": 0.8163265306122449,
        "support": 26
    },
    "monitor": {
        "precision": 0.8095238095238095,
        "recall": 1.0,
        "f1-score": 0.8947368421052632,
        "support": 17
    },
    "mouse": {
        "precision": 0.5,
        "recall": 0.8571428571428571,
        "f1-score": 0.631578947368421,
        "support": 7
    },
    "mug": {
        "precision": 0.75,
        "recall": 1.0,
        "f1-score": 0.8571428571428571,
        "support": 3
    },
    "paper_notebook": {
        "precision": 0.8333333333333334,
        "recall": 1.0,
        "f1-score": 0.9090909090909091,
        "support": 5
    },
    "pen": {
        "precision": 0.0,
        "recall": 0.0,
        "f1-score": 0.0,
        "support": 5
    },
    "phone": {
        "precision": 1.0,
        "recall": 0.875,
        "f1-score": 0.9333333333333333,
        "support": 8
    },
    "printer": {
        "precision": 0.8,
        "recall": 0.8,
        "f1-score": 0.8000000000000002,
        "support": 10
    },
    "projector": {
        "precision": 0.6923076923076923,
        "recall": 0.5,
        "f1-score": 0.5806451612903226,
        "support": 18
    },
    "punchers": {
        "precision": 1.0,
        "recall": 0.23076923076923078,
        "f1-score": 0.375,
        "support": 13
    },
    "ring_binder": {
        "precision": 1.0,
        "recall": 0.8,
        "f1-score": 0.888888888888889,
        "support": 5
    },
    "ruler": {
        "precision": 0.16666666666666666,
        "recall": 1.0,
        "f1-score": 0.2857142857142857,
        "support": 2
    },
    "scissors": {
        "precision": 0.9230769230769231,
        "recall": 0.9230769230769231,
        "f1-score": 0.9230769230769231,
        "support": 13
    },
    "speaker": {
        "precision": 0.8461538461538461,
        "recall": 0.5238095238095238,
        "f1-score": 0.6470588235294118,
        "support": 21
    },
    "stapler": {
        "precision": 0.7,
        "recall": 0.4375,
        "f1-score": 0.5384615384615384,
        "support": 16
    },
    "tape_dispenser": {
        "precision": 0.6521739130434783,
        "recall": 0.8823529411764706,
        "f1-score": 0.75,
        "support": 17
    },
    "trash_can": {
        "precision": 0.3076923076923077,
        "recall": 0.4,
        "f1-score": 0.34782608695652173,
        "support": 10
    },
    "accuracy": 0.7580174927113703,
    "macro avg": {
        "precision": 0.7631616829393414,
        "recall": 0.777935264658774,
        "f1-score": 0.734155823495623,
        "support": 343
    },
    "weighted avg": {
        "precision": 0.8065808577822701,
        "recall": 0.7580174927113703,
        "f1-score": 0.7531644069176442,
        "support": 343
    }
}