{
    "back_pack": {
        "precision": 1.0,
        "recall": 1.0,
        "f1-score": 1.0,
        "support": 24
    },
    "bike": {
        "precision": 1.0,
        "recall": 1.0,
        "f1-score": 1.0,
        "support": 16
    },
    "bike_helmet": {
        "precision": 1.0,
        "recall": 0.9565217391304348,
        "f1-score": 0.9777777777777777,
        "support": 23
    },
    "bookcase": {
        "precision": 1.0,
        "recall": 1.0,
        "f1-score": 1.0,
        "support": 7
    },
    "bottle": {
        "precision": 1.0,
        "recall": 1.0,
        "f1-score": 1.0,
        "support": 11
    },
    "calculator": {
        "precision": 0.896551724137931,
        "recall": 1.0,
        "f1-score": 0.9454545454545454,
        "support": 26
    },
    "desk_chair": {
        "precision": 1.0,
        "recall": 1.0,
        "f1-score": 1.0,
        "support": 35
    },
    "desk_lamp": {
        "precision": 1.0,
        "recall": 1.0,
        "f1-score": 1.0,
        "support": 13
    },
    "desktop_computer": {
        "precision": 1.0,
        "recall": 1.0,
        "f1-score": 1.0,
        "support": 16
    },
    "file_cabinet": {
        "precision": 1.0,
        "recall": 1.0,
        "f1-score": 1.0,
        "support": 14
    },
    "headphones": {
        "precision": 1.0,
        "recall": 1.0,
        "f1-score": 1.0,
        "support": 22
    },
    "keyboard": {
        "precision": 1.0,
        "recall": 0.8636363636363636,
        "f1-score": 0.9268292682926829,
        "support": 22
    },
    "laptop_computer": {
        "precision": 1.0,
        "recall": 0.88,
        "f1-score": 0.9361702127659575,
        "support": 25
    },
    "letter_tray": {
        "precision": 0.875,
        "recall": 1.0,
        "f1-score": 0.9333333333333333,
        "support": 14
    },
    "mobile_phone": {
        "precision": 0.9047619047619048,
        "recall": 0.76,
        "f1-score": 0.8260869565217391,
        "support": 25
    },
    "monitor": {
        "precision": 0.9459459459459459,
        "recall": 0.9210526315789473,
        "f1-score": 0.9333333333333332,
        "support": 38
    },
    "mouse": {
        "precision": 0.9259259259259259,
        "recall": 1.0,
        "f1-score": 0.9615384615384615,
        "support": 25
    },
    "mug": {
        "precision": 1.0,
        "recall": 1.0,
        "f1-score": 1.0,
        "support": 22
    },
    "paper_notebook": {
        "precision": 0.8214285714285714,
        "recall": 1.0,
        "f1-score": 0.9019607843137255,
        "support": 23
    },
    "pen": {
        "precision": 0.7878787878787878,
        "recall": 0.9629629629629629,
        "f1-score": 0.8666666666666665,
        "support": 27
    },
    "phone": {
        "precision": 1.0,
        "recall": 0.9090909090909091,
        "f1-score": 0.9523809523809523,
        "support": 11
    },
    "printer": {
        "precision": 1.0,
        "recall": 0.9333333333333333,
        "f1-score": 0.9655172413793104,
        "support": 15
    },
    "projector": {
        "precision": 0.9473684210526315,
        "recall": 0.72,
        "f1-score": 0.8181818181818181,
        "support": 25
    },
    "punchers": {
        "precision": 0.8823529411764706,
        "recall": 0.6818181818181818,
        "f1-score": 0.7692307692307693,
        "support": 22
    },
    "ring_binder": {
        "precision": 0.85,
        "recall": 0.9714285714285714,
        "f1-score": 0.9066666666666667,
        "support": 35
    },
    "ruler": {
        "precision": 0.5714285714285714,
        "recall": 0.6666666666666666,
        "f1-score": 0.6153846153846153,
        "support": 6
    },
    "scissors": {
        "precision": 0.9444444444444444,
        "recall": 0.85,
        "f1-score": 0.8947368421052632,
        "support": 20
    },
    "speaker": {
        "precision": 1.0,
        "recall": 1.0,
        "f1-score": 1.0,
        "support": 25
    },
    "stapler": {
        "precision": 0.782608695652174,
        "recall": 0.9473684210526315,
        "f1-score": 0.8571428571428571,
        "support": 19
    },
    "tape_dispenser": {
        "precision": 0.9411764705882353,
        "recall": 0.8888888888888888,
        "f1-score": 0.9142857142857143,
        "support": 18
    },
    "trash_can": {
        "precision": 1.0,
        "recall": 1.0,
        "f1-score": 1.0,
        "support": 16
    },
    "accuracy": 0.934375,
    "macro avg": {
        "precision": 0.9379636259490838,
        "recall": 0.9326699570834804,
        "f1-score": 0.9323444779598772,
        "support": 640
    },
    "weighted avg": {
        "precision": 0.9397082003030475,
        "recall": 0.934375,
        "f1-score": 0.9338032493772737,
        "support": 640
    }
}