{
    "0": {
        "precision": 0.9449781659388646,
        "recall": 0.9881278538812786,
        "f1-score": 0.9660714285714286,
        "support": 1095
    },
    "1": {
        "precision": 0.944202266782912,
        "recall": 0.989041095890411,
        "f1-score": 0.9661016949152543,
        "support": 1095
    },
    "2": {
        "precision": 0.9587852494577006,
        "recall": 0.8073059360730593,
        "f1-score": 0.8765493306891423,
        "support": 1095
    },
    "3": {
        "precision": 0.8266199649737302,
        "recall": 0.8621004566210045,
        "f1-score": 0.8439874832364775,
        "support": 1095
    },
    "4": {
        "precision": 0.9305835010060363,
        "recall": 0.8447488584474886,
        "f1-score": 0.8855911919578746,
        "support": 1095
    },
    "5": {
        "precision": 0.8089788732394366,
        "recall": 0.8392694063926941,
        "f1-score": 0.8238458090542359,
        "support": 1095
    },
    "6": {
        "precision": 0.8972222222222223,
        "recall": 0.8849315068493151,
        "f1-score": 0.8910344827586206,
        "support": 1095
    },
    "7": {
        "precision": 0.8584142394822006,
        "recall": 0.9689497716894977,
        "f1-score": 0.9103389103389102,
        "support": 1095
    },
    "8": {
        "precision": 0.901685393258427,
        "recall": 0.8794520547945206,
        "f1-score": 0.8904299583911235,
        "support": 1095
    },
    "9": {
        "precision": 0.8675925925925926,
        "recall": 0.8557077625570776,
        "f1-score": 0.8616091954022989,
        "support": 1095
    },
    "accuracy": 0.8919634703196347,
    "macro avg": {
        "precision": 0.8939062468954122,
        "recall": 0.8919634703196347,
        "f1-score": 0.8915559485315366,
        "support": 10950
    },
    "weighted avg": {
        "precision": 0.8939062468954122,
        "recall": 0.8919634703196347,
        "f1-score": 0.8915559485315366,
        "support": 10950
    }
}