{
    "0": {
        "precision": 0.8577170418006431,
        "recall": 0.9708826205641492,
        "f1-score": 0.9107981220657276,
        "support": 1099
    },
    "1": {
        "precision": 0.7259185700099305,
        "recall": 0.6651501364877161,
        "f1-score": 0.6942070275403609,
        "support": 1099
    },
    "2": {
        "precision": 0.7470534904805077,
        "recall": 0.7497725204731575,
        "f1-score": 0.748410535876476,
        "support": 1099
    },
    "3": {
        "precision": 0.6068965517241379,
        "recall": 0.8007279344858963,
        "f1-score": 0.6904668497449981,
        "support": 1099
    },
    "4": {
        "precision": 0.7014814814814815,
        "recall": 0.8616924476797089,
        "f1-score": 0.773376888525929,
        "support": 1099
    },
    "5": {
        "precision": 0.5895589558955896,
        "recall": 0.5959963603275705,
        "f1-score": 0.5927601809954752,
        "support": 1099
    },
    "6": {
        "precision": 0.7765748031496063,
        "recall": 0.7179253867151957,
        "f1-score": 0.7460992907801418,
        "support": 1099
    },
    "7": {
        "precision": 0.5249169435215947,
        "recall": 0.4313011828935396,
        "f1-score": 0.47352647352647353,
        "support": 1099
    },
    "8": {
        "precision": 0.614165890027959,
        "recall": 0.5996360327570519,
        "f1-score": 0.6068139963167588,
        "support": 1099
    },
    "9": {
        "precision": 0.4979536152796726,
        "recall": 0.3321201091901729,
        "f1-score": 0.398471615720524,
        "support": 1099
    },
    "accuracy": 0.6725204731574158,
    "macro avg": {
        "precision": 0.6642237343371122,
        "recall": 0.6725204731574158,
        "f1-score": 0.6634930981092866,
        "support": 10990
    },
    "weighted avg": {
        "precision": 0.6642237343371125,
        "recall": 0.6725204731574158,
        "f1-score": 0.6634930981092865,
        "support": 10990
    }
}