{
    "0": {
        "precision": 0.9897959183673469,
        "recall": 0.9748743718592965,
        "f1-score": 0.9822784810126581,
        "support": 1194
    },
    "1": {
        "precision": 0.9690821256038648,
        "recall": 0.9980099502487563,
        "f1-score": 0.9833333333333333,
        "support": 1005
    },
    "2": {
        "precision": 0.9151599443671766,
        "recall": 0.9001367989056087,
        "f1-score": 0.9075862068965518,
        "support": 731
    },
    "3": {
        "precision": 0.926829268292683,
        "recall": 0.9817629179331308,
        "f1-score": 0.9535055350553506,
        "support": 658
    },
    "4": {
        "precision": 0.9606299212598425,
        "recall": 0.9355828220858896,
        "f1-score": 0.947940947940948,
        "support": 652
    },
    "5": {
        "precision": 0.935672514619883,
        "recall": 0.8633093525179856,
        "f1-score": 0.8980355472404116,
        "support": 556
    },
    "6": {
        "precision": 0.9389880952380952,
        "recall": 0.9503012048192772,
        "f1-score": 0.9446107784431137,
        "support": 664
    },
    "7": {
        "precision": 0.8717241379310345,
        "recall": 0.9798449612403101,
        "f1-score": 0.9226277372262774,
        "support": 645
    },
    "8": {
        "precision": 0.9739776951672863,
        "recall": 0.966789667896679,
        "f1-score": 0.9703703703703704,
        "support": 542
    },
    "9": {
        "precision": 0.9380378657487092,
        "recall": 0.8462732919254659,
        "f1-score": 0.889795918367347,
        "support": 644
    },
    "accuracy": 0.94541215196818,
    "macro avg": {
        "precision": 0.9419897486595923,
        "recall": 0.9396885339432398,
        "f1-score": 0.9400084855886363,
        "support": 7291
    },
    "weighted avg": {
        "precision": 0.9462195210462229,
        "recall": 0.94541215196818,
        "f1-score": 0.9450821132254243,
        "support": 7291
    }
}