{
    "0": {
        "precision": 0.0593866866118175,
        "recall": 0.2276376146788991,
        "f1-score": 0.09419860007118282,
        "support": 1744
    },
    "1": {
        "precision": 0.3200267618198038,
        "recall": 0.28142773092763285,
        "f1-score": 0.2994886778670563,
        "support": 5099
    },
    "2": {
        "precision": 0.17951519968209814,
        "recall": 0.43552663292359606,
        "f1-score": 0.2542384804783679,
        "support": 4149
    },
    "3": {
        "precision": 0.3315844700944386,
        "recall": 0.10964607911172797,
        "f1-score": 0.16479791395045632,
        "support": 2882
    },
    "4": {
        "precision": 0.16005873715124816,
        "recall": 0.12960760998810938,
        "f1-score": 0.14323258869908015,
        "support": 2523
    },
    "5": {
        "precision": 0.5135135135135135,
        "recall": 0.047818791946308725,
        "f1-score": 0.08749040675364542,
        "support": 2384
    },
    "6": {
        "precision": 0.2988929889298893,
        "recall": 0.0409711684370258,
        "f1-score": 0.07206405693950178,
        "support": 1977
    },
    "7": {
        "precision": 0.23248882265275708,
        "recall": 0.07726597325408618,
        "f1-score": 0.11598513011152414,
        "support": 2019
    },
    "8": {
        "precision": 0.128,
        "recall": 0.04819277108433735,
        "f1-score": 0.07002188183807441,
        "support": 1660
    },
    "9": {
        "precision": 0.4166666666666667,
        "recall": 0.003134796238244514,
        "f1-score": 0.006222775357809583,
        "support": 1595
    },
    "accuracy": 0.18123847572218807,
    "macro avg": {
        "precision": 0.2640133847122233,
        "recall": 0.14012291685899678,
        "f1-score": 0.1307740512066699,
        "support": 26032
    },
    "weighted avg": {
        "precision": 0.26894729416471425,
        "recall": 0.18123847572218807,
        "f1-score": 0.1649476563567213,
        "support": 26032
    }
}