{
    "back_pack": {
        "precision": 1.0,
        "recall": 1.0,
        "f1-score": 1.0,
        "support": 7
    },
    "bike": {
        "precision": 1.0,
        "recall": 1.0,
        "f1-score": 1.0,
        "support": 16
    },
    "bike_helmet": {
        "precision": 0.9473684210526315,
        "recall": 0.9473684210526315,
        "f1-score": 0.9473684210526315,
        "support": 19
    },
    "bookcase": {
        "precision": 1.0,
        "recall": 0.7142857142857143,
        "f1-score": 0.8333333333333333,
        "support": 7
    },
    "bottle": {
        "precision": 1.0,
        "recall": 1.0,
        "f1-score": 1.0,
        "support": 11
    },
    "calculator": {
        "precision": 1.0,
        "recall": 0.8571428571428571,
        "f1-score": 0.923076923076923,
        "support": 7
    },
    "desk_chair": {
        "precision": 1.0,
        "recall": 1.0,
        "f1-score": 1.0,
        "support": 8
    },
    "desk_lamp": {
        "precision": 1.0,
        "recall": 0.5555555555555556,
        "f1-score": 0.7142857142857143,
        "support": 9
    },
    "desktop_computer": {
        "precision": 0.8,
        "recall": 0.4,
        "f1-score": 0.5333333333333333,
        "support": 10
    },
    "file_cabinet": {
        "precision": 0.5714285714285714,
        "recall": 0.8,
        "f1-score": 0.6666666666666666,
        "support": 10
    },
    "headphones": {
        "precision": 0.8888888888888888,
        "recall": 1.0,
        "f1-score": 0.9411764705882353,
        "support": 8
    },
    "keyboard": {
        "precision": 0.8,
        "recall": 0.8,
        "f1-score": 0.8000000000000002,
        "support": 5
    },
    "laptop_computer": {
        "precision": 0.8181818181818182,
        "recall": 0.9473684210526315,
        "f1-score": 0.8780487804878049,
        "support": 19
    },
    "letter_tray": {
        "precision": 0.8,
        "recall": 0.7272727272727273,
        "f1-score": 0.761904761904762,
        "support": 11
    },
    "mobile_phone": {
        "precision": 0.9411764705882353,
        "recall": 0.6153846153846154,
        "f1-score": 0.744186046511628,
        "support": 26
    },
    "monitor": {
        "precision": 0.9333333333333333,
        "recall": 0.8235294117647058,
        "f1-score": 0.8749999999999999,
        "support": 17
    },
    "mouse": {
        "precision": 0.4117647058823529,
        "recall": 1.0,
        "f1-score": 0.5833333333333334,
        "support": 7
    },
    "mug": {
        "precision": 0.5,
        "recall": 1.0,
        "f1-score": 0.6666666666666666,
        "support": 3
    },
    "paper_notebook": {
        "precision": 0.7142857142857143,
        "recall": 1.0,
        "f1-score": 0.8333333333333333,
        "support": 5
    },
    "pen": {
        "precision": 0.42857142857142855,
        "recall": 0.6,
        "f1-score": 0.5,
        "support": 5
    },
    "phone": {
        "precision": 1.0,
        "recall": 0.875,
        "f1-score": 0.9333333333333333,
        "support": 8
    },
    "printer": {
        "precision": 0.42857142857142855,
        "recall": 0.3,
        "f1-score": 0.3529411764705882,
        "support": 10
    },
    "projector": {
        "precision": 0.7777777777777778,
        "recall": 0.7777777777777778,
        "f1-score": 0.7777777777777778,
        "support": 18
    },
    "punchers": {
        "precision": 0.8181818181818182,
        "recall": 0.6923076923076923,
        "f1-score": 0.7500000000000001,
        "support": 13
    },
    "ring_binder": {
        "precision": 0.42857142857142855,
        "recall": 0.6,
        "f1-score": 0.5,
        "support": 5
    },
    "ruler": {
        "precision": 0.25,
        "recall": 0.5,
        "f1-score": 0.3333333333333333,
        "support": 2
    },
    "scissors": {
        "precision": 0.9230769230769231,
        "recall": 0.9230769230769231,
        "f1-score": 0.9230769230769231,
        "support": 13
    },
    "speaker": {
        "precision": 0.8,
        "recall": 0.38095238095238093,
        "f1-score": 0.5161290322580645,
        "support": 21
    },
    "stapler": {
        "precision": 0.6666666666666666,
        "recall": 0.875,
        "f1-score": 0.7567567567567567,
        "support": 16
    },
    "tape_dispenser": {
        "precision": 1.0,
        "recall": 0.7058823529411765,
        "f1-score": 0.8275862068965517,
        "support": 17
    },
    "trash_can": {
        "precision": 0.4090909090909091,
        "recall": 0.9,
        "f1-score": 0.5625000000000001,
        "support": 10
    },
    "accuracy": 0.7755102040816326,
    "macro avg": {
        "precision": 0.7760302033596751,
        "recall": 0.7844485435666899,
        "f1-score": 0.7559725265960546,
        "support": 343
    },
    "weighted avg": {
        "precision": 0.8242777135591403,
        "recall": 0.7755102040816326,
        "f1-score": 0.7779711364678722,
        "support": 343
    }
}