{
    "0": {
        "precision": 0.8142322097378277,
        "recall": 0.9945105215004575,
        "f1-score": 0.8953871499176278,
        "support": 1093
    },
    "1": {
        "precision": 0.9747747747747748,
        "recall": 0.989935956084172,
        "f1-score": 0.982296867907399,
        "support": 1093
    },
    "2": {
        "precision": 0.95562435500516,
        "recall": 0.8472095150960659,
        "f1-score": 0.89815712900097,
        "support": 1093
    },
    "3": {
        "precision": 0.8848920863309353,
        "recall": 0.9002744739249772,
        "f1-score": 0.8925170068027211,
        "support": 1093
    },
    "4": {
        "precision": 0.9489274770173647,
        "recall": 0.8499542543458372,
        "f1-score": 0.8967181467181468,
        "support": 1093
    },
    "5": {
        "precision": 0.8866213151927438,
        "recall": 0.7154620311070449,
        "f1-score": 0.7918987341772151,
        "support": 1093
    },
    "6": {
        "precision": 0.9362119725220804,
        "recall": 0.8728270814272644,
        "f1-score": 0.9034090909090909,
        "support": 1093
    },
    "7": {
        "precision": 0.9041095890410958,
        "recall": 0.9661482159194876,
        "f1-score": 0.9340999557717823,
        "support": 1093
    },
    "8": {
        "precision": 0.9206049149338374,
        "recall": 0.8911253430924062,
        "f1-score": 0.905625290562529,
        "support": 1093
    },
    "9": {
        "precision": 0.7996918335901386,
        "recall": 0.94967978042086,
        "f1-score": 0.8682559598494354,
        "support": 1093
    },
    "accuracy": 0.8977127172918573,
    "macro avg": {
        "precision": 0.9025690528145958,
        "recall": 0.8977127172918573,
        "f1-score": 0.8968365331616918,
        "support": 10930
    },
    "weighted avg": {
        "precision": 0.9025690528145959,
        "recall": 0.8977127172918573,
        "f1-score": 0.8968365331616917,
        "support": 10930
    }
}