{
    "back_pack": {
        "precision": 0.7,
        "recall": 1.0,
        "f1-score": 0.8235294117647058,
        "support": 7
    },
    "bike": {
        "precision": 0.9375,
        "recall": 0.9375,
        "f1-score": 0.9375,
        "support": 16
    },
    "bike_helmet": {
        "precision": 0.9285714285714286,
        "recall": 0.6842105263157895,
        "f1-score": 0.7878787878787878,
        "support": 19
    },
    "bookcase": {
        "precision": 0.7142857142857143,
        "recall": 0.7142857142857143,
        "f1-score": 0.7142857142857143,
        "support": 7
    },
    "bottle": {
        "precision": 1.0,
        "recall": 1.0,
        "f1-score": 1.0,
        "support": 11
    },
    "calculator": {
        "precision": 1.0,
        "recall": 0.7142857142857143,
        "f1-score": 0.8333333333333333,
        "support": 7
    },
    "desk_chair": {
        "precision": 1.0,
        "recall": 1.0,
        "f1-score": 1.0,
        "support": 8
    },
    "desk_lamp": {
        "precision": 0.5833333333333334,
        "recall": 0.7777777777777778,
        "f1-score": 0.6666666666666666,
        "support": 9
    },
    "desktop_computer": {
        "precision": 0.0,
        "recall": 0.0,
        "f1-score": 0.0,
        "support": 10
    },
    "file_cabinet": {
        "precision": 0.5263157894736842,
        "recall": 1.0,
        "f1-score": 0.6896551724137931,
        "support": 10
    },
    "headphones": {
        "precision": 0.7142857142857143,
        "recall": 0.625,
        "f1-score": 0.6666666666666666,
        "support": 8
    },
    "keyboard": {
        "precision": 0.7142857142857143,
        "recall": 1.0,
        "f1-score": 0.8333333333333333,
        "support": 5
    },
    "laptop_computer": {
        "precision": 0.9166666666666666,
        "recall": 0.5789473684210527,
        "f1-score": 0.7096774193548387,
        "support": 19
    },
    "letter_tray": {
        "precision": 0.6666666666666666,
        "recall": 0.7272727272727273,
        "f1-score": 0.6956521739130435,
        "support": 11
    },
    "mobile_phone": {
        "precision": 1.0,
        "recall": 0.19230769230769232,
        "f1-score": 0.32258064516129037,
        "support": 26
    },
    "monitor": {
        "precision": 0.875,
        "recall": 0.4117647058823529,
        "f1-score": 0.56,
        "support": 17
    },
    "mouse": {
        "precision": 0.46153846153846156,
        "recall": 0.8571428571428571,
        "f1-score": 0.6,
        "support": 7
    },
    "mug": {
        "precision": 0.3333333333333333,
        "recall": 0.6666666666666666,
        "f1-score": 0.4444444444444444,
        "support": 3
    },
    "paper_notebook": {
        "precision": 0.38461538461538464,
        "recall": 1.0,
        "f1-score": 0.5555555555555556,
        "support": 5
    },
    "pen": {
        "precision": 0.4166666666666667,
        "recall": 1.0,
        "f1-score": 0.5882352941176471,
        "support": 5
    },
    "phone": {
        "precision": 1.0,
        "recall": 0.875,
        "f1-score": 0.9333333333333333,
        "support": 8
    },
    "printer": {
        "precision": 0.4666666666666667,
        "recall": 0.7,
        "f1-score": 0.56,
        "support": 10
    },
    "projector": {
        "precision": 0.55,
        "recall": 0.6111111111111112,
        "f1-score": 0.5789473684210527,
        "support": 18
    },
    "punchers": {
        "precision": 0.4375,
        "recall": 0.5384615384615384,
        "f1-score": 0.4827586206896552,
        "support": 13
    },
    "ring_binder": {
        "precision": 0.14285714285714285,
        "recall": 0.2,
        "f1-score": 0.16666666666666666,
        "support": 5
    },
    "ruler": {
        "precision": 1.0,
        "recall": 1.0,
        "f1-score": 1.0,
        "support": 2
    },
    "scissors": {
        "precision": 1.0,
        "recall": 0.8461538461538461,
        "f1-score": 0.9166666666666666,
        "support": 13
    },
    "speaker": {
        "precision": 0.4,
        "recall": 0.19047619047619047,
        "f1-score": 0.25806451612903225,
        "support": 21
    },
    "stapler": {
        "precision": 0.36,
        "recall": 0.5625,
        "f1-score": 0.43902439024390244,
        "support": 16
    },
    "tape_dispenser": {
        "precision": 0.8666666666666667,
        "recall": 0.7647058823529411,
        "f1-score": 0.8125,
        "support": 17
    },
    "trash_can": {
        "precision": 0.36363636363636365,
        "recall": 0.4,
        "f1-score": 0.380952380952381,
        "support": 10
    },
    "accuracy": 0.6297376093294461,
    "macro avg": {
        "precision": 0.6600126359209549,
        "recall": 0.6959861393198056,
        "f1-score": 0.6438035019997583,
        "support": 343
    },
    "weighted avg": {
        "precision": 0.6959243678167262,
        "recall": 0.6297376093294461,
        "f1-score": 0.6205220624068412,
        "support": 343
    }
}