{
    "back_pack": {
        "precision": 0.8421052631578947,
        "recall": 0.9195402298850575,
        "f1-score": 0.879120879120879,
        "support": 87
    },
    "bike": {
        "precision": 0.875,
        "recall": 1.0,
        "f1-score": 0.9333333333333333,
        "support": 77
    },
    "bike_helmet": {
        "precision": 0.8,
        "recall": 0.835820895522388,
        "f1-score": 0.8175182481751825,
        "support": 67
    },
    "bookcase": {
        "precision": 0.686046511627907,
        "recall": 0.7662337662337663,
        "f1-score": 0.7239263803680982,
        "support": 77
    },
    "bottle": {
        "precision": 0.4444444444444444,
        "recall": 0.5161290322580645,
        "f1-score": 0.4776119402985074,
        "support": 31
    },
    "calculator": {
        "precision": 0.6311475409836066,
        "recall": 0.8651685393258427,
        "f1-score": 0.7298578199052134,
        "support": 89
    },
    "desk_chair": {
        "precision": 0.7378640776699029,
        "recall": 0.8837209302325582,
        "f1-score": 0.8042328042328043,
        "support": 86
    },
    "desk_lamp": {
        "precision": 0.6538461538461539,
        "recall": 0.3695652173913043,
        "f1-score": 0.4722222222222222,
        "support": 92
    },
    "desktop_computer": {
        "precision": 0.39473684210526316,
        "recall": 0.32608695652173914,
        "f1-score": 0.35714285714285715,
        "support": 92
    },
    "file_cabinet": {
        "precision": 0.4215686274509804,
        "recall": 0.5657894736842105,
        "f1-score": 0.48314606741573035,
        "support": 76
    },
    "headphones": {
        "precision": 0.7105263157894737,
        "recall": 0.8617021276595744,
        "f1-score": 0.7788461538461537,
        "support": 94
    },
    "keyboard": {
        "precision": 0.8350515463917526,
        "recall": 0.8526315789473684,
        "f1-score": 0.84375,
        "support": 95
    },
    "laptop_computer": {
        "precision": 0.6916666666666667,
        "recall": 0.8736842105263158,
        "f1-score": 0.772093023255814,
        "support": 95
    },
    "letter_tray": {
        "precision": 0.8208955223880597,
        "recall": 0.5913978494623656,
        "f1-score": 0.6875,
        "support": 93
    },
    "mobile_phone": {
        "precision": 0.6941176470588235,
        "recall": 0.6210526315789474,
        "f1-score": 0.6555555555555557,
        "support": 95
    },
    "monitor": {
        "precision": 0.82,
        "recall": 0.8723404255319149,
        "f1-score": 0.8453608247422681,
        "support": 94
    },
    "mouse": {
        "precision": 0.6545454545454545,
        "recall": 0.7578947368421053,
        "f1-score": 0.702439024390244,
        "support": 95
    },
    "mug": {
        "precision": 0.8,
        "recall": 0.6292134831460674,
        "f1-score": 0.7044025157232705,
        "support": 89
    },
    "paper_notebook": {
        "precision": 0.44366197183098594,
        "recall": 0.6923076923076923,
        "f1-score": 0.5407725321888412,
        "support": 91
    },
    "pen": {
        "precision": 0.4864864864864865,
        "recall": 0.4,
        "f1-score": 0.43902439024390244,
        "support": 90
    },
    "phone": {
        "precision": 0.9583333333333334,
        "recall": 0.5227272727272727,
        "f1-score": 0.6764705882352942,
        "support": 88
    },
    "printer": {
        "precision": 0.7349397590361446,
        "recall": 0.6421052631578947,
        "f1-score": 0.6853932584269663,
        "support": 95
    },
    "projector": {
        "precision": 0.568,
        "recall": 0.7634408602150538,
        "f1-score": 0.6513761467889908,
        "support": 93
    },
    "punchers": {
        "precision": 0.5,
        "recall": 0.21505376344086022,
        "f1-score": 0.3007518796992481,
        "support": 93
    },
    "ring_binder": {
        "precision": 0.2833333333333333,
        "recall": 0.4,
        "f1-score": 0.33170731707317075,
        "support": 85
    },
    "ruler": {
        "precision": 0.5308641975308642,
        "recall": 0.6142857142857143,
        "f1-score": 0.5695364238410596,
        "support": 70
    },
    "scissors": {
        "precision": 0.5166666666666667,
        "recall": 0.3263157894736842,
        "f1-score": 0.4,
        "support": 95
    },
    "speaker": {
        "precision": 0.7727272727272727,
        "recall": 0.18085106382978725,
        "f1-score": 0.2931034482758621,
        "support": 94
    },
    "stapler": {
        "precision": 0.3790322580645161,
        "recall": 0.5,
        "f1-score": 0.43119266055045874,
        "support": 94
    },
    "tape_dispenser": {
        "precision": 0.43333333333333335,
        "recall": 0.42857142857142855,
        "f1-score": 0.430939226519337,
        "support": 91
    },
    "trash_can": {
        "precision": 0.38333333333333336,
        "recall": 0.3898305084745763,
        "f1-score": 0.3865546218487395,
        "support": 59
    },
    "accuracy": 0.6190833959429001,
    "macro avg": {
        "precision": 0.6291701470904082,
        "recall": 0.6188213368139857,
        "f1-score": 0.6066091014006453,
        "support": 2662
    },
    "weighted avg": {
        "precision": 0.6355480775426382,
        "recall": 0.6190833959429001,
        "f1-score": 0.6088333908523795,
        "support": 2662
    }
}