{
    "back_pack": {
        "precision": 0.8131868131868132,
        "recall": 0.8505747126436781,
        "f1-score": 0.8314606741573034,
        "support": 87
    },
    "bike": {
        "precision": 0.9342105263157895,
        "recall": 0.922077922077922,
        "f1-score": 0.9281045751633986,
        "support": 77
    },
    "bike_helmet": {
        "precision": 0.6363636363636364,
        "recall": 0.7313432835820896,
        "f1-score": 0.6805555555555556,
        "support": 67
    },
    "bookcase": {
        "precision": 0.5660377358490566,
        "recall": 0.7792207792207793,
        "f1-score": 0.6557377049180327,
        "support": 77
    },
    "bottle": {
        "precision": 0.5909090909090909,
        "recall": 0.41935483870967744,
        "f1-score": 0.4905660377358491,
        "support": 31
    },
    "calculator": {
        "precision": 0.44545454545454544,
        "recall": 0.550561797752809,
        "f1-score": 0.49246231155778897,
        "support": 89
    },
    "desk_chair": {
        "precision": 0.7938144329896907,
        "recall": 0.8953488372093024,
        "f1-score": 0.8415300546448087,
        "support": 86
    },
    "desk_lamp": {
        "precision": 0.9583333333333334,
        "recall": 0.25,
        "f1-score": 0.396551724137931,
        "support": 92
    },
    "desktop_computer": {
        "precision": 0.373134328358209,
        "recall": 0.2717391304347826,
        "f1-score": 0.3144654088050314,
        "support": 92
    },
    "file_cabinet": {
        "precision": 0.46153846153846156,
        "recall": 0.47368421052631576,
        "f1-score": 0.4675324675324675,
        "support": 76
    },
    "headphones": {
        "precision": 0.8295454545454546,
        "recall": 0.776595744680851,
        "f1-score": 0.8021978021978021,
        "support": 94
    },
    "keyboard": {
        "precision": 0.5,
        "recall": 0.7368421052631579,
        "f1-score": 0.5957446808510638,
        "support": 95
    },
    "laptop_computer": {
        "precision": 0.6290322580645161,
        "recall": 0.8210526315789474,
        "f1-score": 0.7123287671232877,
        "support": 95
    },
    "letter_tray": {
        "precision": 0.875,
        "recall": 0.3763440860215054,
        "f1-score": 0.5263157894736842,
        "support": 93
    },
    "mobile_phone": {
        "precision": 0.4166666666666667,
        "recall": 0.9473684210526315,
        "f1-score": 0.5787781350482316,
        "support": 95
    },
    "monitor": {
        "precision": 0.9166666666666666,
        "recall": 0.7021276595744681,
        "f1-score": 0.7951807228915662,
        "support": 94
    },
    "mouse": {
        "precision": 0.4,
        "recall": 0.8210526315789474,
        "f1-score": 0.5379310344827586,
        "support": 95
    },
    "mug": {
        "precision": 0.7051282051282052,
        "recall": 0.6179775280898876,
        "f1-score": 0.6586826347305389,
        "support": 89
    },
    "paper_notebook": {
        "precision": 0.4927536231884058,
        "recall": 0.37362637362637363,
        "f1-score": 0.42500000000000004,
        "support": 91
    },
    "pen": {
        "precision": 0.28865979381443296,
        "recall": 0.3111111111111111,
        "f1-score": 0.29946524064171126,
        "support": 90
    },
    "phone": {
        "precision": 0.4069767441860465,
        "recall": 0.3977272727272727,
        "f1-score": 0.4022988505747126,
        "support": 88
    },
    "printer": {
        "precision": 0.4513888888888889,
        "recall": 0.6842105263157895,
        "f1-score": 0.5439330543933054,
        "support": 95
    },
    "projector": {
        "precision": 0.48175182481751827,
        "recall": 0.7096774193548387,
        "f1-score": 0.5739130434782609,
        "support": 93
    },
    "punchers": {
        "precision": 0.37777777777777777,
        "recall": 0.1827956989247312,
        "f1-score": 0.24637681159420288,
        "support": 93
    },
    "ring_binder": {
        "precision": 0.6285714285714286,
        "recall": 0.25882352941176473,
        "f1-score": 0.3666666666666667,
        "support": 85
    },
    "ruler": {
        "precision": 0.5072463768115942,
        "recall": 0.5,
        "f1-score": 0.5035971223021583,
        "support": 70
    },
    "scissors": {
        "precision": 0.12371134020618557,
        "recall": 0.12631578947368421,
        "f1-score": 0.125,
        "support": 95
    },
    "speaker": {
        "precision": 0.5833333333333334,
        "recall": 0.5212765957446809,
        "f1-score": 0.5505617977528091,
        "support": 94
    },
    "stapler": {
        "precision": 0.35294117647058826,
        "recall": 0.1276595744680851,
        "f1-score": 0.18749999999999997,
        "support": 94
    },
    "tape_dispenser": {
        "precision": 0.7142857142857143,
        "recall": 0.10989010989010989,
        "f1-score": 0.1904761904761905,
        "support": 91
    },
    "trash_can": {
        "precision": 0.42,
        "recall": 0.3559322033898305,
        "f1-score": 0.3853211009174312,
        "support": 59
    },
    "accuracy": 0.5364387678437266,
    "macro avg": {
        "precision": 0.5701425863781305,
        "recall": 0.5355584685301944,
        "f1-score": 0.5195559987033725,
        "support": 2662
    },
    "weighted avg": {
        "precision": 0.5686526734776778,
        "recall": 0.5364387678437266,
        "f1-score": 0.5172993427634336,
        "support": 2662
    }
}