{
    "back_pack": {
        "precision": 0.7934782608695652,
        "recall": 0.8390804597701149,
        "f1-score": 0.8156424581005586,
        "support": 87
    },
    "bike": {
        "precision": 0.8085106382978723,
        "recall": 0.987012987012987,
        "f1-score": 0.8888888888888888,
        "support": 77
    },
    "bike_helmet": {
        "precision": 0.7361111111111112,
        "recall": 0.7910447761194029,
        "f1-score": 0.7625899280575541,
        "support": 67
    },
    "bookcase": {
        "precision": 0.7142857142857143,
        "recall": 0.7792207792207793,
        "f1-score": 0.7453416149068324,
        "support": 77
    },
    "bottle": {
        "precision": 0.43243243243243246,
        "recall": 0.5161290322580645,
        "f1-score": 0.47058823529411764,
        "support": 31
    },
    "calculator": {
        "precision": 0.4166666666666667,
        "recall": 0.5617977528089888,
        "f1-score": 0.4784688995215311,
        "support": 89
    },
    "desk_chair": {
        "precision": 0.8295454545454546,
        "recall": 0.8488372093023255,
        "f1-score": 0.839080459770115,
        "support": 86
    },
    "desk_lamp": {
        "precision": 0.8181818181818182,
        "recall": 0.1956521739130435,
        "f1-score": 0.3157894736842105,
        "support": 92
    },
    "desktop_computer": {
        "precision": 0.7894736842105263,
        "recall": 0.16304347826086957,
        "f1-score": 0.27027027027027023,
        "support": 92
    },
    "file_cabinet": {
        "precision": 0.4578313253012048,
        "recall": 0.5,
        "f1-score": 0.4779874213836478,
        "support": 76
    },
    "headphones": {
        "precision": 0.8875,
        "recall": 0.7553191489361702,
        "f1-score": 0.8160919540229885,
        "support": 94
    },
    "keyboard": {
        "precision": 0.7613636363636364,
        "recall": 0.7052631578947368,
        "f1-score": 0.7322404371584699,
        "support": 95
    },
    "laptop_computer": {
        "precision": 0.5847457627118644,
        "recall": 0.7263157894736842,
        "f1-score": 0.647887323943662,
        "support": 95
    },
    "letter_tray": {
        "precision": 0.7222222222222222,
        "recall": 0.27956989247311825,
        "f1-score": 0.40310077519379844,
        "support": 93
    },
    "mobile_phone": {
        "precision": 0.6216216216216216,
        "recall": 0.968421052631579,
        "f1-score": 0.757201646090535,
        "support": 95
    },
    "monitor": {
        "precision": 0.6475409836065574,
        "recall": 0.8404255319148937,
        "f1-score": 0.7314814814814816,
        "support": 94
    },
    "mouse": {
        "precision": 0.5474452554744526,
        "recall": 0.7894736842105263,
        "f1-score": 0.6465517241379309,
        "support": 95
    },
    "mug": {
        "precision": 0.8771929824561403,
        "recall": 0.5617977528089888,
        "f1-score": 0.684931506849315,
        "support": 89
    },
    "paper_notebook": {
        "precision": 0.46788990825688076,
        "recall": 0.5604395604395604,
        "f1-score": 0.51,
        "support": 91
    },
    "pen": {
        "precision": 0.3090909090909091,
        "recall": 0.37777777777777777,
        "f1-score": 0.33999999999999997,
        "support": 90
    },
    "phone": {
        "precision": 0.7222222222222222,
        "recall": 0.29545454545454547,
        "f1-score": 0.41935483870967744,
        "support": 88
    },
    "printer": {
        "precision": 0.8095238095238095,
        "recall": 0.5368421052631579,
        "f1-score": 0.6455696202531644,
        "support": 95
    },
    "projector": {
        "precision": 0.5555555555555556,
        "recall": 0.6451612903225806,
        "f1-score": 0.5970149253731343,
        "support": 93
    },
    "punchers": {
        "precision": 0.42105263157894735,
        "recall": 0.08602150537634409,
        "f1-score": 0.14285714285714285,
        "support": 93
    },
    "ring_binder": {
        "precision": 0.3220338983050847,
        "recall": 0.6705882352941176,
        "f1-score": 0.4351145038167939,
        "support": 85
    },
    "ruler": {
        "precision": 0.4725274725274725,
        "recall": 0.6142857142857143,
        "f1-score": 0.5341614906832297,
        "support": 70
    },
    "scissors": {
        "precision": 0.35443037974683544,
        "recall": 0.29473684210526313,
        "f1-score": 0.32183908045977017,
        "support": 95
    },
    "speaker": {
        "precision": 0.6571428571428571,
        "recall": 0.24468085106382978,
        "f1-score": 0.3565891472868217,
        "support": 94
    },
    "stapler": {
        "precision": 0.252,
        "recall": 0.6702127659574468,
        "f1-score": 0.3662790697674419,
        "support": 94
    },
    "tape_dispenser": {
        "precision": 0.5263157894736842,
        "recall": 0.21978021978021978,
        "f1-score": 0.31007751937984496,
        "support": 91
    },
    "trash_can": {
        "precision": 0.38,
        "recall": 0.3220338983050847,
        "f1-score": 0.3486238532110092,
        "support": 59
    },
    "accuracy": 0.5574755822689706,
    "macro avg": {
        "precision": 0.6030946775413908,
        "recall": 0.5595619345301907,
        "f1-score": 0.5423101835662562,
        "support": 2662
    },
    "weighted avg": {
        "precision": 0.6086344275424379,
        "recall": 0.5574755822689706,
        "f1-score": 0.541544758716008,
        "support": 2662
    }
}