{
    "back_pack": {
        "precision": 0.6486486486486487,
        "recall": 1.0,
        "f1-score": 0.7868852459016393,
        "support": 24
    },
    "bike": {
        "precision": 1.0,
        "recall": 1.0,
        "f1-score": 1.0,
        "support": 16
    },
    "bike_helmet": {
        "precision": 0.95,
        "recall": 0.8260869565217391,
        "f1-score": 0.8837209302325583,
        "support": 23
    },
    "bookcase": {
        "precision": 1.0,
        "recall": 0.7142857142857143,
        "f1-score": 0.8333333333333333,
        "support": 7
    },
    "bottle": {
        "precision": 1.0,
        "recall": 1.0,
        "f1-score": 1.0,
        "support": 11
    },
    "calculator": {
        "precision": 0.9130434782608695,
        "recall": 0.8076923076923077,
        "f1-score": 0.8571428571428572,
        "support": 26
    },
    "desk_chair": {
        "precision": 0.9714285714285714,
        "recall": 0.9714285714285714,
        "f1-score": 0.9714285714285714,
        "support": 35
    },
    "desk_lamp": {
        "precision": 0.7058823529411765,
        "recall": 0.9230769230769231,
        "f1-score": 0.8000000000000002,
        "support": 13
    },
    "desktop_computer": {
        "precision": 0.6666666666666666,
        "recall": 0.625,
        "f1-score": 0.6451612903225806,
        "support": 16
    },
    "file_cabinet": {
        "precision": 0.9230769230769231,
        "recall": 0.8571428571428571,
        "f1-score": 0.888888888888889,
        "support": 14
    },
    "headphones": {
        "precision": 0.95,
        "recall": 0.8636363636363636,
        "f1-score": 0.9047619047619048,
        "support": 22
    },
    "keyboard": {
        "precision": 0.782608695652174,
        "recall": 0.8181818181818182,
        "f1-score": 0.8,
        "support": 22
    },
    "laptop_computer": {
        "precision": 0.85,
        "recall": 0.68,
        "f1-score": 0.7555555555555556,
        "support": 25
    },
    "letter_tray": {
        "precision": 0.7,
        "recall": 0.5,
        "f1-score": 0.5833333333333334,
        "support": 14
    },
    "mobile_phone": {
        "precision": 0.5294117647058824,
        "recall": 0.36,
        "f1-score": 0.42857142857142855,
        "support": 25
    },
    "monitor": {
        "precision": 0.868421052631579,
        "recall": 0.868421052631579,
        "f1-score": 0.868421052631579,
        "support": 38
    },
    "mouse": {
        "precision": 0.7222222222222222,
        "recall": 0.52,
        "f1-score": 0.6046511627906976,
        "support": 25
    },
    "mug": {
        "precision": 0.88,
        "recall": 1.0,
        "f1-score": 0.9361702127659575,
        "support": 22
    },
    "paper_notebook": {
        "precision": 0.7407407407407407,
        "recall": 0.8695652173913043,
        "f1-score": 0.7999999999999999,
        "support": 23
    },
    "pen": {
        "precision": 0.6470588235294118,
        "recall": 0.8148148148148148,
        "f1-score": 0.7213114754098361,
        "support": 27
    },
    "phone": {
        "precision": 0.7692307692307693,
        "recall": 0.9090909090909091,
        "f1-score": 0.8333333333333333,
        "support": 11
    },
    "printer": {
        "precision": 0.55,
        "recall": 0.7333333333333333,
        "f1-score": 0.6285714285714286,
        "support": 15
    },
    "projector": {
        "precision": 0.5238095238095238,
        "recall": 0.44,
        "f1-score": 0.4782608695652174,
        "support": 25
    },
    "punchers": {
        "precision": 0.8888888888888888,
        "recall": 0.36363636363636365,
        "f1-score": 0.5161290322580644,
        "support": 22
    },
    "ring_binder": {
        "precision": 0.7631578947368421,
        "recall": 0.8285714285714286,
        "f1-score": 0.7945205479452055,
        "support": 35
    },
    "ruler": {
        "precision": 0.3,
        "recall": 0.5,
        "f1-score": 0.37499999999999994,
        "support": 6
    },
    "scissors": {
        "precision": 1.0,
        "recall": 0.65,
        "f1-score": 0.787878787878788,
        "support": 20
    },
    "speaker": {
        "precision": 0.7916666666666666,
        "recall": 0.76,
        "f1-score": 0.7755102040816326,
        "support": 25
    },
    "stapler": {
        "precision": 0.46153846153846156,
        "recall": 0.3157894736842105,
        "f1-score": 0.37499999999999994,
        "support": 19
    },
    "tape_dispenser": {
        "precision": 0.38461538461538464,
        "recall": 0.8333333333333334,
        "f1-score": 0.5263157894736842,
        "support": 18
    },
    "trash_can": {
        "precision": 0.4375,
        "recall": 0.4375,
        "f1-score": 0.4375,
        "support": 16
    },
    "accuracy": 0.74375,
    "macro avg": {
        "precision": 0.7522457267739162,
        "recall": 0.7351802399501152,
        "f1-score": 0.7289470076186476,
        "support": 640
    },
    "weighted avg": {
        "precision": 0.7650087675270416,
        "recall": 0.74375,
        "f1-score": 0.7407308899362498,
        "support": 640
    }
}