{
    "back_pack": {
        "precision": 0.9230769230769231,
        "recall": 1.0,
        "f1-score": 0.9600000000000001,
        "support": 24
    },
    "bike": {
        "precision": 1.0,
        "recall": 1.0,
        "f1-score": 1.0,
        "support": 16
    },
    "bike_helmet": {
        "precision": 1.0,
        "recall": 0.9130434782608695,
        "f1-score": 0.9545454545454545,
        "support": 23
    },
    "bookcase": {
        "precision": 0.8,
        "recall": 0.5714285714285714,
        "f1-score": 0.6666666666666666,
        "support": 7
    },
    "bottle": {
        "precision": 0.7333333333333333,
        "recall": 1.0,
        "f1-score": 0.846153846153846,
        "support": 11
    },
    "calculator": {
        "precision": 0.8,
        "recall": 0.7692307692307693,
        "f1-score": 0.7843137254901961,
        "support": 26
    },
    "desk_chair": {
        "precision": 1.0,
        "recall": 0.9714285714285714,
        "f1-score": 0.9855072463768115,
        "support": 35
    },
    "desk_lamp": {
        "precision": 1.0,
        "recall": 0.9230769230769231,
        "f1-score": 0.9600000000000001,
        "support": 13
    },
    "desktop_computer": {
        "precision": 0.8,
        "recall": 0.25,
        "f1-score": 0.38095238095238093,
        "support": 16
    },
    "file_cabinet": {
        "precision": 0.7368421052631579,
        "recall": 1.0,
        "f1-score": 0.8484848484848484,
        "support": 14
    },
    "headphones": {
        "precision": 1.0,
        "recall": 1.0,
        "f1-score": 1.0,
        "support": 22
    },
    "keyboard": {
        "precision": 0.782608695652174,
        "recall": 0.8181818181818182,
        "f1-score": 0.8,
        "support": 22
    },
    "laptop_computer": {
        "precision": 1.0,
        "recall": 0.64,
        "f1-score": 0.7804878048780487,
        "support": 25
    },
    "letter_tray": {
        "precision": 0.6666666666666666,
        "recall": 0.5714285714285714,
        "f1-score": 0.6153846153846153,
        "support": 14
    },
    "mobile_phone": {
        "precision": 0.875,
        "recall": 0.28,
        "f1-score": 0.42424242424242425,
        "support": 25
    },
    "monitor": {
        "precision": 0.972972972972973,
        "recall": 0.9473684210526315,
        "f1-score": 0.9599999999999999,
        "support": 38
    },
    "mouse": {
        "precision": 0.875,
        "recall": 0.84,
        "f1-score": 0.8571428571428572,
        "support": 25
    },
    "mug": {
        "precision": 0.8148148148148148,
        "recall": 1.0,
        "f1-score": 0.8979591836734693,
        "support": 22
    },
    "paper_notebook": {
        "precision": 0.8214285714285714,
        "recall": 1.0,
        "f1-score": 0.9019607843137255,
        "support": 23
    },
    "pen": {
        "precision": 0.8620689655172413,
        "recall": 0.9259259259259259,
        "f1-score": 0.8928571428571429,
        "support": 27
    },
    "phone": {
        "precision": 0.9090909090909091,
        "recall": 0.9090909090909091,
        "f1-score": 0.9090909090909091,
        "support": 11
    },
    "printer": {
        "precision": 0.5,
        "recall": 0.9333333333333333,
        "f1-score": 0.6511627906976745,
        "support": 15
    },
    "projector": {
        "precision": 0.5,
        "recall": 0.44,
        "f1-score": 0.46808510638297873,
        "support": 25
    },
    "punchers": {
        "precision": 0.55,
        "recall": 0.5,
        "f1-score": 0.5238095238095238,
        "support": 22
    },
    "ring_binder": {
        "precision": 0.85,
        "recall": 0.9714285714285714,
        "f1-score": 0.9066666666666667,
        "support": 35
    },
    "ruler": {
        "precision": 0.7142857142857143,
        "recall": 0.8333333333333334,
        "f1-score": 0.7692307692307692,
        "support": 6
    },
    "scissors": {
        "precision": 0.8571428571428571,
        "recall": 0.9,
        "f1-score": 0.8780487804878048,
        "support": 20
    },
    "speaker": {
        "precision": 0.72,
        "recall": 0.72,
        "f1-score": 0.72,
        "support": 25
    },
    "stapler": {
        "precision": 0.3888888888888889,
        "recall": 0.3684210526315789,
        "f1-score": 0.37837837837837834,
        "support": 19
    },
    "tape_dispenser": {
        "precision": 0.5172413793103449,
        "recall": 0.8333333333333334,
        "f1-score": 0.6382978723404256,
        "support": 18
    },
    "trash_can": {
        "precision": 0.6,
        "recall": 0.5625,
        "f1-score": 0.5806451612903225,
        "support": 16
    },
    "accuracy": 0.796875,
    "macro avg": {
        "precision": 0.7925955741111153,
        "recall": 0.7868565671988937,
        "f1-score": 0.7722604819205788,
        "support": 640
    },
    "weighted avg": {
        "precision": 0.8104413284181973,
        "recall": 0.796875,
        "f1-score": 0.7875458463629561,
        "support": 640
    }
}