{
    "0": {
        "precision": 0.9231426131511529,
        "recall": 0.9890210430009149,
        "f1-score": 0.954946996466431,
        "support": 1093
    },
    "1": {
        "precision": 0.9744292237442922,
        "recall": 0.9762122598353157,
        "f1-score": 0.9753199268738574,
        "support": 1093
    },
    "2": {
        "precision": 0.9520255863539445,
        "recall": 0.8170173833485819,
        "f1-score": 0.879369768586903,
        "support": 1093
    },
    "3": {
        "precision": 0.8817005545286506,
        "recall": 0.8728270814272644,
        "f1-score": 0.8772413793103448,
        "support": 1093
    },
    "4": {
        "precision": 0.9006439742410304,
        "recall": 0.8956999085086916,
        "f1-score": 0.898165137614679,
        "support": 1093
    },
    "5": {
        "precision": 0.8184165232358004,
        "recall": 0.8700823421774931,
        "f1-score": 0.8434589800443458,
        "support": 1093
    },
    "6": {
        "precision": 0.9102333931777379,
        "recall": 0.9277218664226898,
        "f1-score": 0.9188944268237426,
        "support": 1093
    },
    "7": {
        "precision": 0.8757154538021259,
        "recall": 0.979871912168344,
        "f1-score": 0.9248704663212436,
        "support": 1093
    },
    "8": {
        "precision": 0.9513145082765336,
        "recall": 0.8938700823421775,
        "f1-score": 0.9216981132075472,
        "support": 1093
    },
    "9": {
        "precision": 0.9204655674102813,
        "recall": 0.868252516010979,
        "f1-score": 0.8935969868173258,
        "support": 1093
    },
    "accuracy": 0.9090576395242452,
    "macro avg": {
        "precision": 0.9108087397921549,
        "recall": 0.9090576395242452,
        "f1-score": 0.9087562182066419,
        "support": 10930
    },
    "weighted avg": {
        "precision": 0.910808739792155,
        "recall": 0.9090576395242452,
        "f1-score": 0.908756218206642,
        "support": 10930
    }
}