{
    "0": {
        "precision": 0.9164535379369139,
        "recall": 0.9817351598173516,
        "f1-score": 0.9479717813051147,
        "support": 1095
    },
    "1": {
        "precision": 0.9665024630541872,
        "recall": 0.8958904109589041,
        "f1-score": 0.9298578199052132,
        "support": 1095
    },
    "2": {
        "precision": 0.8548094373865699,
        "recall": 0.8602739726027397,
        "f1-score": 0.8575329995448339,
        "support": 1095
    },
    "3": {
        "precision": 0.8669097538742023,
        "recall": 0.8684931506849315,
        "f1-score": 0.8677007299270072,
        "support": 1095
    },
    "4": {
        "precision": 0.8646684831970936,
        "recall": 0.869406392694064,
        "f1-score": 0.8670309653916212,
        "support": 1095
    },
    "5": {
        "precision": 0.7502206531332745,
        "recall": 0.776255707762557,
        "f1-score": 0.763016157989228,
        "support": 1095
    },
    "6": {
        "precision": 0.9236569274269557,
        "recall": 0.8949771689497716,
        "f1-score": 0.9090909090909091,
        "support": 1095
    },
    "7": {
        "precision": 0.8205980066445183,
        "recall": 0.902283105022831,
        "f1-score": 0.859504132231405,
        "support": 1095
    },
    "8": {
        "precision": 0.8097686375321337,
        "recall": 0.863013698630137,
        "f1-score": 0.8355437665782494,
        "support": 1095
    },
    "9": {
        "precision": 0.8773690078037905,
        "recall": 0.7187214611872146,
        "f1-score": 0.7901606425702812,
        "support": 1095
    },
    "accuracy": 0.8631050228310503,
    "macro avg": {
        "precision": 0.865095690798964,
        "recall": 0.8631050228310503,
        "f1-score": 0.8627409904533863,
        "support": 10950
    },
    "weighted avg": {
        "precision": 0.8650956907989638,
        "recall": 0.8631050228310503,
        "f1-score": 0.8627409904533864,
        "support": 10950
    }
}