{
    "back_pack": {
        "precision": 1.0,
        "recall": 1.0,
        "f1-score": 1.0,
        "support": 7
    },
    "bike": {
        "precision": 1.0,
        "recall": 1.0,
        "f1-score": 1.0,
        "support": 16
    },
    "bike_helmet": {
        "precision": 0.95,
        "recall": 1.0,
        "f1-score": 0.9743589743589743,
        "support": 19
    },
    "bookcase": {
        "precision": 0.875,
        "recall": 1.0,
        "f1-score": 0.9333333333333333,
        "support": 7
    },
    "bottle": {
        "precision": 1.0,
        "recall": 1.0,
        "f1-score": 1.0,
        "support": 11
    },
    "calculator": {
        "precision": 0.7,
        "recall": 1.0,
        "f1-score": 0.8235294117647058,
        "support": 7
    },
    "desk_chair": {
        "precision": 1.0,
        "recall": 1.0,
        "f1-score": 1.0,
        "support": 8
    },
    "desk_lamp": {
        "precision": 1.0,
        "recall": 0.6666666666666666,
        "f1-score": 0.8,
        "support": 9
    },
    "desktop_computer": {
        "precision": 1.0,
        "recall": 0.8,
        "f1-score": 0.888888888888889,
        "support": 10
    },
    "file_cabinet": {
        "precision": 0.9,
        "recall": 0.9,
        "f1-score": 0.9,
        "support": 10
    },
    "headphones": {
        "precision": 0.8888888888888888,
        "recall": 1.0,
        "f1-score": 0.9411764705882353,
        "support": 8
    },
    "keyboard": {
        "precision": 1.0,
        "recall": 1.0,
        "f1-score": 1.0,
        "support": 5
    },
    "laptop_computer": {
        "precision": 1.0,
        "recall": 0.9473684210526315,
        "f1-score": 0.972972972972973,
        "support": 19
    },
    "letter_tray": {
        "precision": 0.7272727272727273,
        "recall": 0.7272727272727273,
        "f1-score": 0.7272727272727273,
        "support": 11
    },
    "mobile_phone": {
        "precision": 1.0,
        "recall": 0.8076923076923077,
        "f1-score": 0.8936170212765957,
        "support": 26
    },
    "monitor": {
        "precision": 0.8947368421052632,
        "recall": 1.0,
        "f1-score": 0.9444444444444444,
        "support": 17
    },
    "mouse": {
        "precision": 0.75,
        "recall": 0.8571428571428571,
        "f1-score": 0.7999999999999999,
        "support": 7
    },
    "mug": {
        "precision": 0.6,
        "recall": 1.0,
        "f1-score": 0.7499999999999999,
        "support": 3
    },
    "paper_notebook": {
        "precision": 0.7142857142857143,
        "recall": 1.0,
        "f1-score": 0.8333333333333333,
        "support": 5
    },
    "pen": {
        "precision": 0.75,
        "recall": 0.6,
        "f1-score": 0.6666666666666665,
        "support": 5
    },
    "phone": {
        "precision": 1.0,
        "recall": 0.875,
        "f1-score": 0.9333333333333333,
        "support": 8
    },
    "printer": {
        "precision": 0.625,
        "recall": 1.0,
        "f1-score": 0.7692307692307693,
        "support": 10
    },
    "projector": {
        "precision": 0.8333333333333334,
        "recall": 0.5555555555555556,
        "f1-score": 0.6666666666666667,
        "support": 18
    },
    "punchers": {
        "precision": 1.0,
        "recall": 0.23076923076923078,
        "f1-score": 0.375,
        "support": 13
    },
    "ring_binder": {
        "precision": 0.75,
        "recall": 0.6,
        "f1-score": 0.6666666666666665,
        "support": 5
    },
    "ruler": {
        "precision": 0.3333333333333333,
        "recall": 0.5,
        "f1-score": 0.4,
        "support": 2
    },
    "scissors": {
        "precision": 0.8666666666666667,
        "recall": 1.0,
        "f1-score": 0.9285714285714286,
        "support": 13
    },
    "speaker": {
        "precision": 0.8181818181818182,
        "recall": 0.8571428571428571,
        "f1-score": 0.8372093023255814,
        "support": 21
    },
    "stapler": {
        "precision": 0.5217391304347826,
        "recall": 0.75,
        "f1-score": 0.6153846153846153,
        "support": 16
    },
    "tape_dispenser": {
        "precision": 0.7222222222222222,
        "recall": 0.7647058823529411,
        "f1-score": 0.7428571428571428,
        "support": 17
    },
    "trash_can": {
        "precision": 1.0,
        "recall": 0.9,
        "f1-score": 0.9473684210526316,
        "support": 10
    },
    "accuracy": 0.8483965014577259,
    "macro avg": {
        "precision": 0.8458277637653144,
        "recall": 0.8496553711499283,
        "f1-score": 0.8300607287416036,
        "support": 343
    },
    "weighted avg": {
        "precision": 0.8732035608694314,
        "recall": 0.8483965014577259,
        "f1-score": 0.8435095803940531,
        "support": 343
    }
}