{
    "back_pack": {
        "precision": 0.7,
        "recall": 1.0,
        "f1-score": 0.8235294117647058,
        "support": 7
    },
    "bike": {
        "precision": 0.8421052631578947,
        "recall": 1.0,
        "f1-score": 0.9142857142857143,
        "support": 16
    },
    "bike_helmet": {
        "precision": 0.8947368421052632,
        "recall": 0.8947368421052632,
        "f1-score": 0.8947368421052632,
        "support": 19
    },
    "bookcase": {
        "precision": 0.7,
        "recall": 1.0,
        "f1-score": 0.8235294117647058,
        "support": 7
    },
    "bottle": {
        "precision": 0.8461538461538461,
        "recall": 1.0,
        "f1-score": 0.9166666666666666,
        "support": 11
    },
    "calculator": {
        "precision": 0.875,
        "recall": 1.0,
        "f1-score": 0.9333333333333333,
        "support": 7
    },
    "desk_chair": {
        "precision": 0.8888888888888888,
        "recall": 1.0,
        "f1-score": 0.9411764705882353,
        "support": 8
    },
    "desk_lamp": {
        "precision": 0.7142857142857143,
        "recall": 0.5555555555555556,
        "f1-score": 0.6250000000000001,
        "support": 9
    },
    "desktop_computer": {
        "precision": 0.3333333333333333,
        "recall": 0.5,
        "f1-score": 0.4,
        "support": 10
    },
    "file_cabinet": {
        "precision": 0.5,
        "recall": 0.6,
        "f1-score": 0.5454545454545454,
        "support": 10
    },
    "headphones": {
        "precision": 1.0,
        "recall": 0.375,
        "f1-score": 0.5454545454545454,
        "support": 8
    },
    "keyboard": {
        "precision": 0.8333333333333334,
        "recall": 1.0,
        "f1-score": 0.9090909090909091,
        "support": 5
    },
    "laptop_computer": {
        "precision": 0.9375,
        "recall": 0.7894736842105263,
        "f1-score": 0.8571428571428572,
        "support": 19
    },
    "letter_tray": {
        "precision": 0.42857142857142855,
        "recall": 0.5454545454545454,
        "f1-score": 0.4799999999999999,
        "support": 11
    },
    "mobile_phone": {
        "precision": 0.6923076923076923,
        "recall": 0.34615384615384615,
        "f1-score": 0.46153846153846156,
        "support": 26
    },
    "monitor": {
        "precision": 1.0,
        "recall": 0.9411764705882353,
        "f1-score": 0.9696969696969697,
        "support": 17
    },
    "mouse": {
        "precision": 0.125,
        "recall": 0.14285714285714285,
        "f1-score": 0.13333333333333333,
        "support": 7
    },
    "mug": {
        "precision": 0.3333333333333333,
        "recall": 0.6666666666666666,
        "f1-score": 0.4444444444444444,
        "support": 3
    },
    "paper_notebook": {
        "precision": 0.5555555555555556,
        "recall": 1.0,
        "f1-score": 0.7142857142857143,
        "support": 5
    },
    "pen": {
        "precision": 0.8,
        "recall": 0.8,
        "f1-score": 0.8000000000000002,
        "support": 5
    },
    "phone": {
        "precision": 1.0,
        "recall": 0.625,
        "f1-score": 0.7692307692307693,
        "support": 8
    },
    "printer": {
        "precision": 0.4375,
        "recall": 0.7,
        "f1-score": 0.5384615384615384,
        "support": 10
    },
    "projector": {
        "precision": 0.6470588235294118,
        "recall": 0.6111111111111112,
        "f1-score": 0.6285714285714287,
        "support": 18
    },
    "punchers": {
        "precision": 0.4,
        "recall": 0.6153846153846154,
        "f1-score": 0.4848484848484849,
        "support": 13
    },
    "ring_binder": {
        "precision": 0.8,
        "recall": 0.8,
        "f1-score": 0.8000000000000002,
        "support": 5
    },
    "ruler": {
        "precision": 0.6666666666666666,
        "recall": 1.0,
        "f1-score": 0.8,
        "support": 2
    },
    "scissors": {
        "precision": 1.0,
        "recall": 0.6923076923076923,
        "f1-score": 0.8181818181818181,
        "support": 13
    },
    "speaker": {
        "precision": 0.8,
        "recall": 0.38095238095238093,
        "f1-score": 0.5161290322580645,
        "support": 21
    },
    "stapler": {
        "precision": 0.375,
        "recall": 0.375,
        "f1-score": 0.375,
        "support": 16
    },
    "tape_dispenser": {
        "precision": 0.7142857142857143,
        "recall": 0.5882352941176471,
        "f1-score": 0.6451612903225806,
        "support": 17
    },
    "trash_can": {
        "precision": 0.6,
        "recall": 0.6,
        "f1-score": 0.6,
        "support": 10
    },
    "accuracy": 0.673469387755102,
    "macro avg": {
        "precision": 0.6916327882421962,
        "recall": 0.7143569628214591,
        "f1-score": 0.6809123868653255,
        "support": 343
    },
    "weighted avg": {
        "precision": 0.7126060403780892,
        "recall": 0.673469387755102,
        "f1-score": 0.6716616583148357,
        "support": 343
    }
}