{
    "back_pack": {
        "precision": 0.8214285714285714,
        "recall": 0.7931034482758621,
        "f1-score": 0.8070175438596492,
        "support": 87
    },
    "bike": {
        "precision": 0.8260869565217391,
        "recall": 0.987012987012987,
        "f1-score": 0.8994082840236687,
        "support": 77
    },
    "bike_helmet": {
        "precision": 0.5957446808510638,
        "recall": 0.835820895522388,
        "f1-score": 0.6956521739130435,
        "support": 67
    },
    "bookcase": {
        "precision": 0.4304635761589404,
        "recall": 0.8441558441558441,
        "f1-score": 0.5701754385964912,
        "support": 77
    },
    "bottle": {
        "precision": 0.42857142857142855,
        "recall": 0.5806451612903226,
        "f1-score": 0.4931506849315069,
        "support": 31
    },
    "calculator": {
        "precision": 0.8157894736842105,
        "recall": 0.6966292134831461,
        "f1-score": 0.7515151515151515,
        "support": 89
    },
    "desk_chair": {
        "precision": 0.8292682926829268,
        "recall": 0.7906976744186046,
        "f1-score": 0.8095238095238095,
        "support": 86
    },
    "desk_lamp": {
        "precision": 0.9130434782608695,
        "recall": 0.22826086956521738,
        "f1-score": 0.36521739130434777,
        "support": 92
    },
    "desktop_computer": {
        "precision": 0.4647887323943662,
        "recall": 0.358695652173913,
        "f1-score": 0.4049079754601227,
        "support": 92
    },
    "file_cabinet": {
        "precision": 0.21323529411764705,
        "recall": 0.3815789473684211,
        "f1-score": 0.27358490566037735,
        "support": 76
    },
    "headphones": {
        "precision": 0.8850574712643678,
        "recall": 0.8191489361702128,
        "f1-score": 0.850828729281768,
        "support": 94
    },
    "keyboard": {
        "precision": 0.574468085106383,
        "recall": 0.8526315789473684,
        "f1-score": 0.6864406779661018,
        "support": 95
    },
    "laptop_computer": {
        "precision": 0.5348837209302325,
        "recall": 0.4842105263157895,
        "f1-score": 0.5082872928176795,
        "support": 95
    },
    "letter_tray": {
        "precision": 0.6071428571428571,
        "recall": 0.5483870967741935,
        "f1-score": 0.5762711864406779,
        "support": 93
    },
    "mobile_phone": {
        "precision": 0.7788461538461539,
        "recall": 0.8526315789473684,
        "f1-score": 0.814070351758794,
        "support": 95
    },
    "monitor": {
        "precision": 0.7981651376146789,
        "recall": 0.925531914893617,
        "f1-score": 0.8571428571428571,
        "support": 94
    },
    "mouse": {
        "precision": 0.4166666666666667,
        "recall": 0.47368421052631576,
        "f1-score": 0.4433497536945813,
        "support": 95
    },
    "mug": {
        "precision": 0.8225806451612904,
        "recall": 0.5730337078651685,
        "f1-score": 0.6754966887417219,
        "support": 89
    },
    "paper_notebook": {
        "precision": 0.42857142857142855,
        "recall": 0.5934065934065934,
        "f1-score": 0.4976958525345623,
        "support": 91
    },
    "pen": {
        "precision": 0.5882352941176471,
        "recall": 0.4444444444444444,
        "f1-score": 0.5063291139240507,
        "support": 90
    },
    "phone": {
        "precision": 0.6309523809523809,
        "recall": 0.6022727272727273,
        "f1-score": 0.6162790697674418,
        "support": 88
    },
    "printer": {
        "precision": 0.5701754385964912,
        "recall": 0.6842105263157895,
        "f1-score": 0.6220095693779903,
        "support": 95
    },
    "projector": {
        "precision": 0.5727272727272728,
        "recall": 0.6774193548387096,
        "f1-score": 0.6206896551724138,
        "support": 93
    },
    "punchers": {
        "precision": 0.1411764705882353,
        "recall": 0.12903225806451613,
        "f1-score": 0.1348314606741573,
        "support": 93
    },
    "ring_binder": {
        "precision": 0.4222222222222222,
        "recall": 0.4470588235294118,
        "f1-score": 0.43428571428571433,
        "support": 85
    },
    "ruler": {
        "precision": 0.4931506849315068,
        "recall": 0.5142857142857142,
        "f1-score": 0.5034965034965034,
        "support": 70
    },
    "scissors": {
        "precision": 0.37373737373737376,
        "recall": 0.3894736842105263,
        "f1-score": 0.38144329896907214,
        "support": 95
    },
    "speaker": {
        "precision": 0.4084507042253521,
        "recall": 0.30851063829787234,
        "f1-score": 0.35151515151515156,
        "support": 94
    },
    "stapler": {
        "precision": 0.4426229508196721,
        "recall": 0.2872340425531915,
        "f1-score": 0.3483870967741936,
        "support": 94
    },
    "tape_dispenser": {
        "precision": 0.5,
        "recall": 0.07692307692307693,
        "f1-score": 0.13333333333333336,
        "support": 91
    },
    "trash_can": {
        "precision": 0.5142857142857142,
        "recall": 0.3050847457627119,
        "f1-score": 0.38297872340425526,
        "support": 59
    },
    "accuracy": 0.5616078136739294,
    "macro avg": {
        "precision": 0.5755657792961191,
        "recall": 0.5640392539874847,
        "f1-score": 0.5488811432213287,
        "support": 2662
    },
    "weighted avg": {
        "precision": 0.5803719246549178,
        "recall": 0.5616078136739294,
        "f1-score": 0.549959226925214,
        "support": 2662
    }
}