{
    "back_pack": {
        "precision": 0.7916666666666666,
        "recall": 0.8735632183908046,
        "f1-score": 0.8306010928961748,
        "support": 87
    },
    "bike": {
        "precision": 0.9722222222222222,
        "recall": 0.9090909090909091,
        "f1-score": 0.9395973154362416,
        "support": 77
    },
    "bike_helmet": {
        "precision": 0.7808219178082192,
        "recall": 0.8507462686567164,
        "f1-score": 0.8142857142857143,
        "support": 67
    },
    "bookcase": {
        "precision": 0.4370860927152318,
        "recall": 0.8571428571428571,
        "f1-score": 0.5789473684210527,
        "support": 77
    },
    "bottle": {
        "precision": 0.23809523809523808,
        "recall": 0.4838709677419355,
        "f1-score": 0.3191489361702127,
        "support": 31
    },
    "calculator": {
        "precision": 0.6695652173913044,
        "recall": 0.8651685393258427,
        "f1-score": 0.7549019607843138,
        "support": 89
    },
    "desk_chair": {
        "precision": 0.7708333333333334,
        "recall": 0.8604651162790697,
        "f1-score": 0.8131868131868132,
        "support": 86
    },
    "desk_lamp": {
        "precision": 0.7586206896551724,
        "recall": 0.4782608695652174,
        "f1-score": 0.5866666666666667,
        "support": 92
    },
    "desktop_computer": {
        "precision": 0.09876543209876543,
        "recall": 0.08695652173913043,
        "f1-score": 0.09248554913294799,
        "support": 92
    },
    "file_cabinet": {
        "precision": 0.5535714285714286,
        "recall": 0.40789473684210525,
        "f1-score": 0.46969696969696967,
        "support": 76
    },
    "headphones": {
        "precision": 0.7830188679245284,
        "recall": 0.8829787234042553,
        "f1-score": 0.8300000000000001,
        "support": 94
    },
    "keyboard": {
        "precision": 0.8767123287671232,
        "recall": 0.6736842105263158,
        "f1-score": 0.7619047619047619,
        "support": 95
    },
    "laptop_computer": {
        "precision": 0.6857142857142857,
        "recall": 0.7578947368421053,
        "f1-score": 0.7200000000000001,
        "support": 95
    },
    "letter_tray": {
        "precision": 0.4444444444444444,
        "recall": 0.6021505376344086,
        "f1-score": 0.5114155251141552,
        "support": 93
    },
    "mobile_phone": {
        "precision": 0.7727272727272727,
        "recall": 0.7157894736842105,
        "f1-score": 0.7431693989071039,
        "support": 95
    },
    "monitor": {
        "precision": 0.7327586206896551,
        "recall": 0.9042553191489362,
        "f1-score": 0.8095238095238094,
        "support": 94
    },
    "mouse": {
        "precision": 0.6869565217391305,
        "recall": 0.8315789473684211,
        "f1-score": 0.7523809523809524,
        "support": 95
    },
    "mug": {
        "precision": 0.92,
        "recall": 0.5168539325842697,
        "f1-score": 0.6618705035971224,
        "support": 89
    },
    "paper_notebook": {
        "precision": 0.3087557603686636,
        "recall": 0.7362637362637363,
        "f1-score": 0.435064935064935,
        "support": 91
    },
    "pen": {
        "precision": 0.25146198830409355,
        "recall": 0.4777777777777778,
        "f1-score": 0.32950191570881227,
        "support": 90
    },
    "phone": {
        "precision": 0.7222222222222222,
        "recall": 0.5909090909090909,
        "f1-score": 0.65,
        "support": 88
    },
    "printer": {
        "precision": 0.8596491228070176,
        "recall": 0.5157894736842106,
        "f1-score": 0.6447368421052632,
        "support": 95
    },
    "projector": {
        "precision": 0.7808219178082192,
        "recall": 0.6129032258064516,
        "f1-score": 0.6867469879518072,
        "support": 93
    },
    "punchers": {
        "precision": 0.21518987341772153,
        "recall": 0.1827956989247312,
        "f1-score": 0.19767441860465118,
        "support": 93
    },
    "ring_binder": {
        "precision": 0.42857142857142855,
        "recall": 0.21176470588235294,
        "f1-score": 0.28346456692913385,
        "support": 85
    },
    "ruler": {
        "precision": 0.6290322580645161,
        "recall": 0.5571428571428572,
        "f1-score": 0.5909090909090908,
        "support": 70
    },
    "scissors": {
        "precision": 0.5757575757575758,
        "recall": 0.2,
        "f1-score": 0.296875,
        "support": 95
    },
    "speaker": {
        "precision": 0.631578947368421,
        "recall": 0.1276595744680851,
        "f1-score": 0.21238938053097342,
        "support": 94
    },
    "stapler": {
        "precision": 0.6730769230769231,
        "recall": 0.3723404255319149,
        "f1-score": 0.4794520547945206,
        "support": 94
    },
    "tape_dispenser": {
        "precision": 0.4722222222222222,
        "recall": 0.18681318681318682,
        "f1-score": 0.2677165354330709,
        "support": 91
    },
    "trash_can": {
        "precision": 0.22935779816513763,
        "recall": 0.423728813559322,
        "f1-score": 0.2976190476190476,
        "support": 59
    },
    "accuracy": 0.5713749060856499,
    "macro avg": {
        "precision": 0.604879955442522,
        "recall": 0.5727172404106847,
        "f1-score": 0.5600623907663328,
        "support": 2662
    },
    "weighted avg": {
        "precision": 0.6159271394807347,
        "recall": 0.5713749060856499,
        "f1-score": 0.5645925046723193,
        "support": 2662
    }
}