{
    "back_pack": {
        "precision": 1.0,
        "recall": 1.0,
        "f1-score": 1.0,
        "support": 9
    },
    "bike": {
        "precision": 1.0,
        "recall": 1.0,
        "f1-score": 1.0,
        "support": 18
    },
    "bike_helmet": {
        "precision": 0.9545454545454546,
        "recall": 1.0,
        "f1-score": 0.9767441860465117,
        "support": 21
    },
    "bookcase": {
        "precision": 0.9,
        "recall": 1.0,
        "f1-score": 0.9473684210526316,
        "support": 9
    },
    "bottle": {
        "precision": 1.0,
        "recall": 1.0,
        "f1-score": 1.0,
        "support": 13
    },
    "calculator": {
        "precision": 1.0,
        "recall": 1.0,
        "f1-score": 1.0,
        "support": 9
    },
    "desk_chair": {
        "precision": 1.0,
        "recall": 1.0,
        "f1-score": 1.0,
        "support": 10
    },
    "desk_lamp": {
        "precision": 0.6875,
        "recall": 1.0,
        "f1-score": 0.8148148148148148,
        "support": 11
    },
    "desktop_computer": {
        "precision": 0.5833333333333334,
        "recall": 0.5833333333333334,
        "f1-score": 0.5833333333333334,
        "support": 12
    },
    "file_cabinet": {
        "precision": 0.8,
        "recall": 1.0,
        "f1-score": 0.888888888888889,
        "support": 12
    },
    "headphones": {
        "precision": 0.8333333333333334,
        "recall": 1.0,
        "f1-score": 0.9090909090909091,
        "support": 10
    },
    "keyboard": {
        "precision": 1.0,
        "recall": 1.0,
        "f1-score": 1.0,
        "support": 7
    },
    "laptop_computer": {
        "precision": 1.0,
        "recall": 0.8095238095238095,
        "f1-score": 0.8947368421052632,
        "support": 21
    },
    "letter_tray": {
        "precision": 0.7333333333333333,
        "recall": 0.8461538461538461,
        "f1-score": 0.7857142857142856,
        "support": 13
    },
    "mobile_phone": {
        "precision": 0.9130434782608695,
        "recall": 0.75,
        "f1-score": 0.8235294117647057,
        "support": 28
    },
    "monitor": {
        "precision": 1.0,
        "recall": 0.6842105263157895,
        "f1-score": 0.8125000000000001,
        "support": 19
    },
    "mouse": {
        "precision": 0.8888888888888888,
        "recall": 0.8888888888888888,
        "f1-score": 0.8888888888888888,
        "support": 9
    },
    "mug": {
        "precision": 1.0,
        "recall": 0.8,
        "f1-score": 0.888888888888889,
        "support": 5
    },
    "paper_notebook": {
        "precision": 0.5833333333333334,
        "recall": 1.0,
        "f1-score": 0.7368421052631579,
        "support": 7
    },
    "pen": {
        "precision": 1.0,
        "recall": 0.42857142857142855,
        "f1-score": 0.6,
        "support": 7
    },
    "phone": {
        "precision": 1.0,
        "recall": 0.9,
        "f1-score": 0.9473684210526316,
        "support": 10
    },
    "printer": {
        "precision": 0.8181818181818182,
        "recall": 0.75,
        "f1-score": 0.7826086956521738,
        "support": 12
    },
    "projector": {
        "precision": 0.8,
        "recall": 0.4,
        "f1-score": 0.5333333333333333,
        "support": 20
    },
    "punchers": {
        "precision": 0.55,
        "recall": 0.7333333333333333,
        "f1-score": 0.6285714285714286,
        "support": 15
    },
    "ring_binder": {
        "precision": 0.5,
        "recall": 1.0,
        "f1-score": 0.6666666666666666,
        "support": 7
    },
    "ruler": {
        "precision": 0.5,
        "recall": 1.0,
        "f1-score": 0.6666666666666666,
        "support": 4
    },
    "scissors": {
        "precision": 1.0,
        "recall": 0.9333333333333333,
        "f1-score": 0.9655172413793104,
        "support": 15
    },
    "speaker": {
        "precision": 0.9090909090909091,
        "recall": 0.8695652173913043,
        "f1-score": 0.888888888888889,
        "support": 23
    },
    "stapler": {
        "precision": 0.5625,
        "recall": 0.5,
        "f1-score": 0.5294117647058824,
        "support": 18
    },
    "tape_dispenser": {
        "precision": 0.7272727272727273,
        "recall": 0.8421052631578947,
        "f1-score": 0.7804878048780488,
        "support": 19
    },
    "trash_can": {
        "precision": 1.0,
        "recall": 0.8333333333333334,
        "f1-score": 0.9090909090909091,
        "support": 12
    },
    "accuracy": 0.8320987654320988,
    "macro avg": {
        "precision": 0.8465921486959356,
        "recall": 0.8565274939785901,
        "f1-score": 0.8338694450560717,
        "support": 405
    },
    "weighted avg": {
        "precision": 0.857391670326453,
        "recall": 0.8320987654320988,
        "f1-score": 0.8309862680116576,
        "support": 405
    }
}