{
    "back_pack": {
        "precision": 0.875,
        "recall": 1.0,
        "f1-score": 0.9333333333333333,
        "support": 7
    },
    "bike": {
        "precision": 1.0,
        "recall": 1.0,
        "f1-score": 1.0,
        "support": 16
    },
    "bike_helmet": {
        "precision": 0.9444444444444444,
        "recall": 0.8947368421052632,
        "f1-score": 0.918918918918919,
        "support": 19
    },
    "bookcase": {
        "precision": 0.6666666666666666,
        "recall": 0.5714285714285714,
        "f1-score": 0.6153846153846153,
        "support": 7
    },
    "bottle": {
        "precision": 1.0,
        "recall": 1.0,
        "f1-score": 1.0,
        "support": 11
    },
    "calculator": {
        "precision": 1.0,
        "recall": 0.42857142857142855,
        "f1-score": 0.6,
        "support": 7
    },
    "desk_chair": {
        "precision": 1.0,
        "recall": 1.0,
        "f1-score": 1.0,
        "support": 8
    },
    "desk_lamp": {
        "precision": 1.0,
        "recall": 0.7777777777777778,
        "f1-score": 0.8750000000000001,
        "support": 9
    },
    "desktop_computer": {
        "precision": 0.5333333333333333,
        "recall": 0.8,
        "f1-score": 0.64,
        "support": 10
    },
    "file_cabinet": {
        "precision": 0.6666666666666666,
        "recall": 0.8,
        "f1-score": 0.7272727272727272,
        "support": 10
    },
    "headphones": {
        "precision": 0.8333333333333334,
        "recall": 0.625,
        "f1-score": 0.7142857142857143,
        "support": 8
    },
    "keyboard": {
        "precision": 0.5555555555555556,
        "recall": 1.0,
        "f1-score": 0.7142857142857143,
        "support": 5
    },
    "laptop_computer": {
        "precision": 0.9333333333333333,
        "recall": 0.7368421052631579,
        "f1-score": 0.8235294117647058,
        "support": 19
    },
    "letter_tray": {
        "precision": 0.6666666666666666,
        "recall": 0.5454545454545454,
        "f1-score": 0.6,
        "support": 11
    },
    "mobile_phone": {
        "precision": 0.9411764705882353,
        "recall": 0.6153846153846154,
        "f1-score": 0.744186046511628,
        "support": 26
    },
    "monitor": {
        "precision": 0.85,
        "recall": 1.0,
        "f1-score": 0.9189189189189189,
        "support": 17
    },
    "mouse": {
        "precision": 0.625,
        "recall": 0.7142857142857143,
        "f1-score": 0.6666666666666666,
        "support": 7
    },
    "mug": {
        "precision": 0.6,
        "recall": 1.0,
        "f1-score": 0.7499999999999999,
        "support": 3
    },
    "paper_notebook": {
        "precision": 0.625,
        "recall": 1.0,
        "f1-score": 0.7692307692307693,
        "support": 5
    },
    "pen": {
        "precision": 0.38461538461538464,
        "recall": 1.0,
        "f1-score": 0.5555555555555556,
        "support": 5
    },
    "phone": {
        "precision": 0.875,
        "recall": 0.875,
        "f1-score": 0.875,
        "support": 8
    },
    "printer": {
        "precision": 0.45454545454545453,
        "recall": 1.0,
        "f1-score": 0.625,
        "support": 10
    },
    "projector": {
        "precision": 0.8,
        "recall": 0.4444444444444444,
        "f1-score": 0.5714285714285714,
        "support": 18
    },
    "punchers": {
        "precision": 0.9,
        "recall": 0.6923076923076923,
        "f1-score": 0.7826086956521738,
        "support": 13
    },
    "ring_binder": {
        "precision": 0.6666666666666666,
        "recall": 0.4,
        "f1-score": 0.5,
        "support": 5
    },
    "ruler": {
        "precision": 0.0,
        "recall": 0.0,
        "f1-score": 0.0,
        "support": 2
    },
    "scissors": {
        "precision": 1.0,
        "recall": 0.7692307692307693,
        "f1-score": 0.8695652173913044,
        "support": 13
    },
    "speaker": {
        "precision": 0.8571428571428571,
        "recall": 0.8571428571428571,
        "f1-score": 0.8571428571428571,
        "support": 21
    },
    "stapler": {
        "precision": 0.8571428571428571,
        "recall": 0.375,
        "f1-score": 0.5217391304347825,
        "support": 16
    },
    "tape_dispenser": {
        "precision": 0.64,
        "recall": 0.9411764705882353,
        "f1-score": 0.7619047619047621,
        "support": 17
    },
    "trash_can": {
        "precision": 0.75,
        "recall": 0.9,
        "f1-score": 0.8181818181818182,
        "support": 10
    },
    "accuracy": 0.7725947521865889,
    "macro avg": {
        "precision": 0.7581061190548858,
        "recall": 0.7665736720640346,
        "f1-score": 0.7338432078795334,
        "support": 343
    },
    "weighted avg": {
        "precision": 0.8176791865121481,
        "recall": 0.7725947521865889,
        "f1-score": 0.769935985365637,
        "support": 343
    }
}