{
    "0": {
        "precision": 0.4019154557463672,
        "recall": 0.6978211009174312,
        "f1-score": 0.5100586756077116,
        "support": 1744
    },
    "1": {
        "precision": 0.8257894736842105,
        "recall": 0.6154147872131791,
        "f1-score": 0.7052477806495112,
        "support": 5099
    },
    "2": {
        "precision": 0.6642913697545526,
        "recall": 0.6066522053506869,
        "f1-score": 0.6341647770219199,
        "support": 4149
    },
    "3": {
        "precision": 0.5927960927960928,
        "recall": 0.33691880638445526,
        "f1-score": 0.42964601769911503,
        "support": 2882
    },
    "4": {
        "precision": 0.6754716981132075,
        "recall": 0.638525564803805,
        "f1-score": 0.6564792176039119,
        "support": 2523
    },
    "5": {
        "precision": 0.5208993946382243,
        "recall": 0.7579697986577181,
        "f1-score": 0.6174611310439091,
        "support": 2384
    },
    "6": {
        "precision": 0.5832824893227577,
        "recall": 0.48356095093576124,
        "f1-score": 0.5287610619469026,
        "support": 1977
    },
    "7": {
        "precision": 0.5615484993475424,
        "recall": 0.6394254581475978,
        "f1-score": 0.5979620194534506,
        "support": 2019
    },
    "8": {
        "precision": 0.3345336694274397,
        "recall": 0.5596385542168675,
        "f1-score": 0.4187514086094208,
        "support": 1660
    },
    "9": {
        "precision": 0.43625827814569534,
        "recall": 0.3304075235109718,
        "f1-score": 0.3760256867641812,
        "support": 1595
    },
    "accuracy": 0.5748309772587584,
    "macro avg": {
        "precision": 0.5596786420976091,
        "recall": 0.5666334750138474,
        "f1-score": 0.5474557776400033,
        "support": 26032
    },
    "weighted avg": {
        "precision": 0.6092631112212006,
        "recall": 0.5748309772587584,
        "f1-score": 0.5773989280314191,
        "support": 26032
    }
}