{
    "back_pack": {
        "precision": 1.0,
        "recall": 1.0,
        "f1-score": 1.0,
        "support": 24
    },
    "bike": {
        "precision": 1.0,
        "recall": 1.0,
        "f1-score": 1.0,
        "support": 16
    },
    "bike_helmet": {
        "precision": 1.0,
        "recall": 0.8260869565217391,
        "f1-score": 0.9047619047619047,
        "support": 23
    },
    "bookcase": {
        "precision": 0.7777777777777778,
        "recall": 1.0,
        "f1-score": 0.8750000000000001,
        "support": 7
    },
    "bottle": {
        "precision": 0.9166666666666666,
        "recall": 1.0,
        "f1-score": 0.9565217391304348,
        "support": 11
    },
    "calculator": {
        "precision": 0.8275862068965517,
        "recall": 0.9230769230769231,
        "f1-score": 0.8727272727272727,
        "support": 26
    },
    "desk_chair": {
        "precision": 1.0,
        "recall": 0.9714285714285714,
        "f1-score": 0.9855072463768115,
        "support": 35
    },
    "desk_lamp": {
        "precision": 0.9090909090909091,
        "recall": 0.7692307692307693,
        "f1-score": 0.8333333333333333,
        "support": 13
    },
    "desktop_computer": {
        "precision": 0.7647058823529411,
        "recall": 0.8125,
        "f1-score": 0.787878787878788,
        "support": 16
    },
    "file_cabinet": {
        "precision": 0.875,
        "recall": 1.0,
        "f1-score": 0.9333333333333333,
        "support": 14
    },
    "headphones": {
        "precision": 0.9166666666666666,
        "recall": 1.0,
        "f1-score": 0.9565217391304348,
        "support": 22
    },
    "keyboard": {
        "precision": 1.0,
        "recall": 0.4090909090909091,
        "f1-score": 0.5806451612903226,
        "support": 22
    },
    "laptop_computer": {
        "precision": 1.0,
        "recall": 0.68,
        "f1-score": 0.8095238095238095,
        "support": 25
    },
    "letter_tray": {
        "precision": 1.0,
        "recall": 0.5714285714285714,
        "f1-score": 0.7272727272727273,
        "support": 14
    },
    "mobile_phone": {
        "precision": 0.5909090909090909,
        "recall": 0.52,
        "f1-score": 0.5531914893617023,
        "support": 25
    },
    "monitor": {
        "precision": 0.8333333333333334,
        "recall": 0.9210526315789473,
        "f1-score": 0.875,
        "support": 38
    },
    "mouse": {
        "precision": 0.7857142857142857,
        "recall": 0.88,
        "f1-score": 0.830188679245283,
        "support": 25
    },
    "mug": {
        "precision": 1.0,
        "recall": 1.0,
        "f1-score": 1.0,
        "support": 22
    },
    "paper_notebook": {
        "precision": 0.7222222222222222,
        "recall": 0.5652173913043478,
        "f1-score": 0.6341463414634146,
        "support": 23
    },
    "pen": {
        "precision": 0.6764705882352942,
        "recall": 0.8518518518518519,
        "f1-score": 0.7540983606557378,
        "support": 27
    },
    "phone": {
        "precision": 0.7333333333333333,
        "recall": 1.0,
        "f1-score": 0.846153846153846,
        "support": 11
    },
    "printer": {
        "precision": 0.6190476190476191,
        "recall": 0.8666666666666667,
        "f1-score": 0.7222222222222222,
        "support": 15
    },
    "projector": {
        "precision": 0.7222222222222222,
        "recall": 0.52,
        "f1-score": 0.6046511627906976,
        "support": 25
    },
    "punchers": {
        "precision": 0.7142857142857143,
        "recall": 0.22727272727272727,
        "f1-score": 0.3448275862068965,
        "support": 22
    },
    "ring_binder": {
        "precision": 0.6590909090909091,
        "recall": 0.8285714285714286,
        "f1-score": 0.7341772151898734,
        "support": 35
    },
    "ruler": {
        "precision": 0.19230769230769232,
        "recall": 0.8333333333333334,
        "f1-score": 0.3125,
        "support": 6
    },
    "scissors": {
        "precision": 1.0,
        "recall": 0.55,
        "f1-score": 0.7096774193548387,
        "support": 20
    },
    "speaker": {
        "precision": 0.8636363636363636,
        "recall": 0.76,
        "f1-score": 0.8085106382978724,
        "support": 25
    },
    "stapler": {
        "precision": 0.5294117647058824,
        "recall": 0.47368421052631576,
        "f1-score": 0.5,
        "support": 19
    },
    "tape_dispenser": {
        "precision": 0.48484848484848486,
        "recall": 0.8888888888888888,
        "f1-score": 0.6274509803921569,
        "support": 18
    },
    "trash_can": {
        "precision": 0.9333333333333333,
        "recall": 0.875,
        "f1-score": 0.9032258064516129,
        "support": 16
    },
    "accuracy": 0.7828125,
    "macro avg": {
        "precision": 0.8079890666670095,
        "recall": 0.7911090913152256,
        "f1-score": 0.7736467355659784,
        "support": 640
    },
    "weighted avg": {
        "precision": 0.8220747167351184,
        "recall": 0.7828125,
        "f1-score": 0.7816107130150678,
        "support": 640
    }
}