{
    "back_pack": {
        "precision": 0.5,
        "recall": 1.0,
        "f1-score": 0.6666666666666666,
        "support": 7
    },
    "bike": {
        "precision": 1.0,
        "recall": 0.9375,
        "f1-score": 0.967741935483871,
        "support": 16
    },
    "bike_helmet": {
        "precision": 0.8888888888888888,
        "recall": 0.8421052631578947,
        "f1-score": 0.8648648648648649,
        "support": 19
    },
    "bookcase": {
        "precision": 0.6666666666666666,
        "recall": 0.2857142857142857,
        "f1-score": 0.4,
        "support": 7
    },
    "bottle": {
        "precision": 1.0,
        "recall": 0.9090909090909091,
        "f1-score": 0.9523809523809523,
        "support": 11
    },
    "calculator": {
        "precision": 0.42857142857142855,
        "recall": 0.42857142857142855,
        "f1-score": 0.42857142857142855,
        "support": 7
    },
    "desk_chair": {
        "precision": 1.0,
        "recall": 1.0,
        "f1-score": 1.0,
        "support": 8
    },
    "desk_lamp": {
        "precision": 0.6666666666666666,
        "recall": 0.6666666666666666,
        "f1-score": 0.6666666666666666,
        "support": 9
    },
    "desktop_computer": {
        "precision": 0.0,
        "recall": 0.0,
        "f1-score": 0.0,
        "support": 10
    },
    "file_cabinet": {
        "precision": 0.37037037037037035,
        "recall": 1.0,
        "f1-score": 0.5405405405405406,
        "support": 10
    },
    "headphones": {
        "precision": 0.75,
        "recall": 0.75,
        "f1-score": 0.75,
        "support": 8
    },
    "keyboard": {
        "precision": 0.5555555555555556,
        "recall": 1.0,
        "f1-score": 0.7142857142857143,
        "support": 5
    },
    "laptop_computer": {
        "precision": 1.0,
        "recall": 0.5263157894736842,
        "f1-score": 0.6896551724137931,
        "support": 19
    },
    "letter_tray": {
        "precision": 0.2962962962962963,
        "recall": 0.7272727272727273,
        "f1-score": 0.42105263157894735,
        "support": 11
    },
    "mobile_phone": {
        "precision": 0.6,
        "recall": 0.11538461538461539,
        "f1-score": 0.1935483870967742,
        "support": 26
    },
    "monitor": {
        "precision": 1.0,
        "recall": 0.47058823529411764,
        "f1-score": 0.6399999999999999,
        "support": 17
    },
    "mouse": {
        "precision": 0.3684210526315789,
        "recall": 1.0,
        "f1-score": 0.5384615384615384,
        "support": 7
    },
    "mug": {
        "precision": 0.4,
        "recall": 0.6666666666666666,
        "f1-score": 0.5,
        "support": 3
    },
    "paper_notebook": {
        "precision": 0.2,
        "recall": 0.4,
        "f1-score": 0.26666666666666666,
        "support": 5
    },
    "pen": {
        "precision": 0.42857142857142855,
        "recall": 0.6,
        "f1-score": 0.5,
        "support": 5
    },
    "phone": {
        "precision": 0.8,
        "recall": 0.5,
        "f1-score": 0.6153846153846154,
        "support": 8
    },
    "printer": {
        "precision": 0.15384615384615385,
        "recall": 0.2,
        "f1-score": 0.17391304347826086,
        "support": 10
    },
    "projector": {
        "precision": 0.5,
        "recall": 0.5555555555555556,
        "f1-score": 0.5263157894736842,
        "support": 18
    },
    "punchers": {
        "precision": 0.4,
        "recall": 0.3076923076923077,
        "f1-score": 0.34782608695652173,
        "support": 13
    },
    "ring_binder": {
        "precision": 0.09090909090909091,
        "recall": 0.2,
        "f1-score": 0.12500000000000003,
        "support": 5
    },
    "ruler": {
        "precision": 0.3333333333333333,
        "recall": 0.5,
        "f1-score": 0.4,
        "support": 2
    },
    "scissors": {
        "precision": 0.8,
        "recall": 0.9230769230769231,
        "f1-score": 0.8571428571428571,
        "support": 13
    },
    "speaker": {
        "precision": 0.3333333333333333,
        "recall": 0.19047619047619047,
        "f1-score": 0.24242424242424246,
        "support": 21
    },
    "stapler": {
        "precision": 0.38461538461538464,
        "recall": 0.3125,
        "f1-score": 0.3448275862068966,
        "support": 16
    },
    "tape_dispenser": {
        "precision": 0.5714285714285714,
        "recall": 0.23529411764705882,
        "f1-score": 0.3333333333333333,
        "support": 17
    },
    "trash_can": {
        "precision": 0.13333333333333333,
        "recall": 0.2,
        "f1-score": 0.16,
        "support": 10
    },
    "accuracy": 0.5247813411078717,
    "macro avg": {
        "precision": 0.5361550824199383,
        "recall": 0.5629184413464848,
        "f1-score": 0.5105571200025432,
        "support": 343
    },
    "weighted avg": {
        "precision": 0.5865283955356075,
        "recall": 0.5247813411078717,
        "f1-score": 0.5122045157106125,
        "support": 343
    }
}