{
    "0": {
        "precision": 0.9486921529175051,
        "recall": 0.8580527752502275,
        "f1-score": 0.9010989010989012,
        "support": 1099
    },
    "1": {
        "precision": 0.7566607460035524,
        "recall": 0.7752502274795269,
        "f1-score": 0.7658426966292134,
        "support": 1099
    },
    "2": {
        "precision": 0.8745874587458746,
        "recall": 0.7233848953594176,
        "f1-score": 0.7918326693227092,
        "support": 1099
    },
    "3": {
        "precision": 0.6232209737827715,
        "recall": 0.7570518653321201,
        "f1-score": 0.6836483155299918,
        "support": 1099
    },
    "4": {
        "precision": 0.5334051724137931,
        "recall": 0.9008189262966333,
        "f1-score": 0.6700507614213198,
        "support": 1099
    },
    "5": {
        "precision": 0.5859766277128547,
        "recall": 0.6387625113739763,
        "f1-score": 0.6112320417936439,
        "support": 1099
    },
    "6": {
        "precision": 0.8191190253045924,
        "recall": 0.7952684258416742,
        "f1-score": 0.8070175438596491,
        "support": 1099
    },
    "7": {
        "precision": 0.6998867497168743,
        "recall": 0.5623293903548681,
        "f1-score": 0.6236125126135217,
        "support": 1099
    },
    "8": {
        "precision": 0.5086013462976814,
        "recall": 0.618744313011829,
        "f1-score": 0.5582922824302136,
        "support": 1099
    },
    "9": {
        "precision": 0.8350877192982457,
        "recall": 0.21656050955414013,
        "f1-score": 0.34393063583815026,
        "support": 1099
    },
    "accuracy": 0.6846223839854413,
    "macro avg": {
        "precision": 0.7185237972193745,
        "recall": 0.6846223839854414,
        "f1-score": 0.6756558360537314,
        "support": 10990
    },
    "weighted avg": {
        "precision": 0.7185237972193745,
        "recall": 0.6846223839854413,
        "f1-score": 0.6756558360537314,
        "support": 10990
    }
}