{
    "back_pack": {
        "precision": 0.875,
        "recall": 1.0,
        "f1-score": 0.9333333333333333,
        "support": 7
    },
    "bike": {
        "precision": 0.9411764705882353,
        "recall": 1.0,
        "f1-score": 0.9696969696969697,
        "support": 16
    },
    "bike_helmet": {
        "precision": 1.0,
        "recall": 1.0,
        "f1-score": 1.0,
        "support": 19
    },
    "bookcase": {
        "precision": 1.0,
        "recall": 0.8571428571428571,
        "f1-score": 0.923076923076923,
        "support": 7
    },
    "bottle": {
        "precision": 1.0,
        "recall": 1.0,
        "f1-score": 1.0,
        "support": 11
    },
    "calculator": {
        "precision": 0.5384615384615384,
        "recall": 1.0,
        "f1-score": 0.7000000000000001,
        "support": 7
    },
    "desk_chair": {
        "precision": 1.0,
        "recall": 1.0,
        "f1-score": 1.0,
        "support": 8
    },
    "desk_lamp": {
        "precision": 1.0,
        "recall": 0.8888888888888888,
        "f1-score": 0.9411764705882353,
        "support": 9
    },
    "desktop_computer": {
        "precision": 0.5555555555555556,
        "recall": 0.5,
        "f1-score": 0.5263157894736842,
        "support": 10
    },
    "file_cabinet": {
        "precision": 0.6666666666666666,
        "recall": 0.8,
        "f1-score": 0.7272727272727272,
        "support": 10
    },
    "headphones": {
        "precision": 1.0,
        "recall": 0.75,
        "f1-score": 0.8571428571428571,
        "support": 8
    },
    "keyboard": {
        "precision": 0.8333333333333334,
        "recall": 1.0,
        "f1-score": 0.9090909090909091,
        "support": 5
    },
    "laptop_computer": {
        "precision": 0.9375,
        "recall": 0.7894736842105263,
        "f1-score": 0.8571428571428572,
        "support": 19
    },
    "letter_tray": {
        "precision": 0.47058823529411764,
        "recall": 0.7272727272727273,
        "f1-score": 0.5714285714285714,
        "support": 11
    },
    "mobile_phone": {
        "precision": 0.9230769230769231,
        "recall": 0.46153846153846156,
        "f1-score": 0.6153846153846155,
        "support": 26
    },
    "monitor": {
        "precision": 0.9285714285714286,
        "recall": 0.7647058823529411,
        "f1-score": 0.8387096774193549,
        "support": 17
    },
    "mouse": {
        "precision": 0.8571428571428571,
        "recall": 0.8571428571428571,
        "f1-score": 0.8571428571428571,
        "support": 7
    },
    "mug": {
        "precision": 0.6,
        "recall": 1.0,
        "f1-score": 0.7499999999999999,
        "support": 3
    },
    "paper_notebook": {
        "precision": 0.625,
        "recall": 1.0,
        "f1-score": 0.7692307692307693,
        "support": 5
    },
    "pen": {
        "precision": 0.625,
        "recall": 1.0,
        "f1-score": 0.7692307692307693,
        "support": 5
    },
    "phone": {
        "precision": 1.0,
        "recall": 0.875,
        "f1-score": 0.9333333333333333,
        "support": 8
    },
    "printer": {
        "precision": 0.5384615384615384,
        "recall": 0.7,
        "f1-score": 0.608695652173913,
        "support": 10
    },
    "projector": {
        "precision": 0.5714285714285714,
        "recall": 0.6666666666666666,
        "f1-score": 0.6153846153846153,
        "support": 18
    },
    "punchers": {
        "precision": 1.0,
        "recall": 0.23076923076923078,
        "f1-score": 0.375,
        "support": 13
    },
    "ring_binder": {
        "precision": 1.0,
        "recall": 0.6,
        "f1-score": 0.7499999999999999,
        "support": 5
    },
    "ruler": {
        "precision": 0.3333333333333333,
        "recall": 0.5,
        "f1-score": 0.4,
        "support": 2
    },
    "scissors": {
        "precision": 0.8666666666666667,
        "recall": 1.0,
        "f1-score": 0.9285714285714286,
        "support": 13
    },
    "speaker": {
        "precision": 0.7307692307692307,
        "recall": 0.9047619047619048,
        "f1-score": 0.8085106382978723,
        "support": 21
    },
    "stapler": {
        "precision": 0.47619047619047616,
        "recall": 0.625,
        "f1-score": 0.5405405405405405,
        "support": 16
    },
    "tape_dispenser": {
        "precision": 0.6923076923076923,
        "recall": 0.5294117647058824,
        "f1-score": 0.5999999999999999,
        "support": 17
    },
    "trash_can": {
        "precision": 1.0,
        "recall": 0.7,
        "f1-score": 0.8235294117647058,
        "support": 10
    },
    "accuracy": 0.7696793002915452,
    "macro avg": {
        "precision": 0.7931042102531666,
        "recall": 0.7976701588855789,
        "f1-score": 0.7709336037652207,
        "support": 343
    },
    "weighted avg": {
        "precision": 0.8119671233223797,
        "recall": 0.7696793002915452,
        "f1-score": 0.7661240113777048,
        "support": 343
    }
}