{
    "0": {
        "precision": 0.9561688311688312,
        "recall": 0.9865996649916248,
        "f1-score": 0.9711459192085738,
        "support": 1194
    },
    "1": {
        "precision": 0.946911196911197,
        "recall": 0.9761194029850746,
        "f1-score": 0.9612934835864773,
        "support": 1005
    },
    "2": {
        "precision": 0.9304589707927677,
        "recall": 0.9151846785225718,
        "f1-score": 0.9227586206896551,
        "support": 731
    },
    "3": {
        "precision": 0.9320987654320988,
        "recall": 0.9179331306990881,
        "f1-score": 0.9249617151607963,
        "support": 658
    },
    "4": {
        "precision": 0.9396984924623115,
        "recall": 0.8604294478527608,
        "f1-score": 0.8983186549239391,
        "support": 652
    },
    "5": {
        "precision": 0.8745583038869258,
        "recall": 0.8902877697841727,
        "f1-score": 0.8823529411764707,
        "support": 556
    },
    "6": {
        "precision": 0.9483282674772037,
        "recall": 0.9397590361445783,
        "f1-score": 0.9440242057488654,
        "support": 664
    },
    "7": {
        "precision": 0.8695035460992908,
        "recall": 0.9503875968992248,
        "f1-score": 0.9081481481481483,
        "support": 645
    },
    "8": {
        "precision": 0.9500924214417745,
        "recall": 0.948339483394834,
        "f1-score": 0.9492151431209602,
        "support": 542
    },
    "9": {
        "precision": 0.8947368421052632,
        "recall": 0.8183229813664596,
        "f1-score": 0.8548256285482564,
        "support": 644
    },
    "accuracy": 0.9279934165409409,
    "macro avg": {
        "precision": 0.9242555637777665,
        "recall": 0.920336319264039,
        "f1-score": 0.9217044460312144,
        "support": 7291
    },
    "weighted avg": {
        "precision": 0.9281876343763361,
        "recall": 0.9279934165409409,
        "f1-score": 0.9275368917395905,
        "support": 7291
    }
}