{
    "back_pack": {
        "precision": 0.9125,
        "recall": 0.8390804597701149,
        "f1-score": 0.8742514970059879,
        "support": 87
    },
    "bike": {
        "precision": 0.9367088607594937,
        "recall": 0.961038961038961,
        "f1-score": 0.9487179487179488,
        "support": 77
    },
    "bike_helmet": {
        "precision": 0.7162162162162162,
        "recall": 0.7910447761194029,
        "f1-score": 0.7517730496453902,
        "support": 67
    },
    "bookcase": {
        "precision": 0.3425414364640884,
        "recall": 0.8051948051948052,
        "f1-score": 0.4806201550387597,
        "support": 77
    },
    "bottle": {
        "precision": 0.3333333333333333,
        "recall": 0.5161290322580645,
        "f1-score": 0.4050632911392405,
        "support": 31
    },
    "calculator": {
        "precision": 0.8541666666666666,
        "recall": 0.9213483146067416,
        "f1-score": 0.8864864864864865,
        "support": 89
    },
    "desk_chair": {
        "precision": 0.8105263157894737,
        "recall": 0.8953488372093024,
        "f1-score": 0.8508287292817679,
        "support": 86
    },
    "desk_lamp": {
        "precision": 0.9,
        "recall": 0.4891304347826087,
        "f1-score": 0.6338028169014084,
        "support": 92
    },
    "desktop_computer": {
        "precision": 0.23809523809523808,
        "recall": 0.05434782608695652,
        "f1-score": 0.08849557522123892,
        "support": 92
    },
    "file_cabinet": {
        "precision": 0.41904761904761906,
        "recall": 0.5789473684210527,
        "f1-score": 0.4861878453038674,
        "support": 76
    },
    "headphones": {
        "precision": 0.8777777777777778,
        "recall": 0.8404255319148937,
        "f1-score": 0.858695652173913,
        "support": 94
    },
    "keyboard": {
        "precision": 0.9722222222222222,
        "recall": 0.7368421052631579,
        "f1-score": 0.8383233532934131,
        "support": 95
    },
    "laptop_computer": {
        "precision": 0.7872340425531915,
        "recall": 0.7789473684210526,
        "f1-score": 0.783068783068783,
        "support": 95
    },
    "letter_tray": {
        "precision": 0.6116504854368932,
        "recall": 0.6774193548387096,
        "f1-score": 0.6428571428571428,
        "support": 93
    },
    "mobile_phone": {
        "precision": 0.5786163522012578,
        "recall": 0.968421052631579,
        "f1-score": 0.7244094488188977,
        "support": 95
    },
    "monitor": {
        "precision": 0.7543859649122807,
        "recall": 0.9148936170212766,
        "f1-score": 0.8269230769230769,
        "support": 94
    },
    "mouse": {
        "precision": 0.6451612903225806,
        "recall": 0.8421052631578947,
        "f1-score": 0.730593607305936,
        "support": 95
    },
    "mug": {
        "precision": 0.9607843137254902,
        "recall": 0.550561797752809,
        "f1-score": 0.7000000000000001,
        "support": 89
    },
    "paper_notebook": {
        "precision": 0.6949152542372882,
        "recall": 0.45054945054945056,
        "f1-score": 0.5466666666666666,
        "support": 91
    },
    "pen": {
        "precision": 0.625,
        "recall": 0.3888888888888889,
        "f1-score": 0.4794520547945206,
        "support": 90
    },
    "phone": {
        "precision": 0.9122807017543859,
        "recall": 0.5909090909090909,
        "f1-score": 0.7172413793103448,
        "support": 88
    },
    "printer": {
        "precision": 0.8873239436619719,
        "recall": 0.6631578947368421,
        "f1-score": 0.7590361445783133,
        "support": 95
    },
    "projector": {
        "precision": 0.7681159420289855,
        "recall": 0.5698924731182796,
        "f1-score": 0.654320987654321,
        "support": 93
    },
    "punchers": {
        "precision": 0.5526315789473685,
        "recall": 0.22580645161290322,
        "f1-score": 0.32061068702290074,
        "support": 93
    },
    "ring_binder": {
        "precision": 0.3287671232876712,
        "recall": 0.2823529411764706,
        "f1-score": 0.3037974683544304,
        "support": 85
    },
    "ruler": {
        "precision": 0.38095238095238093,
        "recall": 0.6857142857142857,
        "f1-score": 0.48979591836734687,
        "support": 70
    },
    "scissors": {
        "precision": 0.41284403669724773,
        "recall": 0.47368421052631576,
        "f1-score": 0.44117647058823534,
        "support": 95
    },
    "speaker": {
        "precision": 0.43548387096774194,
        "recall": 0.2872340425531915,
        "f1-score": 0.34615384615384626,
        "support": 94
    },
    "stapler": {
        "precision": 0.4939759036144578,
        "recall": 0.43617021276595747,
        "f1-score": 0.46327683615819215,
        "support": 94
    },
    "tape_dispenser": {
        "precision": 0.2962962962962963,
        "recall": 0.5274725274725275,
        "f1-score": 0.3794466403162055,
        "support": 91
    },
    "trash_can": {
        "precision": 0.3770491803278688,
        "recall": 0.3898305084745763,
        "f1-score": 0.3833333333333333,
        "support": 59
    },
    "accuracy": 0.6179564237415477,
    "macro avg": {
        "precision": 0.6392453015579836,
        "recall": 0.6171899962899409,
        "f1-score": 0.606303448144578,
        "support": 2662
    },
    "weighted avg": {
        "precision": 0.6517713768809908,
        "recall": 0.6179564237415477,
        "f1-score": 0.6128291195917553,
        "support": 2662
    }
}