{
    "back_pack": {
        "precision": 0.9032258064516129,
        "recall": 0.6436781609195402,
        "f1-score": 0.7516778523489932,
        "support": 87
    },
    "bike": {
        "precision": 0.9036144578313253,
        "recall": 0.974025974025974,
        "f1-score": 0.9375,
        "support": 77
    },
    "bike_helmet": {
        "precision": 0.8153846153846154,
        "recall": 0.7910447761194029,
        "f1-score": 0.803030303030303,
        "support": 67
    },
    "bookcase": {
        "precision": 0.3644067796610169,
        "recall": 0.5584415584415584,
        "f1-score": 0.441025641025641,
        "support": 77
    },
    "bottle": {
        "precision": 0.3673469387755102,
        "recall": 0.5806451612903226,
        "f1-score": 0.45,
        "support": 31
    },
    "calculator": {
        "precision": 0.5547445255474452,
        "recall": 0.8539325842696629,
        "f1-score": 0.6725663716814159,
        "support": 89
    },
    "desk_chair": {
        "precision": 0.6271186440677966,
        "recall": 0.891566265060241,
        "f1-score": 0.736318407960199,
        "support": 83
    },
    "desk_lamp": {
        "precision": 0.6885245901639344,
        "recall": 0.46153846153846156,
        "f1-score": 0.5526315789473685,
        "support": 91
    },
    "desktop_computer": {
        "precision": 0.07547169811320754,
        "recall": 0.043478260869565216,
        "f1-score": 0.05517241379310345,
        "support": 92
    },
    "file_cabinet": {
        "precision": 0.26380368098159507,
        "recall": 0.5657894736842105,
        "f1-score": 0.35983263598326365,
        "support": 76
    },
    "headphones": {
        "precision": 0.6323529411764706,
        "recall": 0.4574468085106383,
        "f1-score": 0.5308641975308642,
        "support": 94
    },
    "keyboard": {
        "precision": 0.8470588235294118,
        "recall": 0.7578947368421053,
        "f1-score": 0.8,
        "support": 95
    },
    "laptop_computer": {
        "precision": 0.5163398692810458,
        "recall": 0.8404255319148937,
        "f1-score": 0.6396761133603239,
        "support": 94
    },
    "letter_tray": {
        "precision": 0.5806451612903226,
        "recall": 0.1935483870967742,
        "f1-score": 0.2903225806451613,
        "support": 93
    },
    "mobile_phone": {
        "precision": 0.3700787401574803,
        "recall": 0.49473684210526314,
        "f1-score": 0.42342342342342343,
        "support": 95
    },
    "monitor": {
        "precision": 0.7840909090909091,
        "recall": 0.7340425531914894,
        "f1-score": 0.7582417582417583,
        "support": 94
    },
    "mouse": {
        "precision": 0.5594405594405595,
        "recall": 0.8421052631578947,
        "f1-score": 0.6722689075630252,
        "support": 95
    },
    "mug": {
        "precision": 0.6666666666666666,
        "recall": 0.47191011235955055,
        "f1-score": 0.5526315789473685,
        "support": 89
    },
    "paper_notebook": {
        "precision": 0.2702702702702703,
        "recall": 0.10989010989010989,
        "f1-score": 0.15625,
        "support": 91
    },
    "pen": {
        "precision": 0.6142857142857143,
        "recall": 0.4777777777777778,
        "f1-score": 0.5375,
        "support": 90
    },
    "phone": {
        "precision": 0.696969696969697,
        "recall": 0.5227272727272727,
        "f1-score": 0.5974025974025974,
        "support": 88
    },
    "printer": {
        "precision": 0.5714285714285714,
        "recall": 0.1276595744680851,
        "f1-score": 0.20869565217391306,
        "support": 94
    },
    "projector": {
        "precision": 0.3508771929824561,
        "recall": 0.43010752688172044,
        "f1-score": 0.38647342995169076,
        "support": 93
    },
    "punchers": {
        "precision": 0.16279069767441862,
        "recall": 0.22580645161290322,
        "f1-score": 0.1891891891891892,
        "support": 93
    },
    "ring_binder": {
        "precision": 0.16666666666666666,
        "recall": 0.07058823529411765,
        "f1-score": 0.09917355371900827,
        "support": 85
    },
    "ruler": {
        "precision": 0.5172413793103449,
        "recall": 0.42857142857142855,
        "f1-score": 0.46875000000000006,
        "support": 70
    },
    "scissors": {
        "precision": 0.3826086956521739,
        "recall": 0.4631578947368421,
        "f1-score": 0.41904761904761906,
        "support": 95
    },
    "speaker": {
        "precision": 0.10344827586206896,
        "recall": 0.06382978723404255,
        "f1-score": 0.07894736842105263,
        "support": 94
    },
    "stapler": {
        "precision": 0.325,
        "recall": 0.4148936170212766,
        "f1-score": 0.36448598130841114,
        "support": 94
    },
    "tape_dispenser": {
        "precision": 0.25961538461538464,
        "recall": 0.2967032967032967,
        "f1-score": 0.27692307692307694,
        "support": 91
    },
    "trash_can": {
        "precision": 0.2459016393442623,
        "recall": 0.2542372881355932,
        "f1-score": 0.24999999999999994,
        "support": 59
    },
    "accuracy": 0.4792921686746988,
    "macro avg": {
        "precision": 0.48991676105396625,
        "recall": 0.4852322958855489,
        "f1-score": 0.46645233008447656,
        "support": 2656
    },
    "weighted avg": {
        "precision": 0.49131243188365914,
        "recall": 0.4792921686746988,
        "f1-score": 0.4636916903310341,
        "support": 2656
    }
}