{
    "back_pack": {
        "precision": 0.875,
        "recall": 1.0,
        "f1-score": 0.9333333333333333,
        "support": 7
    },
    "bike": {
        "precision": 1.0,
        "recall": 1.0,
        "f1-score": 1.0,
        "support": 16
    },
    "bike_helmet": {
        "precision": 1.0,
        "recall": 1.0,
        "f1-score": 1.0,
        "support": 19
    },
    "bookcase": {
        "precision": 0.5833333333333334,
        "recall": 1.0,
        "f1-score": 0.7368421052631579,
        "support": 7
    },
    "bottle": {
        "precision": 0.6875,
        "recall": 1.0,
        "f1-score": 0.8148148148148148,
        "support": 11
    },
    "calculator": {
        "precision": 0.8571428571428571,
        "recall": 0.8571428571428571,
        "f1-score": 0.8571428571428571,
        "support": 7
    },
    "desk_chair": {
        "precision": 1.0,
        "recall": 1.0,
        "f1-score": 1.0,
        "support": 8
    },
    "desk_lamp": {
        "precision": 0.7777777777777778,
        "recall": 0.7777777777777778,
        "f1-score": 0.7777777777777778,
        "support": 9
    },
    "desktop_computer": {
        "precision": 1.0,
        "recall": 0.2,
        "f1-score": 0.33333333333333337,
        "support": 10
    },
    "file_cabinet": {
        "precision": 0.5882352941176471,
        "recall": 1.0,
        "f1-score": 0.7407407407407407,
        "support": 10
    },
    "headphones": {
        "precision": 0.8888888888888888,
        "recall": 1.0,
        "f1-score": 0.9411764705882353,
        "support": 8
    },
    "keyboard": {
        "precision": 0.75,
        "recall": 0.6,
        "f1-score": 0.6666666666666665,
        "support": 5
    },
    "laptop_computer": {
        "precision": 0.9375,
        "recall": 0.7894736842105263,
        "f1-score": 0.8571428571428572,
        "support": 19
    },
    "letter_tray": {
        "precision": 0.6153846153846154,
        "recall": 0.7272727272727273,
        "f1-score": 0.6666666666666667,
        "support": 11
    },
    "mobile_phone": {
        "precision": 0.9411764705882353,
        "recall": 0.6153846153846154,
        "f1-score": 0.744186046511628,
        "support": 26
    },
    "monitor": {
        "precision": 1.0,
        "recall": 0.7058823529411765,
        "f1-score": 0.8275862068965517,
        "support": 17
    },
    "mouse": {
        "precision": 0.7142857142857143,
        "recall": 0.7142857142857143,
        "f1-score": 0.7142857142857143,
        "support": 7
    },
    "mug": {
        "precision": 0.6666666666666666,
        "recall": 0.6666666666666666,
        "f1-score": 0.6666666666666666,
        "support": 3
    },
    "paper_notebook": {
        "precision": 0.3333333333333333,
        "recall": 0.8,
        "f1-score": 0.47058823529411764,
        "support": 5
    },
    "pen": {
        "precision": 0.625,
        "recall": 1.0,
        "f1-score": 0.7692307692307693,
        "support": 5
    },
    "phone": {
        "precision": 1.0,
        "recall": 1.0,
        "f1-score": 1.0,
        "support": 8
    },
    "printer": {
        "precision": 0.5,
        "recall": 0.4,
        "f1-score": 0.4444444444444445,
        "support": 10
    },
    "projector": {
        "precision": 0.6875,
        "recall": 0.6111111111111112,
        "f1-score": 0.6470588235294118,
        "support": 18
    },
    "punchers": {
        "precision": 0.7,
        "recall": 0.5384615384615384,
        "f1-score": 0.608695652173913,
        "support": 13
    },
    "ring_binder": {
        "precision": 0.3333333333333333,
        "recall": 0.6,
        "f1-score": 0.42857142857142855,
        "support": 5
    },
    "ruler": {
        "precision": 0.5,
        "recall": 0.5,
        "f1-score": 0.5,
        "support": 2
    },
    "scissors": {
        "precision": 1.0,
        "recall": 0.8461538461538461,
        "f1-score": 0.9166666666666666,
        "support": 13
    },
    "speaker": {
        "precision": 0.7894736842105263,
        "recall": 0.7142857142857143,
        "f1-score": 0.7500000000000001,
        "support": 21
    },
    "stapler": {
        "precision": 0.631578947368421,
        "recall": 0.75,
        "f1-score": 0.6857142857142857,
        "support": 16
    },
    "tape_dispenser": {
        "precision": 0.85,
        "recall": 1.0,
        "f1-score": 0.9189189189189189,
        "support": 17
    },
    "trash_can": {
        "precision": 1.0,
        "recall": 0.6,
        "f1-score": 0.7499999999999999,
        "support": 10
    },
    "accuracy": 0.7755102040816326,
    "macro avg": {
        "precision": 0.7688100295623017,
        "recall": 0.774641890506267,
        "f1-score": 0.7473629510443536,
        "support": 343
    },
    "weighted avg": {
        "precision": 0.8152599424192271,
        "recall": 0.7755102040816326,
        "f1-score": 0.7737630990931279,
        "support": 343
    }
}