{
    "back_pack": {
        "precision": 0.7592592592592593,
        "recall": 0.9425287356321839,
        "f1-score": 0.841025641025641,
        "support": 87
    },
    "bike": {
        "precision": 0.9166666666666666,
        "recall": 1.0,
        "f1-score": 0.9565217391304348,
        "support": 77
    },
    "bike_helmet": {
        "precision": 0.6547619047619048,
        "recall": 0.8208955223880597,
        "f1-score": 0.728476821192053,
        "support": 67
    },
    "bookcase": {
        "precision": 0.5789473684210527,
        "recall": 0.8571428571428571,
        "f1-score": 0.6910994764397905,
        "support": 77
    },
    "bottle": {
        "precision": 0.3076923076923077,
        "recall": 0.5161290322580645,
        "f1-score": 0.3855421686746988,
        "support": 31
    },
    "calculator": {
        "precision": 0.7129629629629629,
        "recall": 0.8651685393258427,
        "f1-score": 0.781725888324873,
        "support": 89
    },
    "desk_chair": {
        "precision": 0.6915887850467289,
        "recall": 0.8604651162790697,
        "f1-score": 0.7668393782383418,
        "support": 86
    },
    "desk_lamp": {
        "precision": 0.8666666666666667,
        "recall": 0.2826086956521739,
        "f1-score": 0.4262295081967213,
        "support": 92
    },
    "desktop_computer": {
        "precision": 0.36363636363636365,
        "recall": 0.391304347826087,
        "f1-score": 0.3769633507853403,
        "support": 92
    },
    "file_cabinet": {
        "precision": 0.3697478991596639,
        "recall": 0.5789473684210527,
        "f1-score": 0.4512820512820513,
        "support": 76
    },
    "headphones": {
        "precision": 0.7596153846153846,
        "recall": 0.8404255319148937,
        "f1-score": 0.7979797979797979,
        "support": 94
    },
    "keyboard": {
        "precision": 0.6982758620689655,
        "recall": 0.8526315789473684,
        "f1-score": 0.7677725118483412,
        "support": 95
    },
    "laptop_computer": {
        "precision": 0.7256637168141593,
        "recall": 0.8631578947368421,
        "f1-score": 0.7884615384615384,
        "support": 95
    },
    "letter_tray": {
        "precision": 0.7288135593220338,
        "recall": 0.46236559139784944,
        "f1-score": 0.5657894736842105,
        "support": 93
    },
    "mobile_phone": {
        "precision": 0.8488372093023255,
        "recall": 0.7684210526315789,
        "f1-score": 0.8066298342541436,
        "support": 95
    },
    "monitor": {
        "precision": 0.8469387755102041,
        "recall": 0.8829787234042553,
        "f1-score": 0.8645833333333334,
        "support": 94
    },
    "mouse": {
        "precision": 0.5279503105590062,
        "recall": 0.8947368421052632,
        "f1-score": 0.6640624999999999,
        "support": 95
    },
    "mug": {
        "precision": 0.7887323943661971,
        "recall": 0.6292134831460674,
        "f1-score": 0.6999999999999998,
        "support": 89
    },
    "paper_notebook": {
        "precision": 0.4405594405594406,
        "recall": 0.6923076923076923,
        "f1-score": 0.5384615384615384,
        "support": 91
    },
    "pen": {
        "precision": 0.6229508196721312,
        "recall": 0.4222222222222222,
        "f1-score": 0.5033112582781457,
        "support": 90
    },
    "phone": {
        "precision": 0.9272727272727272,
        "recall": 0.5795454545454546,
        "f1-score": 0.7132867132867132,
        "support": 88
    },
    "printer": {
        "precision": 0.9459459459459459,
        "recall": 0.7368421052631579,
        "f1-score": 0.8284023668639052,
        "support": 95
    },
    "projector": {
        "precision": 0.7096774193548387,
        "recall": 0.7096774193548387,
        "f1-score": 0.7096774193548389,
        "support": 93
    },
    "punchers": {
        "precision": 0.23711340206185566,
        "recall": 0.24731182795698925,
        "f1-score": 0.24210526315789474,
        "support": 93
    },
    "ring_binder": {
        "precision": 0.4461538461538462,
        "recall": 0.3411764705882353,
        "f1-score": 0.3866666666666667,
        "support": 85
    },
    "ruler": {
        "precision": 0.6458333333333334,
        "recall": 0.44285714285714284,
        "f1-score": 0.5254237288135594,
        "support": 70
    },
    "scissors": {
        "precision": 0.5606060606060606,
        "recall": 0.3894736842105263,
        "f1-score": 0.45962732919254656,
        "support": 95
    },
    "speaker": {
        "precision": 0.8,
        "recall": 0.1276595744680851,
        "f1-score": 0.2201834862385321,
        "support": 94
    },
    "stapler": {
        "precision": 0.5263157894736842,
        "recall": 0.425531914893617,
        "f1-score": 0.4705882352941176,
        "support": 94
    },
    "tape_dispenser": {
        "precision": 0.34234234234234234,
        "recall": 0.4175824175824176,
        "f1-score": 0.37623762376237624,
        "support": 91
    },
    "trash_can": {
        "precision": 0.4888888888888889,
        "recall": 0.3728813559322034,
        "f1-score": 0.42307692307692313,
        "support": 59
    },
    "accuracy": 0.6217129977460556,
    "macro avg": {
        "precision": 0.6400134649192563,
        "recall": 0.619812586948132,
        "f1-score": 0.6050978569451312,
        "support": 2662
    },
    "weighted avg": {
        "precision": 0.650127563953701,
        "recall": 0.6217129977460556,
        "f1-score": 0.6104395328342137,
        "support": 2662
    }
}