{
    "back_pack": {
        "precision": 0.7,
        "recall": 1.0,
        "f1-score": 0.8235294117647058,
        "support": 7
    },
    "bike": {
        "precision": 0.9411764705882353,
        "recall": 1.0,
        "f1-score": 0.9696969696969697,
        "support": 16
    },
    "bike_helmet": {
        "precision": 0.7619047619047619,
        "recall": 0.8421052631578947,
        "f1-score": 0.8,
        "support": 19
    },
    "bookcase": {
        "precision": 0.5384615384615384,
        "recall": 1.0,
        "f1-score": 0.7000000000000001,
        "support": 7
    },
    "bottle": {
        "precision": 0.7333333333333333,
        "recall": 1.0,
        "f1-score": 0.846153846153846,
        "support": 11
    },
    "calculator": {
        "precision": 0.6,
        "recall": 0.8571428571428571,
        "f1-score": 0.7058823529411764,
        "support": 7
    },
    "desk_chair": {
        "precision": 0.8888888888888888,
        "recall": 1.0,
        "f1-score": 0.9411764705882353,
        "support": 8
    },
    "desk_lamp": {
        "precision": 1.0,
        "recall": 0.2222222222222222,
        "f1-score": 0.3636363636363636,
        "support": 9
    },
    "desktop_computer": {
        "precision": 1.0,
        "recall": 0.3,
        "f1-score": 0.4615384615384615,
        "support": 10
    },
    "file_cabinet": {
        "precision": 0.4444444444444444,
        "recall": 0.4,
        "f1-score": 0.4210526315789474,
        "support": 10
    },
    "headphones": {
        "precision": 1.0,
        "recall": 0.875,
        "f1-score": 0.9333333333333333,
        "support": 8
    },
    "keyboard": {
        "precision": 0.6666666666666666,
        "recall": 0.8,
        "f1-score": 0.7272727272727272,
        "support": 5
    },
    "laptop_computer": {
        "precision": 0.8333333333333334,
        "recall": 0.7894736842105263,
        "f1-score": 0.8108108108108109,
        "support": 19
    },
    "letter_tray": {
        "precision": 0.6666666666666666,
        "recall": 0.36363636363636365,
        "f1-score": 0.4705882352941177,
        "support": 11
    },
    "mobile_phone": {
        "precision": 0.9230769230769231,
        "recall": 0.46153846153846156,
        "f1-score": 0.6153846153846155,
        "support": 26
    },
    "monitor": {
        "precision": 0.68,
        "recall": 1.0,
        "f1-score": 0.8095238095238095,
        "support": 17
    },
    "mouse": {
        "precision": 0.25,
        "recall": 0.7142857142857143,
        "f1-score": 0.37037037037037035,
        "support": 7
    },
    "mug": {
        "precision": 0.75,
        "recall": 1.0,
        "f1-score": 0.8571428571428571,
        "support": 3
    },
    "paper_notebook": {
        "precision": 0.5714285714285714,
        "recall": 0.8,
        "f1-score": 0.6666666666666666,
        "support": 5
    },
    "pen": {
        "precision": 0.0,
        "recall": 0.0,
        "f1-score": 0.0,
        "support": 5
    },
    "phone": {
        "precision": 0.7,
        "recall": 0.875,
        "f1-score": 0.7777777777777777,
        "support": 8
    },
    "printer": {
        "precision": 0.2571428571428571,
        "recall": 0.9,
        "f1-score": 0.39999999999999997,
        "support": 10
    },
    "projector": {
        "precision": 0.5555555555555556,
        "recall": 0.5555555555555556,
        "f1-score": 0.5555555555555556,
        "support": 18
    },
    "punchers": {
        "precision": 0.35714285714285715,
        "recall": 0.38461538461538464,
        "f1-score": 0.3703703703703704,
        "support": 13
    },
    "ring_binder": {
        "precision": 0.0,
        "recall": 0.0,
        "f1-score": 0.0,
        "support": 5
    },
    "ruler": {
        "precision": 0.25,
        "recall": 1.0,
        "f1-score": 0.4,
        "support": 2
    },
    "scissors": {
        "precision": 0.8,
        "recall": 0.9230769230769231,
        "f1-score": 0.8571428571428571,
        "support": 13
    },
    "speaker": {
        "precision": 1.0,
        "recall": 0.09523809523809523,
        "f1-score": 0.17391304347826084,
        "support": 21
    },
    "stapler": {
        "precision": 0.0,
        "recall": 0.0,
        "f1-score": 0.0,
        "support": 16
    },
    "tape_dispenser": {
        "precision": 0.7368421052631579,
        "recall": 0.8235294117647058,
        "f1-score": 0.7777777777777778,
        "support": 17
    },
    "trash_can": {
        "precision": 1.0,
        "recall": 0.3,
        "f1-score": 0.4615384615384615,
        "support": 10
    },
    "accuracy": 0.6268221574344023,
    "macro avg": {
        "precision": 0.6324537088354126,
        "recall": 0.6542716108530551,
        "f1-score": 0.5828334121722282,
        "support": 343
    },
    "weighted avg": {
        "precision": 0.6856682546879226,
        "recall": 0.6268221574344023,
        "f1-score": 0.5937918852211865,
        "support": 343
    }
}