{
    "0": {
        "precision": 0.863961813842482,
        "recall": 0.9899726526891522,
        "f1-score": 0.9226847918436702,
        "support": 1097
    },
    "1": {
        "precision": 0.8693181818181818,
        "recall": 0.8368277119416591,
        "f1-score": 0.8527635856943799,
        "support": 1097
    },
    "2": {
        "precision": 0.8112068965517242,
        "recall": 0.8577939835916135,
        "f1-score": 0.8338502436863093,
        "support": 1097
    },
    "3": {
        "precision": 0.7612648221343874,
        "recall": 0.877848678213309,
        "f1-score": 0.8154106689246401,
        "support": 1097
    },
    "4": {
        "precision": 0.7896857373086221,
        "recall": 0.8933454876937101,
        "f1-score": 0.8383233532934131,
        "support": 1097
    },
    "5": {
        "precision": 0.7461187214611872,
        "recall": 0.7447584320875114,
        "f1-score": 0.7454379562043796,
        "support": 1097
    },
    "6": {
        "precision": 0.9150537634408602,
        "recall": 0.7757520510483136,
        "f1-score": 0.8396645288603848,
        "support": 1097
    },
    "7": {
        "precision": 0.7054322876817138,
        "recall": 0.8404740200546946,
        "f1-score": 0.767054908485857,
        "support": 1097
    },
    "8": {
        "precision": 0.8358778625954199,
        "recall": 0.7985414767547858,
        "f1-score": 0.816783216783217,
        "support": 1097
    },
    "9": {
        "precision": 0.8003273322422259,
        "recall": 0.4457611668185962,
        "f1-score": 0.572599531615925,
        "support": 1097
    },
    "accuracy": 0.8061075660893345,
    "macro avg": {
        "precision": 0.8098247419076804,
        "recall": 0.8061075660893346,
        "f1-score": 0.8004572785392178,
        "support": 10970
    },
    "weighted avg": {
        "precision": 0.8098247419076804,
        "recall": 0.8061075660893345,
        "f1-score": 0.8004572785392177,
        "support": 10970
    }
}