{
    "back_pack": {
        "precision": 0.5,
        "recall": 0.8571428571428571,
        "f1-score": 0.631578947368421,
        "support": 7
    },
    "bike": {
        "precision": 1.0,
        "recall": 0.8125,
        "f1-score": 0.896551724137931,
        "support": 16
    },
    "bike_helmet": {
        "precision": 0.9375,
        "recall": 0.7894736842105263,
        "f1-score": 0.8571428571428572,
        "support": 19
    },
    "bookcase": {
        "precision": 0.5,
        "recall": 0.42857142857142855,
        "f1-score": 0.4615384615384615,
        "support": 7
    },
    "bottle": {
        "precision": 1.0,
        "recall": 0.9090909090909091,
        "f1-score": 0.9523809523809523,
        "support": 11
    },
    "calculator": {
        "precision": 0.8,
        "recall": 0.5714285714285714,
        "f1-score": 0.6666666666666666,
        "support": 7
    },
    "desk_chair": {
        "precision": 1.0,
        "recall": 0.75,
        "f1-score": 0.8571428571428571,
        "support": 8
    },
    "desk_lamp": {
        "precision": 0.3333333333333333,
        "recall": 0.4444444444444444,
        "f1-score": 0.380952380952381,
        "support": 9
    },
    "desktop_computer": {
        "precision": 0.0,
        "recall": 0.0,
        "f1-score": 0.0,
        "support": 10
    },
    "file_cabinet": {
        "precision": 0.37037037037037035,
        "recall": 1.0,
        "f1-score": 0.5405405405405406,
        "support": 10
    },
    "headphones": {
        "precision": 0.8333333333333334,
        "recall": 0.625,
        "f1-score": 0.7142857142857143,
        "support": 8
    },
    "keyboard": {
        "precision": 0.625,
        "recall": 1.0,
        "f1-score": 0.7692307692307693,
        "support": 5
    },
    "laptop_computer": {
        "precision": 1.0,
        "recall": 0.47368421052631576,
        "f1-score": 0.6428571428571429,
        "support": 19
    },
    "letter_tray": {
        "precision": 0.2692307692307692,
        "recall": 0.6363636363636364,
        "f1-score": 0.37837837837837834,
        "support": 11
    },
    "mobile_phone": {
        "precision": 0.75,
        "recall": 0.23076923076923078,
        "f1-score": 0.3529411764705882,
        "support": 26
    },
    "monitor": {
        "precision": 1.0,
        "recall": 0.4117647058823529,
        "f1-score": 0.5833333333333334,
        "support": 17
    },
    "mouse": {
        "precision": 0.35,
        "recall": 1.0,
        "f1-score": 0.5185185185185185,
        "support": 7
    },
    "mug": {
        "precision": 0.75,
        "recall": 1.0,
        "f1-score": 0.8571428571428571,
        "support": 3
    },
    "paper_notebook": {
        "precision": 0.3333333333333333,
        "recall": 0.6,
        "f1-score": 0.42857142857142855,
        "support": 5
    },
    "pen": {
        "precision": 0.375,
        "recall": 0.6,
        "f1-score": 0.4615384615384615,
        "support": 5
    },
    "phone": {
        "precision": 1.0,
        "recall": 0.75,
        "f1-score": 0.8571428571428571,
        "support": 8
    },
    "printer": {
        "precision": 0.16666666666666666,
        "recall": 0.1,
        "f1-score": 0.125,
        "support": 10
    },
    "projector": {
        "precision": 0.5217391304347826,
        "recall": 0.6666666666666666,
        "f1-score": 0.5853658536585366,
        "support": 18
    },
    "punchers": {
        "precision": 0.375,
        "recall": 0.46153846153846156,
        "f1-score": 0.41379310344827586,
        "support": 13
    },
    "ring_binder": {
        "precision": 0.1111111111111111,
        "recall": 0.2,
        "f1-score": 0.14285714285714285,
        "support": 5
    },
    "ruler": {
        "precision": 0.25,
        "recall": 0.5,
        "f1-score": 0.3333333333333333,
        "support": 2
    },
    "scissors": {
        "precision": 0.9166666666666666,
        "recall": 0.8461538461538461,
        "f1-score": 0.8799999999999999,
        "support": 13
    },
    "speaker": {
        "precision": 0.1111111111111111,
        "recall": 0.047619047619047616,
        "f1-score": 0.06666666666666667,
        "support": 21
    },
    "stapler": {
        "precision": 0.5294117647058824,
        "recall": 0.5625,
        "f1-score": 0.5454545454545455,
        "support": 16
    },
    "tape_dispenser": {
        "precision": 0.7142857142857143,
        "recall": 0.29411764705882354,
        "f1-score": 0.4166666666666667,
        "support": 17
    },
    "trash_can": {
        "precision": 0.25,
        "recall": 0.5,
        "f1-score": 0.3333333333333333,
        "support": 10
    },
    "accuracy": 0.5364431486880467,
    "macro avg": {
        "precision": 0.5700997840188089,
        "recall": 0.5828654628215199,
        "f1-score": 0.537126021637407,
        "support": 343
    },
    "weighted avg": {
        "precision": 0.615052616462901,
        "recall": 0.5364431486880467,
        "f1-score": 0.5311542368931753,
        "support": 343
    }
}