{
    "0": {
        "precision": 0.9776304888152444,
        "recall": 0.9882747068676717,
        "f1-score": 0.982923781757601,
        "support": 1194
    },
    "1": {
        "precision": 0.9860973187686196,
        "recall": 0.9880597014925373,
        "f1-score": 0.9870775347912525,
        "support": 1005
    },
    "2": {
        "precision": 0.9289693593314763,
        "recall": 0.9124487004103967,
        "f1-score": 0.9206349206349206,
        "support": 731
    },
    "3": {
        "precision": 0.9497716894977168,
        "recall": 0.9483282674772037,
        "f1-score": 0.9490494296577947,
        "support": 658
    },
    "4": {
        "precision": 0.9317147192716236,
        "recall": 0.941717791411043,
        "f1-score": 0.9366895499618612,
        "support": 652
    },
    "5": {
        "precision": 0.9085603112840467,
        "recall": 0.8399280575539568,
        "f1-score": 0.8728971962616823,
        "support": 556
    },
    "6": {
        "precision": 0.9397944199706314,
        "recall": 0.963855421686747,
        "f1-score": 0.9516728624535316,
        "support": 664
    },
    "7": {
        "precision": 0.871866295264624,
        "recall": 0.9705426356589147,
        "f1-score": 0.9185619955979457,
        "support": 645
    },
    "8": {
        "precision": 0.9347442680776014,
        "recall": 0.977859778597786,
        "f1-score": 0.9558160504959422,
        "support": 542
    },
    "9": {
        "precision": 0.9378330373001776,
        "recall": 0.8198757763975155,
        "f1-score": 0.8748964374482187,
        "support": 644
    },
    "accuracy": 0.9421204224386229,
    "macro avg": {
        "precision": 0.9366981907581764,
        "recall": 0.9350890837553771,
        "f1-score": 0.9350219759060749,
        "support": 7291
    },
    "weighted avg": {
        "precision": 0.9425258040094987,
        "recall": 0.9421204224386229,
        "f1-score": 0.9415723316684464,
        "support": 7291
    }
}