{
    "back_pack": {
        "precision": 0.96,
        "recall": 0.8275862068965517,
        "f1-score": 0.888888888888889,
        "support": 87
    },
    "bike": {
        "precision": 0.987012987012987,
        "recall": 0.987012987012987,
        "f1-score": 0.987012987012987,
        "support": 77
    },
    "bike_helmet": {
        "precision": 0.7857142857142857,
        "recall": 0.8208955223880597,
        "f1-score": 0.8029197080291971,
        "support": 67
    },
    "bookcase": {
        "precision": 0.45652173913043476,
        "recall": 0.8181818181818182,
        "f1-score": 0.586046511627907,
        "support": 77
    },
    "bottle": {
        "precision": 0.40540540540540543,
        "recall": 0.4838709677419355,
        "f1-score": 0.4411764705882353,
        "support": 31
    },
    "calculator": {
        "precision": 0.6631578947368421,
        "recall": 0.7078651685393258,
        "f1-score": 0.6847826086956521,
        "support": 89
    },
    "desk_chair": {
        "precision": 0.8539325842696629,
        "recall": 0.8837209302325582,
        "f1-score": 0.8685714285714285,
        "support": 86
    },
    "desk_lamp": {
        "precision": 0.813953488372093,
        "recall": 0.3804347826086957,
        "f1-score": 0.5185185185185186,
        "support": 92
    },
    "desktop_computer": {
        "precision": 0.65625,
        "recall": 0.22826086956521738,
        "f1-score": 0.33870967741935476,
        "support": 92
    },
    "file_cabinet": {
        "precision": 0.5,
        "recall": 0.5789473684210527,
        "f1-score": 0.5365853658536586,
        "support": 76
    },
    "headphones": {
        "precision": 0.7281553398058253,
        "recall": 0.7978723404255319,
        "f1-score": 0.7614213197969544,
        "support": 94
    },
    "keyboard": {
        "precision": 0.8554216867469879,
        "recall": 0.7473684210526316,
        "f1-score": 0.797752808988764,
        "support": 95
    },
    "laptop_computer": {
        "precision": 0.8255813953488372,
        "recall": 0.7473684210526316,
        "f1-score": 0.7845303867403315,
        "support": 95
    },
    "letter_tray": {
        "precision": 0.7307692307692307,
        "recall": 0.6129032258064516,
        "f1-score": 0.6666666666666667,
        "support": 93
    },
    "mobile_phone": {
        "precision": 0.4372093023255814,
        "recall": 0.9894736842105263,
        "f1-score": 0.6064516129032258,
        "support": 95
    },
    "monitor": {
        "precision": 0.8,
        "recall": 0.8936170212765957,
        "f1-score": 0.8442211055276382,
        "support": 94
    },
    "mouse": {
        "precision": 0.5384615384615384,
        "recall": 0.8842105263157894,
        "f1-score": 0.6693227091633466,
        "support": 95
    },
    "mug": {
        "precision": 0.8805970149253731,
        "recall": 0.6629213483146067,
        "f1-score": 0.7564102564102564,
        "support": 89
    },
    "paper_notebook": {
        "precision": 0.4939759036144578,
        "recall": 0.45054945054945056,
        "f1-score": 0.47126436781609193,
        "support": 91
    },
    "pen": {
        "precision": 0.40425531914893614,
        "recall": 0.4222222222222222,
        "f1-score": 0.41304347826086957,
        "support": 90
    },
    "phone": {
        "precision": 0.7746478873239436,
        "recall": 0.625,
        "f1-score": 0.6918238993710693,
        "support": 88
    },
    "printer": {
        "precision": 0.8833333333333333,
        "recall": 0.5578947368421052,
        "f1-score": 0.6838709677419355,
        "support": 95
    },
    "projector": {
        "precision": 0.4928571428571429,
        "recall": 0.7419354838709677,
        "f1-score": 0.592274678111588,
        "support": 93
    },
    "punchers": {
        "precision": 0.41379310344827586,
        "recall": 0.25806451612903225,
        "f1-score": 0.31788079470198677,
        "support": 93
    },
    "ring_binder": {
        "precision": 0.7222222222222222,
        "recall": 0.3058823529411765,
        "f1-score": 0.42975206611570255,
        "support": 85
    },
    "ruler": {
        "precision": 0.3723404255319149,
        "recall": 0.5,
        "f1-score": 0.42682926829268286,
        "support": 70
    },
    "scissors": {
        "precision": 0.47126436781609193,
        "recall": 0.43157894736842106,
        "f1-score": 0.4505494505494505,
        "support": 95
    },
    "speaker": {
        "precision": 0.47474747474747475,
        "recall": 0.5,
        "f1-score": 0.48704663212435234,
        "support": 94
    },
    "stapler": {
        "precision": 0.3950617283950617,
        "recall": 0.3404255319148936,
        "f1-score": 0.36571428571428566,
        "support": 94
    },
    "tape_dispenser": {
        "precision": 0.4666666666666667,
        "recall": 0.3076923076923077,
        "f1-score": 0.3708609271523179,
        "support": 91
    },
    "trash_can": {
        "precision": 0.41935483870967744,
        "recall": 0.4406779661016949,
        "f1-score": 0.4297520661157025,
        "support": 59
    },
    "accuracy": 0.6123215627347859,
    "macro avg": {
        "precision": 0.6342794937690415,
        "recall": 0.6107882298604916,
        "f1-score": 0.6022790939829371,
        "support": 2662
    },
    "weighted avg": {
        "precision": 0.641208982837145,
        "recall": 0.6123215627347859,
        "f1-score": 0.6055633872750893,
        "support": 2662
    }
}