{
    "back_pack": {
        "precision": 0.7938144329896907,
        "recall": 0.8850574712643678,
        "f1-score": 0.8369565217391305,
        "support": 87
    },
    "bike": {
        "precision": 0.9259259259259259,
        "recall": 0.974025974025974,
        "f1-score": 0.949367088607595,
        "support": 77
    },
    "bike_helmet": {
        "precision": 0.7037037037037037,
        "recall": 0.8507462686567164,
        "f1-score": 0.7702702702702703,
        "support": 67
    },
    "bookcase": {
        "precision": 0.5728155339805825,
        "recall": 0.7662337662337663,
        "f1-score": 0.6555555555555557,
        "support": 77
    },
    "bottle": {
        "precision": 0.4166666666666667,
        "recall": 0.4838709677419355,
        "f1-score": 0.44776119402985076,
        "support": 31
    },
    "calculator": {
        "precision": 0.8494623655913979,
        "recall": 0.8876404494382022,
        "f1-score": 0.8681318681318682,
        "support": 89
    },
    "desk_chair": {
        "precision": 0.7959183673469388,
        "recall": 0.9069767441860465,
        "f1-score": 0.8478260869565216,
        "support": 86
    },
    "desk_lamp": {
        "precision": 0.8709677419354839,
        "recall": 0.5869565217391305,
        "f1-score": 0.7012987012987013,
        "support": 92
    },
    "desktop_computer": {
        "precision": 0.17647058823529413,
        "recall": 0.03260869565217391,
        "f1-score": 0.055045871559633024,
        "support": 92
    },
    "file_cabinet": {
        "precision": 0.575,
        "recall": 0.6052631578947368,
        "f1-score": 0.5897435897435896,
        "support": 76
    },
    "headphones": {
        "precision": 0.9042553191489362,
        "recall": 0.9042553191489362,
        "f1-score": 0.9042553191489362,
        "support": 94
    },
    "keyboard": {
        "precision": 0.9625,
        "recall": 0.8105263157894737,
        "f1-score": 0.88,
        "support": 95
    },
    "laptop_computer": {
        "precision": 0.6495726495726496,
        "recall": 0.8,
        "f1-score": 0.7169811320754716,
        "support": 95
    },
    "letter_tray": {
        "precision": 0.6464646464646465,
        "recall": 0.6881720430107527,
        "f1-score": 0.6666666666666667,
        "support": 93
    },
    "mobile_phone": {
        "precision": 0.5569620253164557,
        "recall": 0.9263157894736842,
        "f1-score": 0.6956521739130433,
        "support": 95
    },
    "monitor": {
        "precision": 0.7391304347826086,
        "recall": 0.9042553191489362,
        "f1-score": 0.8133971291866029,
        "support": 94
    },
    "mouse": {
        "precision": 0.5256410256410257,
        "recall": 0.8631578947368421,
        "f1-score": 0.653386454183267,
        "support": 95
    },
    "mug": {
        "precision": 0.9285714285714286,
        "recall": 0.43820224719101125,
        "f1-score": 0.5954198473282443,
        "support": 89
    },
    "paper_notebook": {
        "precision": 0.5967741935483871,
        "recall": 0.4065934065934066,
        "f1-score": 0.48366013071895425,
        "support": 91
    },
    "pen": {
        "precision": 0.4205607476635514,
        "recall": 0.5,
        "f1-score": 0.4568527918781726,
        "support": 90
    },
    "phone": {
        "precision": 0.8382352941176471,
        "recall": 0.6477272727272727,
        "f1-score": 0.7307692307692308,
        "support": 88
    },
    "printer": {
        "precision": 0.9166666666666666,
        "recall": 0.5789473684210527,
        "f1-score": 0.7096774193548387,
        "support": 95
    },
    "projector": {
        "precision": 0.8125,
        "recall": 0.6989247311827957,
        "f1-score": 0.7514450867052023,
        "support": 93
    },
    "punchers": {
        "precision": 0.6538461538461539,
        "recall": 0.1827956989247312,
        "f1-score": 0.28571428571428575,
        "support": 93
    },
    "ring_binder": {
        "precision": 0.39285714285714285,
        "recall": 0.5176470588235295,
        "f1-score": 0.4467005076142132,
        "support": 85
    },
    "ruler": {
        "precision": 0.5416666666666666,
        "recall": 0.5571428571428572,
        "f1-score": 0.5492957746478873,
        "support": 70
    },
    "scissors": {
        "precision": 0.42857142857142855,
        "recall": 0.5052631578947369,
        "f1-score": 0.46376811594202894,
        "support": 95
    },
    "speaker": {
        "precision": 0.3448275862068966,
        "recall": 0.2127659574468085,
        "f1-score": 0.2631578947368421,
        "support": 94
    },
    "stapler": {
        "precision": 0.37037037037037035,
        "recall": 0.5319148936170213,
        "f1-score": 0.43668122270742354,
        "support": 94
    },
    "tape_dispenser": {
        "precision": 0.391304347826087,
        "recall": 0.3956043956043956,
        "f1-score": 0.39344262295081966,
        "support": 91
    },
    "trash_can": {
        "precision": 0.36231884057971014,
        "recall": 0.423728813559322,
        "f1-score": 0.39062499999999994,
        "support": 59
    },
    "accuracy": 0.6299774605559729,
    "macro avg": {
        "precision": 0.6343336224127143,
        "recall": 0.6281716308796974,
        "f1-score": 0.613209856584995,
        "support": 2662
    },
    "weighted avg": {
        "precision": 0.6414330639373966,
        "recall": 0.6299774605559729,
        "f1-score": 0.6165339873079129,
        "support": 2662
    }
}