{
    "back_pack": {
        "precision": 0.8275862068965517,
        "recall": 1.0,
        "f1-score": 0.9056603773584906,
        "support": 24
    },
    "bike": {
        "precision": 1.0,
        "recall": 1.0,
        "f1-score": 1.0,
        "support": 16
    },
    "bike_helmet": {
        "precision": 0.9523809523809523,
        "recall": 0.8695652173913043,
        "f1-score": 0.909090909090909,
        "support": 23
    },
    "bookcase": {
        "precision": 1.0,
        "recall": 0.8571428571428571,
        "f1-score": 0.923076923076923,
        "support": 7
    },
    "bottle": {
        "precision": 0.9166666666666666,
        "recall": 1.0,
        "f1-score": 0.9565217391304348,
        "support": 11
    },
    "calculator": {
        "precision": 0.8461538461538461,
        "recall": 0.8461538461538461,
        "f1-score": 0.8461538461538461,
        "support": 26
    },
    "desk_chair": {
        "precision": 1.0,
        "recall": 1.0,
        "f1-score": 1.0,
        "support": 35
    },
    "desk_lamp": {
        "precision": 0.875,
        "recall": 0.5384615384615384,
        "f1-score": 0.6666666666666667,
        "support": 13
    },
    "desktop_computer": {
        "precision": 0.6666666666666666,
        "recall": 0.75,
        "f1-score": 0.7058823529411765,
        "support": 16
    },
    "file_cabinet": {
        "precision": 0.75,
        "recall": 0.6428571428571429,
        "f1-score": 0.6923076923076924,
        "support": 14
    },
    "headphones": {
        "precision": 0.9130434782608695,
        "recall": 0.9545454545454546,
        "f1-score": 0.9333333333333332,
        "support": 22
    },
    "keyboard": {
        "precision": 0.9523809523809523,
        "recall": 0.9090909090909091,
        "f1-score": 0.9302325581395349,
        "support": 22
    },
    "laptop_computer": {
        "precision": 1.0,
        "recall": 0.72,
        "f1-score": 0.8372093023255813,
        "support": 25
    },
    "letter_tray": {
        "precision": 0.42857142857142855,
        "recall": 0.6428571428571429,
        "f1-score": 0.5142857142857143,
        "support": 14
    },
    "mobile_phone": {
        "precision": 0.7619047619047619,
        "recall": 0.64,
        "f1-score": 0.6956521739130435,
        "support": 25
    },
    "monitor": {
        "precision": 0.9210526315789473,
        "recall": 0.9210526315789473,
        "f1-score": 0.9210526315789473,
        "support": 38
    },
    "mouse": {
        "precision": 0.7096774193548387,
        "recall": 0.88,
        "f1-score": 0.7857142857142856,
        "support": 25
    },
    "mug": {
        "precision": 0.9565217391304348,
        "recall": 1.0,
        "f1-score": 0.9777777777777777,
        "support": 22
    },
    "paper_notebook": {
        "precision": 0.7666666666666667,
        "recall": 1.0,
        "f1-score": 0.8679245283018869,
        "support": 23
    },
    "pen": {
        "precision": 0.7058823529411765,
        "recall": 0.8888888888888888,
        "f1-score": 0.7868852459016393,
        "support": 27
    },
    "phone": {
        "precision": 1.0,
        "recall": 0.7272727272727273,
        "f1-score": 0.8421052631578948,
        "support": 11
    },
    "printer": {
        "precision": 0.6666666666666666,
        "recall": 0.8,
        "f1-score": 0.7272727272727272,
        "support": 15
    },
    "projector": {
        "precision": 0.68,
        "recall": 0.68,
        "f1-score": 0.68,
        "support": 25
    },
    "punchers": {
        "precision": 1.0,
        "recall": 0.36363636363636365,
        "f1-score": 0.5333333333333333,
        "support": 22
    },
    "ring_binder": {
        "precision": 0.7857142857142857,
        "recall": 0.9428571428571428,
        "f1-score": 0.8571428571428571,
        "support": 35
    },
    "ruler": {
        "precision": 0.25,
        "recall": 0.16666666666666666,
        "f1-score": 0.2,
        "support": 6
    },
    "scissors": {
        "precision": 1.0,
        "recall": 0.75,
        "f1-score": 0.8571428571428571,
        "support": 20
    },
    "speaker": {
        "precision": 0.7916666666666666,
        "recall": 0.76,
        "f1-score": 0.7755102040816326,
        "support": 25
    },
    "stapler": {
        "precision": 0.46153846153846156,
        "recall": 0.631578947368421,
        "f1-score": 0.5333333333333333,
        "support": 19
    },
    "tape_dispenser": {
        "precision": 0.6666666666666666,
        "recall": 0.7777777777777778,
        "f1-score": 0.717948717948718,
        "support": 18
    },
    "trash_can": {
        "precision": 1.0,
        "recall": 0.375,
        "f1-score": 0.5454545454545454,
        "support": 16
    },
    "accuracy": 0.8078125,
    "macro avg": {
        "precision": 0.8145938231228228,
        "recall": 0.7753356533724881,
        "f1-score": 0.7782152224795416,
        "support": 640
    },
    "weighted avg": {
        "precision": 0.8304957116178147,
        "recall": 0.8078125,
        "f1-score": 0.8040364179563559,
        "support": 640
    }
}