{
    "back_pack": {
        "precision": 1.0,
        "recall": 1.0,
        "f1-score": 1.0,
        "support": 24
    },
    "bike": {
        "precision": 0.9411764705882353,
        "recall": 1.0,
        "f1-score": 0.9696969696969697,
        "support": 16
    },
    "bike_helmet": {
        "precision": 0.92,
        "recall": 1.0,
        "f1-score": 0.9583333333333334,
        "support": 23
    },
    "bookcase": {
        "precision": 0.6363636363636364,
        "recall": 1.0,
        "f1-score": 0.7777777777777778,
        "support": 7
    },
    "bottle": {
        "precision": 1.0,
        "recall": 1.0,
        "f1-score": 1.0,
        "support": 11
    },
    "calculator": {
        "precision": 0.9230769230769231,
        "recall": 0.9230769230769231,
        "f1-score": 0.9230769230769231,
        "support": 26
    },
    "desk_chair": {
        "precision": 1.0,
        "recall": 1.0,
        "f1-score": 1.0,
        "support": 35
    },
    "desk_lamp": {
        "precision": 1.0,
        "recall": 0.6153846153846154,
        "f1-score": 0.761904761904762,
        "support": 13
    },
    "desktop_computer": {
        "precision": 0.75,
        "recall": 0.75,
        "f1-score": 0.75,
        "support": 16
    },
    "file_cabinet": {
        "precision": 1.0,
        "recall": 0.9285714285714286,
        "f1-score": 0.962962962962963,
        "support": 14
    },
    "headphones": {
        "precision": 1.0,
        "recall": 1.0,
        "f1-score": 1.0,
        "support": 22
    },
    "keyboard": {
        "precision": 1.0,
        "recall": 0.9090909090909091,
        "f1-score": 0.9523809523809523,
        "support": 22
    },
    "laptop_computer": {
        "precision": 0.95,
        "recall": 0.76,
        "f1-score": 0.8444444444444444,
        "support": 25
    },
    "letter_tray": {
        "precision": 0.8125,
        "recall": 0.9285714285714286,
        "f1-score": 0.8666666666666666,
        "support": 14
    },
    "mobile_phone": {
        "precision": 0.7916666666666666,
        "recall": 0.76,
        "f1-score": 0.7755102040816326,
        "support": 25
    },
    "monitor": {
        "precision": 0.7916666666666666,
        "recall": 1.0,
        "f1-score": 0.8837209302325582,
        "support": 38
    },
    "mouse": {
        "precision": 0.9473684210526315,
        "recall": 0.72,
        "f1-score": 0.8181818181818181,
        "support": 25
    },
    "mug": {
        "precision": 1.0,
        "recall": 1.0,
        "f1-score": 1.0,
        "support": 22
    },
    "paper_notebook": {
        "precision": 0.7916666666666666,
        "recall": 0.8260869565217391,
        "f1-score": 0.8085106382978724,
        "support": 23
    },
    "pen": {
        "precision": 0.6764705882352942,
        "recall": 0.8518518518518519,
        "f1-score": 0.7540983606557378,
        "support": 27
    },
    "phone": {
        "precision": 1.0,
        "recall": 0.9090909090909091,
        "f1-score": 0.9523809523809523,
        "support": 11
    },
    "printer": {
        "precision": 1.0,
        "recall": 0.8666666666666667,
        "f1-score": 0.9285714285714286,
        "support": 15
    },
    "projector": {
        "precision": 0.875,
        "recall": 0.56,
        "f1-score": 0.6829268292682927,
        "support": 25
    },
    "punchers": {
        "precision": 0.59375,
        "recall": 0.8636363636363636,
        "f1-score": 0.7037037037037037,
        "support": 22
    },
    "ring_binder": {
        "precision": 0.7333333333333333,
        "recall": 0.6285714285714286,
        "f1-score": 0.6769230769230768,
        "support": 35
    },
    "ruler": {
        "precision": 0.2857142857142857,
        "recall": 0.3333333333333333,
        "f1-score": 0.30769230769230765,
        "support": 6
    },
    "scissors": {
        "precision": 1.0,
        "recall": 0.65,
        "f1-score": 0.787878787878788,
        "support": 20
    },
    "speaker": {
        "precision": 0.6333333333333333,
        "recall": 0.76,
        "f1-score": 0.6909090909090909,
        "support": 25
    },
    "stapler": {
        "precision": 0.6666666666666666,
        "recall": 0.7368421052631579,
        "f1-score": 0.7,
        "support": 19
    },
    "tape_dispenser": {
        "precision": 0.75,
        "recall": 0.8333333333333334,
        "f1-score": 0.7894736842105262,
        "support": 18
    },
    "trash_can": {
        "precision": 1.0,
        "recall": 0.8125,
        "f1-score": 0.896551724137931,
        "support": 16
    },
    "accuracy": 0.84375,
    "macro avg": {
        "precision": 0.8538630212375593,
        "recall": 0.8363422017085189,
        "f1-score": 0.8362670428829198,
        "support": 640
    },
    "weighted avg": {
        "precision": 0.8611704236045494,
        "recall": 0.84375,
        "f1-score": 0.8442936880031601,
        "support": 640
    }
}