{
    "back_pack": {
        "precision": 0.96,
        "recall": 1.0,
        "f1-score": 0.9795918367346939,
        "support": 24
    },
    "bike": {
        "precision": 1.0,
        "recall": 1.0,
        "f1-score": 1.0,
        "support": 16
    },
    "bike_helmet": {
        "precision": 1.0,
        "recall": 0.9565217391304348,
        "f1-score": 0.9777777777777777,
        "support": 23
    },
    "bookcase": {
        "precision": 1.0,
        "recall": 1.0,
        "f1-score": 1.0,
        "support": 7
    },
    "bottle": {
        "precision": 1.0,
        "recall": 1.0,
        "f1-score": 1.0,
        "support": 11
    },
    "calculator": {
        "precision": 0.8571428571428571,
        "recall": 0.9230769230769231,
        "f1-score": 0.888888888888889,
        "support": 26
    },
    "desk_chair": {
        "precision": 0.9722222222222222,
        "recall": 1.0,
        "f1-score": 0.9859154929577464,
        "support": 35
    },
    "desk_lamp": {
        "precision": 0.9285714285714286,
        "recall": 1.0,
        "f1-score": 0.962962962962963,
        "support": 13
    },
    "desktop_computer": {
        "precision": 0.7777777777777778,
        "recall": 0.875,
        "f1-score": 0.823529411764706,
        "support": 16
    },
    "file_cabinet": {
        "precision": 0.875,
        "recall": 1.0,
        "f1-score": 0.9333333333333333,
        "support": 14
    },
    "headphones": {
        "precision": 1.0,
        "recall": 1.0,
        "f1-score": 1.0,
        "support": 22
    },
    "keyboard": {
        "precision": 1.0,
        "recall": 0.8181818181818182,
        "f1-score": 0.9,
        "support": 22
    },
    "laptop_computer": {
        "precision": 1.0,
        "recall": 0.88,
        "f1-score": 0.9361702127659575,
        "support": 25
    },
    "letter_tray": {
        "precision": 0.9333333333333333,
        "recall": 1.0,
        "f1-score": 0.9655172413793104,
        "support": 14
    },
    "mobile_phone": {
        "precision": 0.8461538461538461,
        "recall": 0.88,
        "f1-score": 0.8627450980392156,
        "support": 25
    },
    "monitor": {
        "precision": 0.8974358974358975,
        "recall": 0.9210526315789473,
        "f1-score": 0.9090909090909091,
        "support": 38
    },
    "mouse": {
        "precision": 0.9565217391304348,
        "recall": 0.88,
        "f1-score": 0.9166666666666666,
        "support": 25
    },
    "mug": {
        "precision": 0.9565217391304348,
        "recall": 1.0,
        "f1-score": 0.9777777777777777,
        "support": 22
    },
    "paper_notebook": {
        "precision": 0.8214285714285714,
        "recall": 1.0,
        "f1-score": 0.9019607843137255,
        "support": 23
    },
    "pen": {
        "precision": 0.8518518518518519,
        "recall": 0.8518518518518519,
        "f1-score": 0.8518518518518519,
        "support": 27
    },
    "phone": {
        "precision": 1.0,
        "recall": 0.8181818181818182,
        "f1-score": 0.9,
        "support": 11
    },
    "printer": {
        "precision": 0.9333333333333333,
        "recall": 0.9333333333333333,
        "f1-score": 0.9333333333333333,
        "support": 15
    },
    "projector": {
        "precision": 0.8571428571428571,
        "recall": 0.72,
        "f1-score": 0.782608695652174,
        "support": 25
    },
    "punchers": {
        "precision": 0.7894736842105263,
        "recall": 0.6818181818181818,
        "f1-score": 0.7317073170731707,
        "support": 22
    },
    "ring_binder": {
        "precision": 0.8823529411764706,
        "recall": 0.8571428571428571,
        "f1-score": 0.8695652173913043,
        "support": 35
    },
    "ruler": {
        "precision": 0.4166666666666667,
        "recall": 0.8333333333333334,
        "f1-score": 0.5555555555555556,
        "support": 6
    },
    "scissors": {
        "precision": 1.0,
        "recall": 0.85,
        "f1-score": 0.9189189189189189,
        "support": 20
    },
    "speaker": {
        "precision": 0.9130434782608695,
        "recall": 0.84,
        "f1-score": 0.8749999999999999,
        "support": 25
    },
    "stapler": {
        "precision": 0.85,
        "recall": 0.8947368421052632,
        "f1-score": 0.8717948717948718,
        "support": 19
    },
    "tape_dispenser": {
        "precision": 0.8095238095238095,
        "recall": 0.9444444444444444,
        "f1-score": 0.8717948717948718,
        "support": 18
    },
    "trash_can": {
        "precision": 0.9230769230769231,
        "recall": 0.75,
        "f1-score": 0.8275862068965517,
        "support": 16
    },
    "accuracy": 0.903125,
    "macro avg": {
        "precision": 0.9035024179861328,
        "recall": 0.9067314765864259,
        "f1-score": 0.9003756527327832,
        "support": 640
    },
    "weighted avg": {
        "precision": 0.9106061134437343,
        "recall": 0.903125,
        "f1-score": 0.9038584669914664,
        "support": 640
    }
}