{
    "back_pack": {
        "precision": 0.8536585365853658,
        "recall": 0.8045977011494253,
        "f1-score": 0.8284023668639052,
        "support": 87
    },
    "bike": {
        "precision": 0.95,
        "recall": 0.987012987012987,
        "f1-score": 0.9681528662420381,
        "support": 77
    },
    "bike_helmet": {
        "precision": 0.6463414634146342,
        "recall": 0.7910447761194029,
        "f1-score": 0.7114093959731543,
        "support": 67
    },
    "bookcase": {
        "precision": 0.45569620253164556,
        "recall": 0.4675324675324675,
        "f1-score": 0.4615384615384615,
        "support": 77
    },
    "bottle": {
        "precision": 0.53125,
        "recall": 0.5483870967741935,
        "f1-score": 0.5396825396825397,
        "support": 31
    },
    "calculator": {
        "precision": 0.5066666666666667,
        "recall": 0.8539325842696629,
        "f1-score": 0.6359832635983264,
        "support": 89
    },
    "desk_chair": {
        "precision": 0.8354430379746836,
        "recall": 0.7674418604651163,
        "f1-score": 0.8,
        "support": 86
    },
    "desk_lamp": {
        "precision": 0.676923076923077,
        "recall": 0.4782608695652174,
        "f1-score": 0.5605095541401274,
        "support": 92
    },
    "desktop_computer": {
        "precision": 0.23404255319148937,
        "recall": 0.11956521739130435,
        "f1-score": 0.15827338129496404,
        "support": 92
    },
    "file_cabinet": {
        "precision": 0.75,
        "recall": 0.3157894736842105,
        "f1-score": 0.44444444444444436,
        "support": 76
    },
    "headphones": {
        "precision": 0.7156862745098039,
        "recall": 0.776595744680851,
        "f1-score": 0.7448979591836735,
        "support": 94
    },
    "keyboard": {
        "precision": 0.8210526315789474,
        "recall": 0.8210526315789474,
        "f1-score": 0.8210526315789475,
        "support": 95
    },
    "laptop_computer": {
        "precision": 0.4936708860759494,
        "recall": 0.8210526315789474,
        "f1-score": 0.616600790513834,
        "support": 95
    },
    "letter_tray": {
        "precision": 0.453125,
        "recall": 0.3118279569892473,
        "f1-score": 0.3694267515923567,
        "support": 93
    },
    "mobile_phone": {
        "precision": 0.4195804195804196,
        "recall": 0.631578947368421,
        "f1-score": 0.5042016806722689,
        "support": 95
    },
    "monitor": {
        "precision": 0.4900662251655629,
        "recall": 0.7872340425531915,
        "f1-score": 0.6040816326530613,
        "support": 94
    },
    "mouse": {
        "precision": 0.616,
        "recall": 0.8105263157894737,
        "f1-score": 0.7,
        "support": 95
    },
    "mug": {
        "precision": 0.4117647058823529,
        "recall": 0.07865168539325842,
        "f1-score": 0.1320754716981132,
        "support": 89
    },
    "paper_notebook": {
        "precision": 0.3374233128834356,
        "recall": 0.6043956043956044,
        "f1-score": 0.4330708661417323,
        "support": 91
    },
    "pen": {
        "precision": 0.5057471264367817,
        "recall": 0.4888888888888889,
        "f1-score": 0.4971751412429378,
        "support": 90
    },
    "phone": {
        "precision": 0.7894736842105263,
        "recall": 0.3409090909090909,
        "f1-score": 0.4761904761904762,
        "support": 88
    },
    "printer": {
        "precision": 0.5217391304347826,
        "recall": 0.25263157894736843,
        "f1-score": 0.3404255319148936,
        "support": 95
    },
    "projector": {
        "precision": 0.5540540540540541,
        "recall": 0.44086021505376344,
        "f1-score": 0.4910179640718563,
        "support": 93
    },
    "punchers": {
        "precision": 0.2231404958677686,
        "recall": 0.2903225806451613,
        "f1-score": 0.25233644859813087,
        "support": 93
    },
    "ring_binder": {
        "precision": 0.4044943820224719,
        "recall": 0.4235294117647059,
        "f1-score": 0.41379310344827586,
        "support": 85
    },
    "ruler": {
        "precision": 0.6428571428571429,
        "recall": 0.6428571428571429,
        "f1-score": 0.6428571428571429,
        "support": 70
    },
    "scissors": {
        "precision": 0.4673913043478261,
        "recall": 0.45263157894736844,
        "f1-score": 0.45989304812834225,
        "support": 95
    },
    "speaker": {
        "precision": 0.11428571428571428,
        "recall": 0.1276595744680851,
        "f1-score": 0.12060301507537688,
        "support": 94
    },
    "stapler": {
        "precision": 0.20168067226890757,
        "recall": 0.2553191489361702,
        "f1-score": 0.22535211267605634,
        "support": 94
    },
    "tape_dispenser": {
        "precision": 0.6862745098039216,
        "recall": 0.38461538461538464,
        "f1-score": 0.49295774647887325,
        "support": 91
    },
    "trash_can": {
        "precision": 0.25,
        "recall": 0.1016949152542373,
        "f1-score": 0.14457831325301204,
        "support": 59
    },
    "accuracy": 0.5150262960180315,
    "macro avg": {
        "precision": 0.5341783615985138,
        "recall": 0.5154322614702999,
        "f1-score": 0.5029349710241071,
        "support": 2662
    },
    "weighted avg": {
        "precision": 0.5310536695853559,
        "recall": 0.5150262960180315,
        "f1-score": 0.500772177355527,
        "support": 2662
    }
}