{
    "back_pack": {
        "precision": 0.8888888888888888,
        "recall": 1.0,
        "f1-score": 0.9411764705882353,
        "support": 24
    },
    "bike": {
        "precision": 0.9411764705882353,
        "recall": 1.0,
        "f1-score": 0.9696969696969697,
        "support": 16
    },
    "bike_helmet": {
        "precision": 1.0,
        "recall": 0.8695652173913043,
        "f1-score": 0.9302325581395349,
        "support": 23
    },
    "bookcase": {
        "precision": 1.0,
        "recall": 0.8571428571428571,
        "f1-score": 0.923076923076923,
        "support": 7
    },
    "bottle": {
        "precision": 1.0,
        "recall": 1.0,
        "f1-score": 1.0,
        "support": 11
    },
    "calculator": {
        "precision": 0.7272727272727273,
        "recall": 0.9230769230769231,
        "f1-score": 0.8135593220338984,
        "support": 26
    },
    "desk_chair": {
        "precision": 1.0,
        "recall": 1.0,
        "f1-score": 1.0,
        "support": 35
    },
    "desk_lamp": {
        "precision": 0.9230769230769231,
        "recall": 0.9230769230769231,
        "f1-score": 0.9230769230769231,
        "support": 13
    },
    "desktop_computer": {
        "precision": 0.7333333333333333,
        "recall": 0.6875,
        "f1-score": 0.7096774193548386,
        "support": 16
    },
    "file_cabinet": {
        "precision": 0.875,
        "recall": 1.0,
        "f1-score": 0.9333333333333333,
        "support": 14
    },
    "headphones": {
        "precision": 0.9565217391304348,
        "recall": 1.0,
        "f1-score": 0.9777777777777777,
        "support": 22
    },
    "keyboard": {
        "precision": 0.8947368421052632,
        "recall": 0.7727272727272727,
        "f1-score": 0.8292682926829269,
        "support": 22
    },
    "laptop_computer": {
        "precision": 0.95,
        "recall": 0.76,
        "f1-score": 0.8444444444444444,
        "support": 25
    },
    "letter_tray": {
        "precision": 0.9,
        "recall": 0.6428571428571429,
        "f1-score": 0.75,
        "support": 14
    },
    "mobile_phone": {
        "precision": 0.46153846153846156,
        "recall": 0.48,
        "f1-score": 0.47058823529411764,
        "support": 25
    },
    "monitor": {
        "precision": 0.8888888888888888,
        "recall": 0.8421052631578947,
        "f1-score": 0.8648648648648649,
        "support": 38
    },
    "mouse": {
        "precision": 0.8823529411764706,
        "recall": 0.6,
        "f1-score": 0.7142857142857143,
        "support": 25
    },
    "mug": {
        "precision": 0.9565217391304348,
        "recall": 1.0,
        "f1-score": 0.9777777777777777,
        "support": 22
    },
    "paper_notebook": {
        "precision": 0.8076923076923077,
        "recall": 0.9130434782608695,
        "f1-score": 0.8571428571428572,
        "support": 23
    },
    "pen": {
        "precision": 0.6216216216216216,
        "recall": 0.8518518518518519,
        "f1-score": 0.7187499999999999,
        "support": 27
    },
    "phone": {
        "precision": 0.8888888888888888,
        "recall": 0.7272727272727273,
        "f1-score": 0.7999999999999999,
        "support": 11
    },
    "printer": {
        "precision": 0.5454545454545454,
        "recall": 0.8,
        "f1-score": 0.6486486486486486,
        "support": 15
    },
    "projector": {
        "precision": 0.8235294117647058,
        "recall": 0.56,
        "f1-score": 0.6666666666666666,
        "support": 25
    },
    "punchers": {
        "precision": 0.6842105263157895,
        "recall": 0.5909090909090909,
        "f1-score": 0.6341463414634148,
        "support": 22
    },
    "ring_binder": {
        "precision": 0.8787878787878788,
        "recall": 0.8285714285714286,
        "f1-score": 0.8529411764705883,
        "support": 35
    },
    "ruler": {
        "precision": 0.2857142857142857,
        "recall": 0.6666666666666666,
        "f1-score": 0.4,
        "support": 6
    },
    "scissors": {
        "precision": 1.0,
        "recall": 0.7,
        "f1-score": 0.8235294117647058,
        "support": 20
    },
    "speaker": {
        "precision": 0.9090909090909091,
        "recall": 0.8,
        "f1-score": 0.8510638297872342,
        "support": 25
    },
    "stapler": {
        "precision": 1.0,
        "recall": 0.3684210526315789,
        "f1-score": 0.5384615384615384,
        "support": 19
    },
    "tape_dispenser": {
        "precision": 0.4166666666666667,
        "recall": 0.8333333333333334,
        "f1-score": 0.5555555555555556,
        "support": 18
    },
    "trash_can": {
        "precision": 0.5882352941176471,
        "recall": 0.625,
        "f1-score": 0.6060606060606061,
        "support": 16
    },
    "accuracy": 0.7984375,
    "macro avg": {
        "precision": 0.8202968158466228,
        "recall": 0.7942942331912215,
        "f1-score": 0.7911549567241966,
        "support": 640
    },
    "weighted avg": {
        "precision": 0.8325826243707182,
        "recall": 0.7984375,
        "f1-score": 0.8017098233453476,
        "support": 640
    }
}