{
    "back_pack": {
        "precision": 0.84,
        "recall": 0.9130434782608695,
        "f1-score": 0.8749999999999999,
        "support": 23
    },
    "bike": {
        "precision": 0.9655172413793104,
        "recall": 1.0,
        "f1-score": 0.9824561403508771,
        "support": 28
    },
    "bike_helmet": {
        "precision": 0.9166666666666666,
        "recall": 0.9565217391304348,
        "f1-score": 0.9361702127659574,
        "support": 23
    },
    "bookcase": {
        "precision": 0.6666666666666666,
        "recall": 0.72,
        "f1-score": 0.6923076923076923,
        "support": 25
    },
    "bottle": {
        "precision": 0.3333333333333333,
        "recall": 0.3333333333333333,
        "f1-score": 0.3333333333333333,
        "support": 9
    },
    "calculator": {
        "precision": 0.6739130434782609,
        "recall": 0.9117647058823529,
        "f1-score": 0.775,
        "support": 34
    },
    "desk_chair": {
        "precision": 0.9428571428571428,
        "recall": 0.8461538461538461,
        "f1-score": 0.8918918918918919,
        "support": 39
    },
    "desk_lamp": {
        "precision": 0.8333333333333334,
        "recall": 0.7142857142857143,
        "f1-score": 0.7692307692307692,
        "support": 28
    },
    "desktop_computer": {
        "precision": 0.5357142857142857,
        "recall": 0.45454545454545453,
        "f1-score": 0.49180327868852464,
        "support": 33
    },
    "file_cabinet": {
        "precision": 0.7272727272727273,
        "recall": 0.6153846153846154,
        "f1-score": 0.6666666666666667,
        "support": 13
    },
    "headphones": {
        "precision": 0.775,
        "recall": 0.9393939393939394,
        "f1-score": 0.8493150684931509,
        "support": 33
    },
    "keyboard": {
        "precision": 0.8888888888888888,
        "recall": 0.8571428571428571,
        "f1-score": 0.8727272727272727,
        "support": 28
    },
    "laptop_computer": {
        "precision": 0.6923076923076923,
        "recall": 0.6666666666666666,
        "f1-score": 0.6792452830188679,
        "support": 27
    },
    "letter_tray": {
        "precision": 0.72,
        "recall": 0.6923076923076923,
        "f1-score": 0.7058823529411765,
        "support": 26
    },
    "mobile_phone": {
        "precision": 0.5227272727272727,
        "recall": 0.8214285714285714,
        "f1-score": 0.6388888888888888,
        "support": 28
    },
    "monitor": {
        "precision": 0.8571428571428571,
        "recall": 0.8571428571428571,
        "f1-score": 0.8571428571428571,
        "support": 28
    },
    "mouse": {
        "precision": 0.7105263157894737,
        "recall": 0.75,
        "f1-score": 0.7297297297297298,
        "support": 36
    },
    "mug": {
        "precision": 0.8181818181818182,
        "recall": 0.6666666666666666,
        "f1-score": 0.7346938775510203,
        "support": 27
    },
    "paper_notebook": {
        "precision": 0.56,
        "recall": 0.8235294117647058,
        "f1-score": 0.6666666666666666,
        "support": 34
    },
    "pen": {
        "precision": 0.4594594594594595,
        "recall": 0.6296296296296297,
        "f1-score": 0.53125,
        "support": 27
    },
    "phone": {
        "precision": 1.0,
        "recall": 0.7142857142857143,
        "f1-score": 0.8333333333333333,
        "support": 28
    },
    "printer": {
        "precision": 0.8888888888888888,
        "recall": 0.5714285714285714,
        "f1-score": 0.6956521739130435,
        "support": 28
    },
    "projector": {
        "precision": 0.9411764705882353,
        "recall": 0.5161290322580645,
        "f1-score": 0.6666666666666666,
        "support": 31
    },
    "punchers": {
        "precision": 0.21052631578947367,
        "recall": 0.34782608695652173,
        "f1-score": 0.26229508196721313,
        "support": 23
    },
    "ring_binder": {
        "precision": 0.38095238095238093,
        "recall": 0.2857142857142857,
        "f1-score": 0.32653061224489793,
        "support": 28
    },
    "ruler": {
        "precision": 0.6451612903225806,
        "recall": 0.8333333333333334,
        "f1-score": 0.7272727272727272,
        "support": 24
    },
    "scissors": {
        "precision": 0.41025641025641024,
        "recall": 0.5517241379310345,
        "f1-score": 0.47058823529411764,
        "support": 29
    },
    "speaker": {
        "precision": 0.7692307692307693,
        "recall": 0.3225806451612903,
        "f1-score": 0.45454545454545453,
        "support": 31
    },
    "stapler": {
        "precision": 0.5714285714285714,
        "recall": 0.48,
        "f1-score": 0.5217391304347826,
        "support": 25
    },
    "tape_dispenser": {
        "precision": 0.4117647058823529,
        "recall": 0.25925925925925924,
        "f1-score": 0.3181818181818182,
        "support": 27
    },
    "trash_can": {
        "precision": 0.7333333333333333,
        "recall": 0.5,
        "f1-score": 0.5945945945945945,
        "support": 22
    },
    "accuracy": 0.6757396449704142,
    "macro avg": {
        "precision": 0.6903944478023286,
        "recall": 0.6629426530789769,
        "f1-score": 0.6629290906723866,
        "support": 845
    },
    "weighted avg": {
        "precision": 0.7020372945600091,
        "recall": 0.6757396449704142,
        "f1-score": 0.6742796701190534,
        "support": 845
    }
}