{
    "0": {
        "precision": 0.9882451721242653,
        "recall": 0.9857621440536013,
        "f1-score": 0.9870020964360587,
        "support": 1194
    },
    "1": {
        "precision": 0.9652173913043478,
        "recall": 0.9940298507462687,
        "f1-score": 0.9794117647058824,
        "support": 1005
    },
    "2": {
        "precision": 0.920114122681883,
        "recall": 0.8823529411764706,
        "f1-score": 0.9008379888268155,
        "support": 731
    },
    "3": {
        "precision": 0.8644986449864499,
        "recall": 0.9696048632218845,
        "f1-score": 0.9140401146131807,
        "support": 658
    },
    "4": {
        "precision": 0.9415384615384615,
        "recall": 0.9386503067484663,
        "f1-score": 0.9400921658986175,
        "support": 652
    },
    "5": {
        "precision": 0.8769230769230769,
        "recall": 0.8201438848920863,
        "f1-score": 0.8475836431226766,
        "support": 556
    },
    "6": {
        "precision": 0.9615975422427036,
        "recall": 0.9427710843373494,
        "f1-score": 0.9520912547528516,
        "support": 664
    },
    "7": {
        "precision": 0.8431105047748977,
        "recall": 0.958139534883721,
        "f1-score": 0.8969521044992743,
        "support": 645
    },
    "8": {
        "precision": 0.9808429118773946,
        "recall": 0.9446494464944649,
        "f1-score": 0.9624060150375939,
        "support": 542
    },
    "9": {
        "precision": 0.96,
        "recall": 0.8198757763975155,
        "f1-score": 0.8844221105527638,
        "support": 644
    },
    "accuracy": 0.9341654094088603,
    "macro avg": {
        "precision": 0.930208782845348,
        "recall": 0.9255979832951828,
        "f1-score": 0.9264839258445715,
        "support": 7291
    },
    "weighted avg": {
        "precision": 0.9360949054200525,
        "recall": 0.9341654094088603,
        "f1-score": 0.9338707296075064,
        "support": 7291
    }
}