{
    "back_pack": {
        "precision": 0.9113924050632911,
        "recall": 0.8275862068965517,
        "f1-score": 0.8674698795180723,
        "support": 87
    },
    "bike": {
        "precision": 0.8705882352941177,
        "recall": 0.961038961038961,
        "f1-score": 0.9135802469135802,
        "support": 77
    },
    "bike_helmet": {
        "precision": 0.6404494382022472,
        "recall": 0.8507462686567164,
        "f1-score": 0.7307692307692307,
        "support": 67
    },
    "bookcase": {
        "precision": 0.4444444444444444,
        "recall": 0.7792207792207793,
        "f1-score": 0.5660377358490566,
        "support": 77
    },
    "bottle": {
        "precision": 0.45,
        "recall": 0.5806451612903226,
        "f1-score": 0.5070422535211268,
        "support": 31
    },
    "calculator": {
        "precision": 0.5806451612903226,
        "recall": 0.6067415730337079,
        "f1-score": 0.5934065934065934,
        "support": 89
    },
    "desk_chair": {
        "precision": 0.7169811320754716,
        "recall": 0.8837209302325582,
        "f1-score": 0.7916666666666666,
        "support": 86
    },
    "desk_lamp": {
        "precision": 0.7045454545454546,
        "recall": 0.33695652173913043,
        "f1-score": 0.4558823529411765,
        "support": 92
    },
    "desktop_computer": {
        "precision": 0.5789473684210527,
        "recall": 0.2391304347826087,
        "f1-score": 0.3384615384615385,
        "support": 92
    },
    "file_cabinet": {
        "precision": 0.4036697247706422,
        "recall": 0.5789473684210527,
        "f1-score": 0.4756756756756757,
        "support": 76
    },
    "headphones": {
        "precision": 0.7816091954022989,
        "recall": 0.723404255319149,
        "f1-score": 0.7513812154696133,
        "support": 94
    },
    "keyboard": {
        "precision": 0.8148148148148148,
        "recall": 0.6947368421052632,
        "f1-score": 0.7500000000000001,
        "support": 95
    },
    "laptop_computer": {
        "precision": 0.8311688311688312,
        "recall": 0.6736842105263158,
        "f1-score": 0.7441860465116279,
        "support": 95
    },
    "letter_tray": {
        "precision": 0.7317073170731707,
        "recall": 0.6451612903225806,
        "f1-score": 0.6857142857142856,
        "support": 93
    },
    "mobile_phone": {
        "precision": 0.6118421052631579,
        "recall": 0.9789473684210527,
        "f1-score": 0.7530364372469636,
        "support": 95
    },
    "monitor": {
        "precision": 0.5763888888888888,
        "recall": 0.8829787234042553,
        "f1-score": 0.6974789915966386,
        "support": 94
    },
    "mouse": {
        "precision": 0.6111111111111112,
        "recall": 0.8105263157894737,
        "f1-score": 0.6968325791855204,
        "support": 95
    },
    "mug": {
        "precision": 0.8888888888888888,
        "recall": 0.6292134831460674,
        "f1-score": 0.7368421052631579,
        "support": 89
    },
    "paper_notebook": {
        "precision": 0.49333333333333335,
        "recall": 0.4065934065934066,
        "f1-score": 0.44578313253012053,
        "support": 91
    },
    "pen": {
        "precision": 0.3333333333333333,
        "recall": 0.32222222222222224,
        "f1-score": 0.3276836158192091,
        "support": 90
    },
    "phone": {
        "precision": 0.7285714285714285,
        "recall": 0.5795454545454546,
        "f1-score": 0.6455696202531646,
        "support": 88
    },
    "printer": {
        "precision": 0.8387096774193549,
        "recall": 0.5473684210526316,
        "f1-score": 0.6624203821656051,
        "support": 95
    },
    "projector": {
        "precision": 0.594059405940594,
        "recall": 0.6451612903225806,
        "f1-score": 0.6185567010309277,
        "support": 93
    },
    "punchers": {
        "precision": 0.5172413793103449,
        "recall": 0.3225806451612903,
        "f1-score": 0.3973509933774834,
        "support": 93
    },
    "ring_binder": {
        "precision": 0.6140350877192983,
        "recall": 0.4117647058823529,
        "f1-score": 0.49295774647887325,
        "support": 85
    },
    "ruler": {
        "precision": 0.41304347826086957,
        "recall": 0.5428571428571428,
        "f1-score": 0.46913580246913583,
        "support": 70
    },
    "scissors": {
        "precision": 0.44871794871794873,
        "recall": 0.3684210526315789,
        "f1-score": 0.4046242774566474,
        "support": 95
    },
    "speaker": {
        "precision": 0.5694444444444444,
        "recall": 0.43617021276595747,
        "f1-score": 0.49397590361445787,
        "support": 94
    },
    "stapler": {
        "precision": 0.3308270676691729,
        "recall": 0.46808510638297873,
        "f1-score": 0.3876651982378854,
        "support": 94
    },
    "tape_dispenser": {
        "precision": 0.5625,
        "recall": 0.2967032967032967,
        "f1-score": 0.3884892086330935,
        "support": 91
    },
    "trash_can": {
        "precision": 0.31313131313131315,
        "recall": 0.5254237288135594,
        "f1-score": 0.3924050632911392,
        "support": 59
    },
    "accuracy": 0.5954169797145004,
    "macro avg": {
        "precision": 0.6098755617603111,
        "recall": 0.5985897864606775,
        "f1-score": 0.5865187574215571,
        "support": 2662
    },
    "weighted avg": {
        "precision": 0.6186797629608796,
        "recall": 0.5954169797145004,
        "f1-score": 0.5891331550075037,
        "support": 2662
    }
}