{
    "back_pack": {
        "precision": 0.9692307692307692,
        "recall": 0.7241379310344828,
        "f1-score": 0.8289473684210527,
        "support": 87
    },
    "bike": {
        "precision": 0.96,
        "recall": 0.935064935064935,
        "f1-score": 0.9473684210526316,
        "support": 77
    },
    "bike_helmet": {
        "precision": 1.0,
        "recall": 0.7910447761194029,
        "f1-score": 0.8833333333333333,
        "support": 67
    },
    "bookcase": {
        "precision": 0.8666666666666667,
        "recall": 0.33766233766233766,
        "f1-score": 0.485981308411215,
        "support": 77
    },
    "bottle": {
        "precision": 0.44680851063829785,
        "recall": 0.6774193548387096,
        "f1-score": 0.5384615384615384,
        "support": 31
    },
    "calculator": {
        "precision": 0.6306306306306306,
        "recall": 0.7865168539325843,
        "f1-score": 0.7000000000000001,
        "support": 89
    },
    "desk_chair": {
        "precision": 0.77,
        "recall": 0.8953488372093024,
        "f1-score": 0.8279569892473118,
        "support": 86
    },
    "desk_lamp": {
        "precision": 0.9166666666666666,
        "recall": 0.4782608695652174,
        "f1-score": 0.6285714285714286,
        "support": 92
    },
    "desktop_computer": {
        "precision": 0.4431818181818182,
        "recall": 0.42391304347826086,
        "f1-score": 0.4333333333333333,
        "support": 92
    },
    "file_cabinet": {
        "precision": 0.37209302325581395,
        "recall": 0.42105263157894735,
        "f1-score": 0.3950617283950617,
        "support": 76
    },
    "headphones": {
        "precision": 0.8018867924528302,
        "recall": 0.9042553191489362,
        "f1-score": 0.8500000000000001,
        "support": 94
    },
    "keyboard": {
        "precision": 0.9615384615384616,
        "recall": 0.7894736842105263,
        "f1-score": 0.8670520231213873,
        "support": 95
    },
    "laptop_computer": {
        "precision": 0.5393939393939394,
        "recall": 0.9368421052631579,
        "f1-score": 0.6846153846153846,
        "support": 95
    },
    "letter_tray": {
        "precision": 0.7037037037037037,
        "recall": 0.6129032258064516,
        "f1-score": 0.6551724137931035,
        "support": 93
    },
    "mobile_phone": {
        "precision": 0.5779816513761468,
        "recall": 0.6631578947368421,
        "f1-score": 0.6176470588235293,
        "support": 95
    },
    "monitor": {
        "precision": 0.6567164179104478,
        "recall": 0.9361702127659575,
        "f1-score": 0.7719298245614035,
        "support": 94
    },
    "mouse": {
        "precision": 0.4972972972972973,
        "recall": 0.968421052631579,
        "f1-score": 0.6571428571428571,
        "support": 95
    },
    "mug": {
        "precision": 0.8924731182795699,
        "recall": 0.9325842696629213,
        "f1-score": 0.9120879120879121,
        "support": 89
    },
    "paper_notebook": {
        "precision": 0.4838709677419355,
        "recall": 0.32967032967032966,
        "f1-score": 0.39215686274509803,
        "support": 91
    },
    "pen": {
        "precision": 0.6292134831460674,
        "recall": 0.6222222222222222,
        "f1-score": 0.6256983240223464,
        "support": 90
    },
    "phone": {
        "precision": 0.5675675675675675,
        "recall": 0.7159090909090909,
        "f1-score": 0.6331658291457287,
        "support": 88
    },
    "printer": {
        "precision": 0.4967741935483871,
        "recall": 0.8105263157894737,
        "f1-score": 0.616,
        "support": 95
    },
    "projector": {
        "precision": 0.6666666666666666,
        "recall": 0.9032258064516129,
        "f1-score": 0.7671232876712328,
        "support": 93
    },
    "punchers": {
        "precision": 0.2727272727272727,
        "recall": 0.1935483870967742,
        "f1-score": 0.22641509433962262,
        "support": 93
    },
    "ring_binder": {
        "precision": 0.4032258064516129,
        "recall": 0.29411764705882354,
        "f1-score": 0.34013605442176875,
        "support": 85
    },
    "ruler": {
        "precision": 0.7301587301587301,
        "recall": 0.6571428571428571,
        "f1-score": 0.6917293233082706,
        "support": 70
    },
    "scissors": {
        "precision": 0.8,
        "recall": 0.25263157894736843,
        "f1-score": 0.384,
        "support": 95
    },
    "speaker": {
        "precision": 0.61,
        "recall": 0.648936170212766,
        "f1-score": 0.6288659793814433,
        "support": 94
    },
    "stapler": {
        "precision": 0.1724137931034483,
        "recall": 0.1595744680851064,
        "f1-score": 0.16574585635359118,
        "support": 94
    },
    "tape_dispenser": {
        "precision": 0.5,
        "recall": 0.12087912087912088,
        "f1-score": 0.19469026548672566,
        "support": 91
    },
    "trash_can": {
        "precision": 0.8285714285714286,
        "recall": 0.4915254237288136,
        "f1-score": 0.6170212765957447,
        "support": 59
    },
    "accuracy": 0.6265965439519159,
    "macro avg": {
        "precision": 0.6505632057066509,
        "recall": 0.6262625404162876,
        "f1-score": 0.6118519702207761,
        "support": 2662
    },
    "weighted avg": {
        "precision": 0.6471692638186077,
        "recall": 0.6265965439519159,
        "f1-score": 0.610042041755555,
        "support": 2662
    }
}