{
    "back_pack": {
        "precision": 0.6551724137931034,
        "recall": 0.8735632183908046,
        "f1-score": 0.7487684729064039,
        "support": 87
    },
    "bike": {
        "precision": 0.927710843373494,
        "recall": 1.0,
        "f1-score": 0.9625,
        "support": 77
    },
    "bike_helmet": {
        "precision": 0.7590361445783133,
        "recall": 0.9402985074626866,
        "f1-score": 0.8400000000000001,
        "support": 67
    },
    "bookcase": {
        "precision": 0.4957983193277311,
        "recall": 0.7662337662337663,
        "f1-score": 0.6020408163265306,
        "support": 77
    },
    "bottle": {
        "precision": 0.41935483870967744,
        "recall": 0.41935483870967744,
        "f1-score": 0.41935483870967744,
        "support": 31
    },
    "calculator": {
        "precision": 0.7094017094017094,
        "recall": 0.9325842696629213,
        "f1-score": 0.8058252427184467,
        "support": 89
    },
    "desk_chair": {
        "precision": 0.9259259259259259,
        "recall": 0.872093023255814,
        "f1-score": 0.8982035928143713,
        "support": 86
    },
    "desk_lamp": {
        "precision": 0.78125,
        "recall": 0.2717391304347826,
        "f1-score": 0.4032258064516128,
        "support": 92
    },
    "desktop_computer": {
        "precision": 0.84,
        "recall": 0.22826086956521738,
        "f1-score": 0.3589743589743589,
        "support": 92
    },
    "file_cabinet": {
        "precision": 0.5764705882352941,
        "recall": 0.6447368421052632,
        "f1-score": 0.6086956521739131,
        "support": 76
    },
    "headphones": {
        "precision": 0.6730769230769231,
        "recall": 0.7446808510638298,
        "f1-score": 0.7070707070707072,
        "support": 94
    },
    "keyboard": {
        "precision": 0.7570093457943925,
        "recall": 0.8526315789473684,
        "f1-score": 0.8019801980198019,
        "support": 95
    },
    "laptop_computer": {
        "precision": 0.797752808988764,
        "recall": 0.7473684210526316,
        "f1-score": 0.7717391304347826,
        "support": 95
    },
    "letter_tray": {
        "precision": 0.5111111111111111,
        "recall": 0.24731182795698925,
        "f1-score": 0.3333333333333333,
        "support": 93
    },
    "mobile_phone": {
        "precision": 0.627906976744186,
        "recall": 0.8526315789473684,
        "f1-score": 0.7232142857142857,
        "support": 95
    },
    "monitor": {
        "precision": 0.7241379310344828,
        "recall": 0.8936170212765957,
        "f1-score": 0.7999999999999999,
        "support": 94
    },
    "mouse": {
        "precision": 0.7155963302752294,
        "recall": 0.8210526315789474,
        "f1-score": 0.7647058823529412,
        "support": 95
    },
    "mug": {
        "precision": 0.7252747252747253,
        "recall": 0.7415730337078652,
        "f1-score": 0.7333333333333333,
        "support": 89
    },
    "paper_notebook": {
        "precision": 0.475,
        "recall": 0.6263736263736264,
        "f1-score": 0.5402843601895734,
        "support": 91
    },
    "pen": {
        "precision": 0.4794520547945205,
        "recall": 0.3888888888888889,
        "f1-score": 0.42944785276073616,
        "support": 90
    },
    "phone": {
        "precision": 0.9245283018867925,
        "recall": 0.5568181818181818,
        "f1-score": 0.6950354609929078,
        "support": 88
    },
    "printer": {
        "precision": 0.6363636363636364,
        "recall": 0.6631578947368421,
        "f1-score": 0.6494845360824741,
        "support": 95
    },
    "projector": {
        "precision": 0.5126050420168067,
        "recall": 0.6559139784946236,
        "f1-score": 0.5754716981132076,
        "support": 93
    },
    "punchers": {
        "precision": 0.3870967741935484,
        "recall": 0.12903225806451613,
        "f1-score": 0.1935483870967742,
        "support": 93
    },
    "ring_binder": {
        "precision": 0.39805825242718446,
        "recall": 0.4823529411764706,
        "f1-score": 0.4361702127659574,
        "support": 85
    },
    "ruler": {
        "precision": 0.4897959183673469,
        "recall": 0.6857142857142857,
        "f1-score": 0.5714285714285715,
        "support": 70
    },
    "scissors": {
        "precision": 0.40229885057471265,
        "recall": 0.3684210526315789,
        "f1-score": 0.3846153846153846,
        "support": 95
    },
    "speaker": {
        "precision": 0.6857142857142857,
        "recall": 0.2553191489361702,
        "f1-score": 0.37209302325581395,
        "support": 94
    },
    "stapler": {
        "precision": 0.35294117647058826,
        "recall": 0.3191489361702128,
        "f1-score": 0.335195530726257,
        "support": 94
    },
    "tape_dispenser": {
        "precision": 0.2125,
        "recall": 0.37362637362637363,
        "f1-score": 0.27091633466135456,
        "support": 91
    },
    "trash_can": {
        "precision": 0.5405405405405406,
        "recall": 0.3389830508474576,
        "f1-score": 0.4166666666666667,
        "support": 59
    },
    "accuracy": 0.6025544703230654,
    "macro avg": {
        "precision": 0.6167381215804846,
        "recall": 0.6030155492848953,
        "f1-score": 0.5855910861512961,
        "support": 2662
    },
    "weighted avg": {
        "precision": 0.6205927965706429,
        "recall": 0.6025544703230654,
        "f1-score": 0.586236206649183,
        "support": 2662
    }
}