{
    "back_pack": {
        "precision": 0.96875,
        "recall": 0.7126436781609196,
        "f1-score": 0.8211920529801324,
        "support": 87
    },
    "bike": {
        "precision": 0.9605263157894737,
        "recall": 0.948051948051948,
        "f1-score": 0.9542483660130718,
        "support": 77
    },
    "bike_helmet": {
        "precision": 0.8253968253968254,
        "recall": 0.7761194029850746,
        "f1-score": 0.8,
        "support": 67
    },
    "bookcase": {
        "precision": 0.43884892086330934,
        "recall": 0.7922077922077922,
        "f1-score": 0.5648148148148148,
        "support": 77
    },
    "bottle": {
        "precision": 0.5294117647058824,
        "recall": 0.5806451612903226,
        "f1-score": 0.5538461538461539,
        "support": 31
    },
    "calculator": {
        "precision": 0.6119402985074627,
        "recall": 0.9213483146067416,
        "f1-score": 0.7354260089686099,
        "support": 89
    },
    "desk_chair": {
        "precision": 0.7326732673267327,
        "recall": 0.8604651162790697,
        "f1-score": 0.7914438502673797,
        "support": 86
    },
    "desk_lamp": {
        "precision": 0.8048780487804879,
        "recall": 0.358695652173913,
        "f1-score": 0.4962406015037593,
        "support": 92
    },
    "desktop_computer": {
        "precision": 0.5,
        "recall": 0.14130434782608695,
        "f1-score": 0.22033898305084745,
        "support": 92
    },
    "file_cabinet": {
        "precision": 0.48936170212765956,
        "recall": 0.6052631578947368,
        "f1-score": 0.5411764705882353,
        "support": 76
    },
    "headphones": {
        "precision": 0.8333333333333334,
        "recall": 0.7978723404255319,
        "f1-score": 0.8152173913043479,
        "support": 94
    },
    "keyboard": {
        "precision": 0.8791208791208791,
        "recall": 0.8421052631578947,
        "f1-score": 0.8602150537634409,
        "support": 95
    },
    "laptop_computer": {
        "precision": 0.83,
        "recall": 0.8736842105263158,
        "f1-score": 0.8512820512820513,
        "support": 95
    },
    "letter_tray": {
        "precision": 0.6140350877192983,
        "recall": 0.3763440860215054,
        "f1-score": 0.4666666666666667,
        "support": 93
    },
    "mobile_phone": {
        "precision": 0.7788461538461539,
        "recall": 0.8526315789473684,
        "f1-score": 0.814070351758794,
        "support": 95
    },
    "monitor": {
        "precision": 0.7049180327868853,
        "recall": 0.9148936170212766,
        "f1-score": 0.7962962962962963,
        "support": 94
    },
    "mouse": {
        "precision": 0.5294117647058824,
        "recall": 0.8526315789473684,
        "f1-score": 0.653225806451613,
        "support": 95
    },
    "mug": {
        "precision": 0.8727272727272727,
        "recall": 0.5393258426966292,
        "f1-score": 0.6666666666666667,
        "support": 89
    },
    "paper_notebook": {
        "precision": 0.4945054945054945,
        "recall": 0.4945054945054945,
        "f1-score": 0.4945054945054945,
        "support": 91
    },
    "pen": {
        "precision": 0.4606741573033708,
        "recall": 0.45555555555555555,
        "f1-score": 0.4581005586592179,
        "support": 90
    },
    "phone": {
        "precision": 0.8225806451612904,
        "recall": 0.5795454545454546,
        "f1-score": 0.68,
        "support": 88
    },
    "printer": {
        "precision": 0.7108433734939759,
        "recall": 0.6210526315789474,
        "f1-score": 0.6629213483146067,
        "support": 95
    },
    "projector": {
        "precision": 0.5727272727272728,
        "recall": 0.6774193548387096,
        "f1-score": 0.6206896551724138,
        "support": 93
    },
    "punchers": {
        "precision": 0.16923076923076924,
        "recall": 0.11827956989247312,
        "f1-score": 0.13924050632911392,
        "support": 93
    },
    "ring_binder": {
        "precision": 0.46875,
        "recall": 0.35294117647058826,
        "f1-score": 0.4026845637583893,
        "support": 85
    },
    "ruler": {
        "precision": 0.5053763440860215,
        "recall": 0.6714285714285714,
        "f1-score": 0.5766871165644173,
        "support": 70
    },
    "scissors": {
        "precision": 0.35714285714285715,
        "recall": 0.3684210526315789,
        "f1-score": 0.3626943005181347,
        "support": 95
    },
    "speaker": {
        "precision": 0.5,
        "recall": 0.5,
        "f1-score": 0.5,
        "support": 94
    },
    "stapler": {
        "precision": 0.38095238095238093,
        "recall": 0.5106382978723404,
        "f1-score": 0.43636363636363634,
        "support": 94
    },
    "tape_dispenser": {
        "precision": 0.47435897435897434,
        "recall": 0.4065934065934066,
        "f1-score": 0.4378698224852071,
        "support": 91
    },
    "trash_can": {
        "precision": 0.4461538461538462,
        "recall": 0.4915254237288136,
        "f1-score": 0.46774193548387105,
        "support": 59
    },
    "accuracy": 0.6108189331329827,
    "macro avg": {
        "precision": 0.6215314768662512,
        "recall": 0.6127141638342718,
        "f1-score": 0.6013505330444319,
        "support": 2662
    },
    "weighted avg": {
        "precision": 0.6240841019875043,
        "recall": 0.6108189331329827,
        "f1-score": 0.6011221042897156,
        "support": 2662
    }
}