{
    "0": {
        "precision": 0.9889830508474576,
        "recall": 0.9773869346733668,
        "f1-score": 0.983150800336984,
        "support": 1194
    },
    "1": {
        "precision": 0.9832347140039448,
        "recall": 0.9920398009950249,
        "f1-score": 0.9876176324913324,
        "support": 1005
    },
    "2": {
        "precision": 0.8821243523316062,
        "recall": 0.9316005471956225,
        "f1-score": 0.906187624750499,
        "support": 731
    },
    "3": {
        "precision": 0.8950354609929078,
        "recall": 0.958966565349544,
        "f1-score": 0.925898752751284,
        "support": 658
    },
    "4": {
        "precision": 0.9217877094972067,
        "recall": 0.75920245398773,
        "f1-score": 0.8326324642556769,
        "support": 652
    },
    "5": {
        "precision": 0.8726937269372693,
        "recall": 0.8507194244604317,
        "f1-score": 0.8615664845173042,
        "support": 556
    },
    "6": {
        "precision": 0.9572107765451664,
        "recall": 0.9096385542168675,
        "f1-score": 0.9328185328185328,
        "support": 664
    },
    "7": {
        "precision": 0.6959910913140311,
        "recall": 0.9689922480620154,
        "f1-score": 0.8101101749837977,
        "support": 645
    },
    "8": {
        "precision": 0.9441233140655106,
        "recall": 0.9040590405904059,
        "f1-score": 0.9236569274269557,
        "support": 542
    },
    "9": {
        "precision": 0.8154158215010142,
        "recall": 0.6242236024844721,
        "f1-score": 0.7071240105540897,
        "support": 644
    },
    "accuracy": 0.9004251817309011,
    "macro avg": {
        "precision": 0.8956600018036115,
        "recall": 0.8876829172015481,
        "f1-score": 0.8870763404886457,
        "support": 7291
    },
    "weighted avg": {
        "precision": 0.9066425756050703,
        "recall": 0.9004251817309011,
        "f1-score": 0.8994557848667849,
        "support": 7291
    }
}