{
    "back_pack": {
        "precision": 0.9024390243902439,
        "recall": 0.8505747126436781,
        "f1-score": 0.8757396449704142,
        "support": 87
    },
    "bike": {
        "precision": 0.8823529411764706,
        "recall": 0.974025974025974,
        "f1-score": 0.9259259259259258,
        "support": 77
    },
    "bike_helmet": {
        "precision": 0.5978260869565217,
        "recall": 0.8208955223880597,
        "f1-score": 0.6918238993710691,
        "support": 67
    },
    "bookcase": {
        "precision": 0.6274509803921569,
        "recall": 0.8311688311688312,
        "f1-score": 0.7150837988826816,
        "support": 77
    },
    "bottle": {
        "precision": 0.42105263157894735,
        "recall": 0.5161290322580645,
        "f1-score": 0.46376811594202894,
        "support": 31
    },
    "calculator": {
        "precision": 0.8045977011494253,
        "recall": 0.7865168539325843,
        "f1-score": 0.7954545454545455,
        "support": 89
    },
    "desk_chair": {
        "precision": 0.8780487804878049,
        "recall": 0.8372093023255814,
        "f1-score": 0.8571428571428572,
        "support": 86
    },
    "desk_lamp": {
        "precision": 0.8888888888888888,
        "recall": 0.2608695652173913,
        "f1-score": 0.4033613445378151,
        "support": 92
    },
    "desktop_computer": {
        "precision": 0.6190476190476191,
        "recall": 0.2826086956521739,
        "f1-score": 0.3880597014925373,
        "support": 92
    },
    "file_cabinet": {
        "precision": 0.22058823529411764,
        "recall": 0.5921052631578947,
        "f1-score": 0.3214285714285714,
        "support": 76
    },
    "headphones": {
        "precision": 0.8928571428571429,
        "recall": 0.7978723404255319,
        "f1-score": 0.8426966292134832,
        "support": 94
    },
    "keyboard": {
        "precision": 0.6567164179104478,
        "recall": 0.9263157894736842,
        "f1-score": 0.7685589519650655,
        "support": 95
    },
    "laptop_computer": {
        "precision": 0.7326732673267327,
        "recall": 0.7789473684210526,
        "f1-score": 0.7551020408163266,
        "support": 95
    },
    "letter_tray": {
        "precision": 0.6808510638297872,
        "recall": 0.34408602150537637,
        "f1-score": 0.4571428571428572,
        "support": 93
    },
    "mobile_phone": {
        "precision": 0.9418604651162791,
        "recall": 0.8526315789473684,
        "f1-score": 0.8950276243093923,
        "support": 95
    },
    "monitor": {
        "precision": 0.7049180327868853,
        "recall": 0.9148936170212766,
        "f1-score": 0.7962962962962963,
        "support": 94
    },
    "mouse": {
        "precision": 0.6810344827586207,
        "recall": 0.8315789473684211,
        "f1-score": 0.7488151658767773,
        "support": 95
    },
    "mug": {
        "precision": 0.7866666666666666,
        "recall": 0.6629213483146067,
        "f1-score": 0.7195121951219511,
        "support": 89
    },
    "paper_notebook": {
        "precision": 0.4959349593495935,
        "recall": 0.6703296703296703,
        "f1-score": 0.5700934579439252,
        "support": 91
    },
    "pen": {
        "precision": 0.4716981132075472,
        "recall": 0.5555555555555556,
        "f1-score": 0.5102040816326532,
        "support": 90
    },
    "phone": {
        "precision": 0.8142857142857143,
        "recall": 0.6477272727272727,
        "f1-score": 0.7215189873417721,
        "support": 88
    },
    "printer": {
        "precision": 0.6822429906542056,
        "recall": 0.7684210526315789,
        "f1-score": 0.7227722772277226,
        "support": 95
    },
    "projector": {
        "precision": 0.4807692307692308,
        "recall": 0.8064516129032258,
        "f1-score": 0.6024096385542168,
        "support": 93
    },
    "punchers": {
        "precision": 0.45454545454545453,
        "recall": 0.16129032258064516,
        "f1-score": 0.23809523809523805,
        "support": 93
    },
    "ring_binder": {
        "precision": 0.3918918918918919,
        "recall": 0.3411764705882353,
        "f1-score": 0.36477987421383645,
        "support": 85
    },
    "ruler": {
        "precision": 0.5428571428571428,
        "recall": 0.5428571428571428,
        "f1-score": 0.5428571428571428,
        "support": 70
    },
    "scissors": {
        "precision": 0.6444444444444445,
        "recall": 0.30526315789473685,
        "f1-score": 0.4142857142857143,
        "support": 95
    },
    "speaker": {
        "precision": 0.5625,
        "recall": 0.19148936170212766,
        "f1-score": 0.2857142857142857,
        "support": 94
    },
    "stapler": {
        "precision": 0.4107142857142857,
        "recall": 0.48936170212765956,
        "f1-score": 0.4466019417475728,
        "support": 94
    },
    "tape_dispenser": {
        "precision": 0.3333333333333333,
        "recall": 0.3076923076923077,
        "f1-score": 0.32,
        "support": 91
    },
    "trash_can": {
        "precision": 0.5227272727272727,
        "recall": 0.3898305084745763,
        "f1-score": 0.4466019417475728,
        "support": 59
    },
    "accuracy": 0.6149511645379414,
    "macro avg": {
        "precision": 0.636381137496609,
        "recall": 0.6141547387842673,
        "f1-score": 0.6002217660403952,
        "support": 2662
    },
    "weighted avg": {
        "precision": 0.6447811957391772,
        "recall": 0.6149511645379414,
        "f1-score": 0.603811329466048,
        "support": 2662
    }
}