{
    "back_pack": {
        "precision": 0.8571428571428571,
        "recall": 1.0,
        "f1-score": 0.923076923076923,
        "support": 24
    },
    "bike": {
        "precision": 1.0,
        "recall": 1.0,
        "f1-score": 1.0,
        "support": 16
    },
    "bike_helmet": {
        "precision": 0.9523809523809523,
        "recall": 0.8695652173913043,
        "f1-score": 0.909090909090909,
        "support": 23
    },
    "bookcase": {
        "precision": 1.0,
        "recall": 0.5714285714285714,
        "f1-score": 0.7272727272727273,
        "support": 7
    },
    "bottle": {
        "precision": 1.0,
        "recall": 1.0,
        "f1-score": 1.0,
        "support": 11
    },
    "calculator": {
        "precision": 0.6842105263157895,
        "recall": 0.5,
        "f1-score": 0.5777777777777778,
        "support": 26
    },
    "desk_chair": {
        "precision": 1.0,
        "recall": 1.0,
        "f1-score": 1.0,
        "support": 35
    },
    "desk_lamp": {
        "precision": 0.75,
        "recall": 0.9230769230769231,
        "f1-score": 0.8275862068965517,
        "support": 13
    },
    "desktop_computer": {
        "precision": 0.8,
        "recall": 0.5,
        "f1-score": 0.6153846153846154,
        "support": 16
    },
    "file_cabinet": {
        "precision": 0.7142857142857143,
        "recall": 0.7142857142857143,
        "f1-score": 0.7142857142857143,
        "support": 14
    },
    "headphones": {
        "precision": 0.88,
        "recall": 1.0,
        "f1-score": 0.9361702127659575,
        "support": 22
    },
    "keyboard": {
        "precision": 0.7692307692307693,
        "recall": 0.9090909090909091,
        "f1-score": 0.8333333333333333,
        "support": 22
    },
    "laptop_computer": {
        "precision": 1.0,
        "recall": 0.88,
        "f1-score": 0.9361702127659575,
        "support": 25
    },
    "letter_tray": {
        "precision": 0.4117647058823529,
        "recall": 1.0,
        "f1-score": 0.5833333333333334,
        "support": 14
    },
    "mobile_phone": {
        "precision": 0.5,
        "recall": 0.4,
        "f1-score": 0.4444444444444445,
        "support": 25
    },
    "monitor": {
        "precision": 1.0,
        "recall": 0.7105263157894737,
        "f1-score": 0.8307692307692308,
        "support": 38
    },
    "mouse": {
        "precision": 0.7692307692307693,
        "recall": 0.8,
        "f1-score": 0.7843137254901961,
        "support": 25
    },
    "mug": {
        "precision": 0.9565217391304348,
        "recall": 1.0,
        "f1-score": 0.9777777777777777,
        "support": 22
    },
    "paper_notebook": {
        "precision": 0.8461538461538461,
        "recall": 0.9565217391304348,
        "f1-score": 0.8979591836734695,
        "support": 23
    },
    "pen": {
        "precision": 0.8709677419354839,
        "recall": 1.0,
        "f1-score": 0.9310344827586207,
        "support": 27
    },
    "phone": {
        "precision": 1.0,
        "recall": 0.8181818181818182,
        "f1-score": 0.9,
        "support": 11
    },
    "printer": {
        "precision": 0.5714285714285714,
        "recall": 0.26666666666666666,
        "f1-score": 0.36363636363636365,
        "support": 15
    },
    "projector": {
        "precision": 0.6666666666666666,
        "recall": 0.48,
        "f1-score": 0.5581395348837209,
        "support": 25
    },
    "punchers": {
        "precision": 0.65,
        "recall": 0.5909090909090909,
        "f1-score": 0.6190476190476191,
        "support": 22
    },
    "ring_binder": {
        "precision": 0.6888888888888889,
        "recall": 0.8857142857142857,
        "f1-score": 0.775,
        "support": 35
    },
    "ruler": {
        "precision": 1.0,
        "recall": 0.6666666666666666,
        "f1-score": 0.8,
        "support": 6
    },
    "scissors": {
        "precision": 1.0,
        "recall": 0.9,
        "f1-score": 0.9473684210526316,
        "support": 20
    },
    "speaker": {
        "precision": 0.7058823529411765,
        "recall": 0.96,
        "f1-score": 0.8135593220338982,
        "support": 25
    },
    "stapler": {
        "precision": 0.46875,
        "recall": 0.7894736842105263,
        "f1-score": 0.5882352941176471,
        "support": 19
    },
    "tape_dispenser": {
        "precision": 0.6666666666666666,
        "recall": 0.4444444444444444,
        "f1-score": 0.5333333333333333,
        "support": 18
    },
    "trash_can": {
        "precision": 1.0,
        "recall": 0.4375,
        "f1-score": 0.6086956521739131,
        "support": 16
    },
    "accuracy": 0.7875,
    "macro avg": {
        "precision": 0.812263637686482,
        "recall": 0.7733565176447365,
        "f1-score": 0.7727998822960216,
        "support": 640
    },
    "weighted avg": {
        "precision": 0.8090904330062528,
        "recall": 0.7875,
        "f1-score": 0.7820705706877532,
        "support": 640
    }
}