{
    "back_pack": {
        "precision": 0.8461538461538461,
        "recall": 0.9565217391304348,
        "f1-score": 0.8979591836734695,
        "support": 23
    },
    "bike": {
        "precision": 0.9655172413793104,
        "recall": 1.0,
        "f1-score": 0.9824561403508771,
        "support": 28
    },
    "bike_helmet": {
        "precision": 0.8846153846153846,
        "recall": 1.0,
        "f1-score": 0.9387755102040816,
        "support": 23
    },
    "bookcase": {
        "precision": 0.4791666666666667,
        "recall": 0.92,
        "f1-score": 0.6301369863013699,
        "support": 25
    },
    "bottle": {
        "precision": 0.3,
        "recall": 0.3333333333333333,
        "f1-score": 0.3157894736842105,
        "support": 9
    },
    "calculator": {
        "precision": 0.6904761904761905,
        "recall": 0.8529411764705882,
        "f1-score": 0.7631578947368423,
        "support": 34
    },
    "desk_chair": {
        "precision": 0.8717948717948718,
        "recall": 0.8717948717948718,
        "f1-score": 0.8717948717948718,
        "support": 39
    },
    "desk_lamp": {
        "precision": 0.9230769230769231,
        "recall": 0.42857142857142855,
        "f1-score": 0.5853658536585366,
        "support": 28
    },
    "desktop_computer": {
        "precision": 0.6363636363636364,
        "recall": 0.42424242424242425,
        "f1-score": 0.5090909090909091,
        "support": 33
    },
    "file_cabinet": {
        "precision": 0.6666666666666666,
        "recall": 0.46153846153846156,
        "f1-score": 0.5454545454545455,
        "support": 13
    },
    "headphones": {
        "precision": 0.6956521739130435,
        "recall": 0.9696969696969697,
        "f1-score": 0.810126582278481,
        "support": 33
    },
    "keyboard": {
        "precision": 0.7575757575757576,
        "recall": 0.8928571428571429,
        "f1-score": 0.819672131147541,
        "support": 28
    },
    "laptop_computer": {
        "precision": 0.59375,
        "recall": 0.7037037037037037,
        "f1-score": 0.6440677966101694,
        "support": 27
    },
    "letter_tray": {
        "precision": 0.6818181818181818,
        "recall": 0.5769230769230769,
        "f1-score": 0.6249999999999999,
        "support": 26
    },
    "mobile_phone": {
        "precision": 0.4423076923076923,
        "recall": 0.8214285714285714,
        "f1-score": 0.575,
        "support": 28
    },
    "monitor": {
        "precision": 0.8666666666666667,
        "recall": 0.9285714285714286,
        "f1-score": 0.896551724137931,
        "support": 28
    },
    "mouse": {
        "precision": 0.65,
        "recall": 0.7222222222222222,
        "f1-score": 0.6842105263157895,
        "support": 36
    },
    "mug": {
        "precision": 0.72,
        "recall": 0.6666666666666666,
        "f1-score": 0.6923076923076923,
        "support": 27
    },
    "paper_notebook": {
        "precision": 0.6875,
        "recall": 0.6470588235294118,
        "f1-score": 0.6666666666666667,
        "support": 34
    },
    "pen": {
        "precision": 0.5666666666666667,
        "recall": 0.6296296296296297,
        "f1-score": 0.5964912280701755,
        "support": 27
    },
    "phone": {
        "precision": 0.9523809523809523,
        "recall": 0.7142857142857143,
        "f1-score": 0.8163265306122449,
        "support": 28
    },
    "printer": {
        "precision": 0.7407407407407407,
        "recall": 0.7142857142857143,
        "f1-score": 0.7272727272727273,
        "support": 28
    },
    "projector": {
        "precision": 0.7692307692307693,
        "recall": 0.6451612903225806,
        "f1-score": 0.7017543859649122,
        "support": 31
    },
    "punchers": {
        "precision": 0.6,
        "recall": 0.2608695652173913,
        "f1-score": 0.36363636363636365,
        "support": 23
    },
    "ring_binder": {
        "precision": 0.3181818181818182,
        "recall": 0.25,
        "f1-score": 0.28,
        "support": 28
    },
    "ruler": {
        "precision": 0.8095238095238095,
        "recall": 0.7083333333333334,
        "f1-score": 0.7555555555555556,
        "support": 24
    },
    "scissors": {
        "precision": 0.5555555555555556,
        "recall": 0.5172413793103449,
        "f1-score": 0.5357142857142857,
        "support": 29
    },
    "speaker": {
        "precision": 0.6,
        "recall": 0.2903225806451613,
        "f1-score": 0.3913043478260869,
        "support": 31
    },
    "stapler": {
        "precision": 0.4666666666666667,
        "recall": 0.56,
        "f1-score": 0.509090909090909,
        "support": 25
    },
    "tape_dispenser": {
        "precision": 0.375,
        "recall": 0.3333333333333333,
        "f1-score": 0.35294117647058826,
        "support": 27
    },
    "trash_can": {
        "precision": 0.6875,
        "recall": 0.5,
        "f1-score": 0.5789473684210527,
        "support": 22
    },
    "accuracy": 0.6686390532544378,
    "macro avg": {
        "precision": 0.6709854476910264,
        "recall": 0.6548882122917399,
        "f1-score": 0.6471812699048027,
        "support": 845
    },
    "weighted avg": {
        "precision": 0.6812104163559746,
        "recall": 0.6686390532544378,
        "f1-score": 0.6593770697138724,
        "support": 845
    }
}