{
    "back_pack": {
        "precision": 0.42857142857142855,
        "recall": 0.8571428571428571,
        "f1-score": 0.5714285714285714,
        "support": 7
    },
    "bike": {
        "precision": 1.0,
        "recall": 0.875,
        "f1-score": 0.9333333333333333,
        "support": 16
    },
    "bike_helmet": {
        "precision": 1.0,
        "recall": 0.8421052631578947,
        "f1-score": 0.9142857142857143,
        "support": 19
    },
    "bookcase": {
        "precision": 0.5555555555555556,
        "recall": 0.7142857142857143,
        "f1-score": 0.6250000000000001,
        "support": 7
    },
    "bottle": {
        "precision": 0.6875,
        "recall": 1.0,
        "f1-score": 0.8148148148148148,
        "support": 11
    },
    "calculator": {
        "precision": 0.3076923076923077,
        "recall": 0.5714285714285714,
        "f1-score": 0.4,
        "support": 7
    },
    "desk_chair": {
        "precision": 1.0,
        "recall": 0.875,
        "f1-score": 0.9333333333333333,
        "support": 8
    },
    "desk_lamp": {
        "precision": 0.75,
        "recall": 0.6666666666666666,
        "f1-score": 0.7058823529411765,
        "support": 9
    },
    "desktop_computer": {
        "precision": 0.0,
        "recall": 0.0,
        "f1-score": 0.0,
        "support": 10
    },
    "file_cabinet": {
        "precision": 0.4,
        "recall": 0.2,
        "f1-score": 0.26666666666666666,
        "support": 10
    },
    "headphones": {
        "precision": 0.5714285714285714,
        "recall": 0.5,
        "f1-score": 0.5333333333333333,
        "support": 8
    },
    "keyboard": {
        "precision": 0.625,
        "recall": 1.0,
        "f1-score": 0.7692307692307693,
        "support": 5
    },
    "laptop_computer": {
        "precision": 1.0,
        "recall": 0.5263157894736842,
        "f1-score": 0.6896551724137931,
        "support": 19
    },
    "letter_tray": {
        "precision": 0.4,
        "recall": 0.7272727272727273,
        "f1-score": 0.5161290322580645,
        "support": 11
    },
    "mobile_phone": {
        "precision": 1.0,
        "recall": 0.038461538461538464,
        "f1-score": 0.07407407407407407,
        "support": 26
    },
    "monitor": {
        "precision": 1.0,
        "recall": 0.4117647058823529,
        "f1-score": 0.5833333333333334,
        "support": 17
    },
    "mouse": {
        "precision": 0.4666666666666667,
        "recall": 1.0,
        "f1-score": 0.6363636363636364,
        "support": 7
    },
    "mug": {
        "precision": 0.3333333333333333,
        "recall": 0.6666666666666666,
        "f1-score": 0.4444444444444444,
        "support": 3
    },
    "paper_notebook": {
        "precision": 0.15625,
        "recall": 1.0,
        "f1-score": 0.2702702702702703,
        "support": 5
    },
    "pen": {
        "precision": 1.0,
        "recall": 0.8,
        "f1-score": 0.888888888888889,
        "support": 5
    },
    "phone": {
        "precision": 1.0,
        "recall": 0.125,
        "f1-score": 0.2222222222222222,
        "support": 8
    },
    "printer": {
        "precision": 0.14285714285714285,
        "recall": 0.3,
        "f1-score": 0.19354838709677416,
        "support": 10
    },
    "projector": {
        "precision": 0.5,
        "recall": 0.5,
        "f1-score": 0.5,
        "support": 18
    },
    "punchers": {
        "precision": 0.1111111111111111,
        "recall": 0.07692307692307693,
        "f1-score": 0.09090909090909093,
        "support": 13
    },
    "ring_binder": {
        "precision": 0.0,
        "recall": 0.0,
        "f1-score": 0.0,
        "support": 5
    },
    "ruler": {
        "precision": 1.0,
        "recall": 1.0,
        "f1-score": 1.0,
        "support": 2
    },
    "scissors": {
        "precision": 0.9090909090909091,
        "recall": 0.7692307692307693,
        "f1-score": 0.8333333333333333,
        "support": 13
    },
    "speaker": {
        "precision": 0.23809523809523808,
        "recall": 0.23809523809523808,
        "f1-score": 0.23809523809523808,
        "support": 21
    },
    "stapler": {
        "precision": 0.4666666666666667,
        "recall": 0.4375,
        "f1-score": 0.45161290322580644,
        "support": 16
    },
    "tape_dispenser": {
        "precision": 0.42105263157894735,
        "recall": 0.47058823529411764,
        "f1-score": 0.4444444444444444,
        "support": 17
    },
    "trash_can": {
        "precision": 0.36363636363636365,
        "recall": 0.4,
        "f1-score": 0.380952380952381,
        "support": 10
    },
    "accuracy": 0.5072886297376094,
    "macro avg": {
        "precision": 0.5753067072994916,
        "recall": 0.5674015425800604,
        "f1-score": 0.5137285723126939,
        "support": 343
    },
    "weighted avg": {
        "precision": 0.6164772682562693,
        "recall": 0.5072886297376094,
        "f1-score": 0.49436808652450875,
        "support": 343
    }
}