{
    "back_pack": {
        "precision": 0.7777777777777778,
        "recall": 1.0,
        "f1-score": 0.8750000000000001,
        "support": 7
    },
    "bike": {
        "precision": 1.0,
        "recall": 1.0,
        "f1-score": 1.0,
        "support": 16
    },
    "bike_helmet": {
        "precision": 1.0,
        "recall": 0.8421052631578947,
        "f1-score": 0.9142857142857143,
        "support": 19
    },
    "bookcase": {
        "precision": 0.6363636363636364,
        "recall": 1.0,
        "f1-score": 0.7777777777777778,
        "support": 7
    },
    "bottle": {
        "precision": 1.0,
        "recall": 1.0,
        "f1-score": 1.0,
        "support": 11
    },
    "calculator": {
        "precision": 0.8571428571428571,
        "recall": 0.8571428571428571,
        "f1-score": 0.8571428571428571,
        "support": 7
    },
    "desk_chair": {
        "precision": 0.8888888888888888,
        "recall": 1.0,
        "f1-score": 0.9411764705882353,
        "support": 8
    },
    "desk_lamp": {
        "precision": 1.0,
        "recall": 0.5555555555555556,
        "f1-score": 0.7142857142857143,
        "support": 9
    },
    "desktop_computer": {
        "precision": 0.5882352941176471,
        "recall": 1.0,
        "f1-score": 0.7407407407407407,
        "support": 10
    },
    "file_cabinet": {
        "precision": 1.0,
        "recall": 0.6,
        "f1-score": 0.7499999999999999,
        "support": 10
    },
    "headphones": {
        "precision": 0.8,
        "recall": 1.0,
        "f1-score": 0.888888888888889,
        "support": 8
    },
    "keyboard": {
        "precision": 0.8333333333333334,
        "recall": 1.0,
        "f1-score": 0.9090909090909091,
        "support": 5
    },
    "laptop_computer": {
        "precision": 1.0,
        "recall": 0.7894736842105263,
        "f1-score": 0.8823529411764706,
        "support": 19
    },
    "letter_tray": {
        "precision": 0.8181818181818182,
        "recall": 0.8181818181818182,
        "f1-score": 0.8181818181818182,
        "support": 11
    },
    "mobile_phone": {
        "precision": 0.9444444444444444,
        "recall": 0.6538461538461539,
        "f1-score": 0.7727272727272727,
        "support": 26
    },
    "monitor": {
        "precision": 0.9444444444444444,
        "recall": 1.0,
        "f1-score": 0.9714285714285714,
        "support": 17
    },
    "mouse": {
        "precision": 0.5,
        "recall": 0.7142857142857143,
        "f1-score": 0.588235294117647,
        "support": 7
    },
    "mug": {
        "precision": 0.75,
        "recall": 1.0,
        "f1-score": 0.8571428571428571,
        "support": 3
    },
    "paper_notebook": {
        "precision": 0.5555555555555556,
        "recall": 1.0,
        "f1-score": 0.7142857142857143,
        "support": 5
    },
    "pen": {
        "precision": 0.2,
        "recall": 0.2,
        "f1-score": 0.20000000000000004,
        "support": 5
    },
    "phone": {
        "precision": 1.0,
        "recall": 0.875,
        "f1-score": 0.9333333333333333,
        "support": 8
    },
    "printer": {
        "precision": 0.8,
        "recall": 0.8,
        "f1-score": 0.8000000000000002,
        "support": 10
    },
    "projector": {
        "precision": 0.5769230769230769,
        "recall": 0.8333333333333334,
        "f1-score": 0.6818181818181818,
        "support": 18
    },
    "punchers": {
        "precision": 1.0,
        "recall": 0.38461538461538464,
        "f1-score": 0.5555555555555556,
        "support": 13
    },
    "ring_binder": {
        "precision": 1.0,
        "recall": 0.6,
        "f1-score": 0.7499999999999999,
        "support": 5
    },
    "ruler": {
        "precision": 0.25,
        "recall": 1.0,
        "f1-score": 0.4,
        "support": 2
    },
    "scissors": {
        "precision": 1.0,
        "recall": 0.6923076923076923,
        "f1-score": 0.8181818181818181,
        "support": 13
    },
    "speaker": {
        "precision": 1.0,
        "recall": 0.8571428571428571,
        "f1-score": 0.923076923076923,
        "support": 21
    },
    "stapler": {
        "precision": 0.45454545454545453,
        "recall": 0.625,
        "f1-score": 0.5263157894736842,
        "support": 16
    },
    "tape_dispenser": {
        "precision": 0.8,
        "recall": 0.7058823529411765,
        "f1-score": 0.7500000000000001,
        "support": 17
    },
    "trash_can": {
        "precision": 1.0,
        "recall": 0.7,
        "f1-score": 0.8235294117647058,
        "support": 10
    },
    "accuracy": 0.7959183673469388,
    "macro avg": {
        "precision": 0.8056721477973849,
        "recall": 0.8098023440877733,
        "f1-score": 0.7785340179053352,
        "support": 343
    },
    "weighted avg": {
        "precision": 0.8523479654932234,
        "recall": 0.7959183673469388,
        "f1-score": 0.8018430789917582,
        "support": 343
    }
}