{
    "back_pack": {
        "precision": 0.7,
        "recall": 1.0,
        "f1-score": 0.8235294117647058,
        "support": 7
    },
    "bike": {
        "precision": 1.0,
        "recall": 1.0,
        "f1-score": 1.0,
        "support": 16
    },
    "bike_helmet": {
        "precision": 0.9411764705882353,
        "recall": 0.8421052631578947,
        "f1-score": 0.8888888888888888,
        "support": 19
    },
    "bookcase": {
        "precision": 1.0,
        "recall": 1.0,
        "f1-score": 1.0,
        "support": 7
    },
    "bottle": {
        "precision": 1.0,
        "recall": 1.0,
        "f1-score": 1.0,
        "support": 11
    },
    "calculator": {
        "precision": 0.5,
        "recall": 0.7142857142857143,
        "f1-score": 0.588235294117647,
        "support": 7
    },
    "desk_chair": {
        "precision": 1.0,
        "recall": 1.0,
        "f1-score": 1.0,
        "support": 8
    },
    "desk_lamp": {
        "precision": 1.0,
        "recall": 0.5555555555555556,
        "f1-score": 0.7142857142857143,
        "support": 9
    },
    "desktop_computer": {
        "precision": 0.42857142857142855,
        "recall": 0.3,
        "f1-score": 0.3529411764705882,
        "support": 10
    },
    "file_cabinet": {
        "precision": 0.45454545454545453,
        "recall": 1.0,
        "f1-score": 0.625,
        "support": 10
    },
    "headphones": {
        "precision": 1.0,
        "recall": 1.0,
        "f1-score": 1.0,
        "support": 8
    },
    "keyboard": {
        "precision": 0.5714285714285714,
        "recall": 0.8,
        "f1-score": 0.6666666666666666,
        "support": 5
    },
    "laptop_computer": {
        "precision": 1.0,
        "recall": 0.6842105263157895,
        "f1-score": 0.8125000000000001,
        "support": 19
    },
    "letter_tray": {
        "precision": 0.5882352941176471,
        "recall": 0.9090909090909091,
        "f1-score": 0.7142857142857143,
        "support": 11
    },
    "mobile_phone": {
        "precision": 0.9375,
        "recall": 0.5769230769230769,
        "f1-score": 0.7142857142857143,
        "support": 26
    },
    "monitor": {
        "precision": 1.0,
        "recall": 0.7647058823529411,
        "f1-score": 0.8666666666666666,
        "support": 17
    },
    "mouse": {
        "precision": 0.6,
        "recall": 0.8571428571428571,
        "f1-score": 0.7058823529411764,
        "support": 7
    },
    "mug": {
        "precision": 0.75,
        "recall": 1.0,
        "f1-score": 0.8571428571428571,
        "support": 3
    },
    "paper_notebook": {
        "precision": 0.5555555555555556,
        "recall": 1.0,
        "f1-score": 0.7142857142857143,
        "support": 5
    },
    "pen": {
        "precision": 0.2,
        "recall": 0.2,
        "f1-score": 0.20000000000000004,
        "support": 5
    },
    "phone": {
        "precision": 1.0,
        "recall": 0.875,
        "f1-score": 0.9333333333333333,
        "support": 8
    },
    "printer": {
        "precision": 0.6666666666666666,
        "recall": 0.6,
        "f1-score": 0.631578947368421,
        "support": 10
    },
    "projector": {
        "precision": 0.4642857142857143,
        "recall": 0.7222222222222222,
        "f1-score": 0.5652173913043479,
        "support": 18
    },
    "punchers": {
        "precision": 0.75,
        "recall": 0.46153846153846156,
        "f1-score": 0.5714285714285714,
        "support": 13
    },
    "ring_binder": {
        "precision": 0.4,
        "recall": 0.4,
        "f1-score": 0.4000000000000001,
        "support": 5
    },
    "ruler": {
        "precision": 0.2857142857142857,
        "recall": 1.0,
        "f1-score": 0.4444444444444445,
        "support": 2
    },
    "scissors": {
        "precision": 0.9230769230769231,
        "recall": 0.9230769230769231,
        "f1-score": 0.9230769230769231,
        "support": 13
    },
    "speaker": {
        "precision": 0.8,
        "recall": 0.5714285714285714,
        "f1-score": 0.6666666666666666,
        "support": 21
    },
    "stapler": {
        "precision": 0.6666666666666666,
        "recall": 0.125,
        "f1-score": 0.21052631578947367,
        "support": 16
    },
    "tape_dispenser": {
        "precision": 0.6666666666666666,
        "recall": 0.8235294117647058,
        "f1-score": 0.7368421052631577,
        "support": 17
    },
    "trash_can": {
        "precision": 0.5,
        "recall": 0.6,
        "f1-score": 0.5454545454545454,
        "support": 10
    },
    "accuracy": 0.7230320699708455,
    "macro avg": {
        "precision": 0.720970635415607,
        "recall": 0.7518004959630846,
        "f1-score": 0.7055859811590948,
        "support": 343
    },
    "weighted avg": {
        "precision": 0.7731465560868751,
        "recall": 0.7230320699708455,
        "f1-score": 0.719006147317686,
        "support": 343
    }
}