{
    "0": {
        "precision": 0.8702659145850121,
        "recall": 0.9845031905195989,
        "f1-score": 0.9238665526090676,
        "support": 1097
    },
    "1": {
        "precision": 0.9301825993555317,
        "recall": 0.7894257064721969,
        "f1-score": 0.854043392504931,
        "support": 1097
    },
    "2": {
        "precision": 0.8561576354679803,
        "recall": 0.7921604375569735,
        "f1-score": 0.8229166666666666,
        "support": 1097
    },
    "3": {
        "precision": 0.6944,
        "recall": 0.7912488605287147,
        "f1-score": 0.7396676608436301,
        "support": 1097
    },
    "4": {
        "precision": 0.8577939835916135,
        "recall": 0.8577939835916135,
        "f1-score": 0.8577939835916135,
        "support": 1097
    },
    "5": {
        "precision": 0.6802664446294754,
        "recall": 0.7447584320875114,
        "f1-score": 0.711053089643168,
        "support": 1097
    },
    "6": {
        "precision": 0.8940269749518305,
        "recall": 0.845943482224248,
        "f1-score": 0.869320843091335,
        "support": 1097
    },
    "7": {
        "precision": 0.7241379310344828,
        "recall": 0.8805834092980857,
        "f1-score": 0.7947346770876182,
        "support": 1097
    },
    "8": {
        "precision": 0.7475149105367793,
        "recall": 0.6855059252506837,
        "f1-score": 0.715168806466952,
        "support": 1097
    },
    "9": {
        "precision": 0.809801633605601,
        "recall": 0.6326344576116681,
        "f1-score": 0.7103377686796316,
        "support": 1097
    },
    "accuracy": 0.8004557885141295,
    "macro avg": {
        "precision": 0.8064548027758306,
        "recall": 0.8004557885141296,
        "f1-score": 0.7998903441184614,
        "support": 10970
    },
    "weighted avg": {
        "precision": 0.8064548027758307,
        "recall": 0.8004557885141295,
        "f1-score": 0.7998903441184615,
        "support": 10970
    }
}