{
    "back_pack": {
        "precision": 0.7477477477477478,
        "recall": 0.9325842696629213,
        "f1-score": 0.83,
        "support": 89
    },
    "bike": {
        "precision": 0.9871794871794872,
        "recall": 0.9746835443037974,
        "f1-score": 0.980891719745223,
        "support": 79
    },
    "bike_helmet": {
        "precision": 0.8205128205128205,
        "recall": 0.927536231884058,
        "f1-score": 0.870748299319728,
        "support": 69
    },
    "bookcase": {
        "precision": 0.6631578947368421,
        "recall": 0.7974683544303798,
        "f1-score": 0.7241379310344827,
        "support": 79
    },
    "bottle": {
        "precision": 0.3269230769230769,
        "recall": 0.5151515151515151,
        "f1-score": 0.4,
        "support": 33
    },
    "calculator": {
        "precision": 0.8351648351648352,
        "recall": 0.8351648351648352,
        "f1-score": 0.8351648351648353,
        "support": 91
    },
    "desk_chair": {
        "precision": 0.9113924050632911,
        "recall": 0.8181818181818182,
        "f1-score": 0.8622754491017964,
        "support": 88
    },
    "desk_lamp": {
        "precision": 0.7532467532467533,
        "recall": 0.6170212765957447,
        "f1-score": 0.6783625730994152,
        "support": 94
    },
    "desktop_computer": {
        "precision": 0.025,
        "recall": 0.010638297872340425,
        "f1-score": 0.014925373134328358,
        "support": 94
    },
    "file_cabinet": {
        "precision": 0.47,
        "recall": 0.6025641025641025,
        "f1-score": 0.5280898876404494,
        "support": 78
    },
    "headphones": {
        "precision": 0.8383838383838383,
        "recall": 0.8645833333333334,
        "f1-score": 0.8512820512820513,
        "support": 96
    },
    "keyboard": {
        "precision": 0.71900826446281,
        "recall": 0.8969072164948454,
        "f1-score": 0.798165137614679,
        "support": 97
    },
    "laptop_computer": {
        "precision": 0.554140127388535,
        "recall": 0.8969072164948454,
        "f1-score": 0.6850393700787402,
        "support": 97
    },
    "letter_tray": {
        "precision": 0.7362637362637363,
        "recall": 0.7052631578947368,
        "f1-score": 0.7204301075268817,
        "support": 95
    },
    "mobile_phone": {
        "precision": 0.845360824742268,
        "recall": 0.845360824742268,
        "f1-score": 0.845360824742268,
        "support": 97
    },
    "monitor": {
        "precision": 0.6641221374045801,
        "recall": 0.90625,
        "f1-score": 0.7665198237885463,
        "support": 96
    },
    "mouse": {
        "precision": 0.7757009345794392,
        "recall": 0.8556701030927835,
        "f1-score": 0.8137254901960783,
        "support": 97
    },
    "mug": {
        "precision": 0.686046511627907,
        "recall": 0.6483516483516484,
        "f1-score": 0.6666666666666667,
        "support": 91
    },
    "paper_notebook": {
        "precision": 0.48226950354609927,
        "recall": 0.7311827956989247,
        "f1-score": 0.5811965811965811,
        "support": 93
    },
    "pen": {
        "precision": 0.7164179104477612,
        "recall": 0.5217391304347826,
        "f1-score": 0.6037735849056604,
        "support": 92
    },
    "phone": {
        "precision": 0.8,
        "recall": 0.7555555555555555,
        "f1-score": 0.7771428571428571,
        "support": 90
    },
    "printer": {
        "precision": 0.71875,
        "recall": 0.711340206185567,
        "f1-score": 0.7150259067357513,
        "support": 97
    },
    "projector": {
        "precision": 0.7096774193548387,
        "recall": 0.6947368421052632,
        "f1-score": 0.7021276595744681,
        "support": 95
    },
    "punchers": {
        "precision": 0.43103448275862066,
        "recall": 0.2631578947368421,
        "f1-score": 0.326797385620915,
        "support": 95
    },
    "ring_binder": {
        "precision": 0.6818181818181818,
        "recall": 0.5172413793103449,
        "f1-score": 0.5882352941176471,
        "support": 87
    },
    "ruler": {
        "precision": 0.47619047619047616,
        "recall": 0.5555555555555556,
        "f1-score": 0.5128205128205129,
        "support": 72
    },
    "scissors": {
        "precision": 0.6610169491525424,
        "recall": 0.4020618556701031,
        "f1-score": 0.5000000000000001,
        "support": 97
    },
    "speaker": {
        "precision": 0.46987951807228917,
        "recall": 0.40625,
        "f1-score": 0.43575418994413406,
        "support": 96
    },
    "stapler": {
        "precision": 0.4803921568627451,
        "recall": 0.5104166666666666,
        "f1-score": 0.494949494949495,
        "support": 96
    },
    "tape_dispenser": {
        "precision": 0.46511627906976744,
        "recall": 0.21505376344086022,
        "f1-score": 0.29411764705882354,
        "support": 93
    },
    "trash_can": {
        "precision": 0.42105263157894735,
        "recall": 0.39344262295081966,
        "f1-score": 0.4067796610169491,
        "support": 61
    },
    "accuracy": 0.658223201174743,
    "macro avg": {
        "precision": 0.641063448525169,
        "recall": 0.6557426456299116,
        "f1-score": 0.6390485908135473,
        "support": 2724
    },
    "weighted avg": {
        "precision": 0.6484723050312917,
        "recall": 0.658223201174743,
        "f1-score": 0.643931098554815,
        "support": 2724
    }
}