{
    "back_pack": {
        "precision": 0.8571428571428571,
        "recall": 1.0,
        "f1-score": 0.923076923076923,
        "support": 24
    },
    "bike": {
        "precision": 1.0,
        "recall": 1.0,
        "f1-score": 1.0,
        "support": 16
    },
    "bike_helmet": {
        "precision": 1.0,
        "recall": 0.9130434782608695,
        "f1-score": 0.9545454545454545,
        "support": 23
    },
    "bookcase": {
        "precision": 1.0,
        "recall": 0.8571428571428571,
        "f1-score": 0.923076923076923,
        "support": 7
    },
    "bottle": {
        "precision": 0.9166666666666666,
        "recall": 1.0,
        "f1-score": 0.9565217391304348,
        "support": 11
    },
    "calculator": {
        "precision": 0.8636363636363636,
        "recall": 0.7307692307692307,
        "f1-score": 0.7916666666666666,
        "support": 26
    },
    "desk_chair": {
        "precision": 1.0,
        "recall": 0.9428571428571428,
        "f1-score": 0.9705882352941176,
        "support": 35
    },
    "desk_lamp": {
        "precision": 1.0,
        "recall": 0.7692307692307693,
        "f1-score": 0.8695652173913044,
        "support": 13
    },
    "desktop_computer": {
        "precision": 1.0,
        "recall": 0.5,
        "f1-score": 0.6666666666666666,
        "support": 16
    },
    "file_cabinet": {
        "precision": 1.0,
        "recall": 1.0,
        "f1-score": 1.0,
        "support": 14
    },
    "headphones": {
        "precision": 0.8461538461538461,
        "recall": 1.0,
        "f1-score": 0.9166666666666666,
        "support": 22
    },
    "keyboard": {
        "precision": 0.64,
        "recall": 0.7272727272727273,
        "f1-score": 0.6808510638297872,
        "support": 22
    },
    "laptop_computer": {
        "precision": 1.0,
        "recall": 0.6,
        "f1-score": 0.7499999999999999,
        "support": 25
    },
    "letter_tray": {
        "precision": 0.5625,
        "recall": 0.6428571428571429,
        "f1-score": 0.6000000000000001,
        "support": 14
    },
    "mobile_phone": {
        "precision": 0.9375,
        "recall": 0.6,
        "f1-score": 0.7317073170731707,
        "support": 25
    },
    "monitor": {
        "precision": 0.9166666666666666,
        "recall": 0.868421052631579,
        "f1-score": 0.8918918918918918,
        "support": 38
    },
    "mouse": {
        "precision": 0.8947368421052632,
        "recall": 0.68,
        "f1-score": 0.7727272727272727,
        "support": 25
    },
    "mug": {
        "precision": 0.9166666666666666,
        "recall": 1.0,
        "f1-score": 0.9565217391304348,
        "support": 22
    },
    "paper_notebook": {
        "precision": 0.5588235294117647,
        "recall": 0.8260869565217391,
        "f1-score": 0.6666666666666667,
        "support": 23
    },
    "pen": {
        "precision": 0.75,
        "recall": 0.8888888888888888,
        "f1-score": 0.8135593220338982,
        "support": 27
    },
    "phone": {
        "precision": 0.5555555555555556,
        "recall": 0.9090909090909091,
        "f1-score": 0.6896551724137931,
        "support": 11
    },
    "printer": {
        "precision": 0.39473684210526316,
        "recall": 1.0,
        "f1-score": 0.5660377358490566,
        "support": 15
    },
    "projector": {
        "precision": 0.42857142857142855,
        "recall": 0.12,
        "f1-score": 0.1875,
        "support": 25
    },
    "punchers": {
        "precision": 0.6428571428571429,
        "recall": 0.4090909090909091,
        "f1-score": 0.5000000000000001,
        "support": 22
    },
    "ring_binder": {
        "precision": 0.5476190476190477,
        "recall": 0.6571428571428571,
        "f1-score": 0.5974025974025974,
        "support": 35
    },
    "ruler": {
        "precision": 0.13333333333333333,
        "recall": 0.3333333333333333,
        "f1-score": 0.19047619047619044,
        "support": 6
    },
    "scissors": {
        "precision": 0.7058823529411765,
        "recall": 0.6,
        "f1-score": 0.6486486486486486,
        "support": 20
    },
    "speaker": {
        "precision": 0.8421052631578947,
        "recall": 0.64,
        "f1-score": 0.7272727272727272,
        "support": 25
    },
    "stapler": {
        "precision": 0.5,
        "recall": 0.631578947368421,
        "f1-score": 0.5581395348837209,
        "support": 19
    },
    "tape_dispenser": {
        "precision": 0.5172413793103449,
        "recall": 0.8333333333333334,
        "f1-score": 0.6382978723404256,
        "support": 18
    },
    "trash_can": {
        "precision": 1.0,
        "recall": 0.25,
        "f1-score": 0.4,
        "support": 16
    },
    "accuracy": 0.7421875,
    "macro avg": {
        "precision": 0.7718837349645574,
        "recall": 0.7396819527675069,
        "f1-score": 0.727088072424369,
        "support": 640
    },
    "weighted avg": {
        "precision": 0.7866017983369543,
        "recall": 0.7421875,
        "f1-score": 0.7394104535384909,
        "support": 640
    }
}