{
    "back_pack": {
        "precision": 0.9705882352941176,
        "recall": 0.7586206896551724,
        "f1-score": 0.8516129032258065,
        "support": 87
    },
    "bike": {
        "precision": 0.935064935064935,
        "recall": 0.935064935064935,
        "f1-score": 0.935064935064935,
        "support": 77
    },
    "bike_helmet": {
        "precision": 0.7285714285714285,
        "recall": 0.7611940298507462,
        "f1-score": 0.7445255474452556,
        "support": 67
    },
    "bookcase": {
        "precision": 0.4918032786885246,
        "recall": 0.7792207792207793,
        "f1-score": 0.6030150753768845,
        "support": 77
    },
    "bottle": {
        "precision": 0.2111111111111111,
        "recall": 0.6129032258064516,
        "f1-score": 0.31404958677685946,
        "support": 31
    },
    "calculator": {
        "precision": 0.6782608695652174,
        "recall": 0.8764044943820225,
        "f1-score": 0.7647058823529411,
        "support": 89
    },
    "desk_chair": {
        "precision": 0.7865168539325843,
        "recall": 0.813953488372093,
        "f1-score": 0.8,
        "support": 86
    },
    "desk_lamp": {
        "precision": 0.7916666666666666,
        "recall": 0.41304347826086957,
        "f1-score": 0.5428571428571429,
        "support": 92
    },
    "desktop_computer": {
        "precision": 0.29508196721311475,
        "recall": 0.1956521739130435,
        "f1-score": 0.23529411764705882,
        "support": 92
    },
    "file_cabinet": {
        "precision": 0.3359375,
        "recall": 0.5657894736842105,
        "f1-score": 0.4215686274509804,
        "support": 76
    },
    "headphones": {
        "precision": 0.6692307692307692,
        "recall": 0.925531914893617,
        "f1-score": 0.7767857142857142,
        "support": 94
    },
    "keyboard": {
        "precision": 0.8061224489795918,
        "recall": 0.8315789473684211,
        "f1-score": 0.8186528497409326,
        "support": 95
    },
    "laptop_computer": {
        "precision": 0.7777777777777778,
        "recall": 0.8842105263157894,
        "f1-score": 0.8275862068965517,
        "support": 95
    },
    "letter_tray": {
        "precision": 0.6333333333333333,
        "recall": 0.20430107526881722,
        "f1-score": 0.30894308943089427,
        "support": 93
    },
    "mobile_phone": {
        "precision": 0.8095238095238095,
        "recall": 0.8947368421052632,
        "f1-score": 0.8500000000000001,
        "support": 95
    },
    "monitor": {
        "precision": 0.6666666666666666,
        "recall": 0.8297872340425532,
        "f1-score": 0.7393364928909951,
        "support": 94
    },
    "mouse": {
        "precision": 0.6857142857142857,
        "recall": 0.7578947368421053,
        "f1-score": 0.7200000000000001,
        "support": 95
    },
    "mug": {
        "precision": 0.8235294117647058,
        "recall": 0.6292134831460674,
        "f1-score": 0.7133757961783439,
        "support": 89
    },
    "paper_notebook": {
        "precision": 0.4807692307692308,
        "recall": 0.5494505494505495,
        "f1-score": 0.5128205128205129,
        "support": 91
    },
    "pen": {
        "precision": 0.4523809523809524,
        "recall": 0.2111111111111111,
        "f1-score": 0.2878787878787879,
        "support": 90
    },
    "phone": {
        "precision": 0.8448275862068966,
        "recall": 0.5568181818181818,
        "f1-score": 0.6712328767123287,
        "support": 88
    },
    "printer": {
        "precision": 0.59,
        "recall": 0.6210526315789474,
        "f1-score": 0.6051282051282052,
        "support": 95
    },
    "projector": {
        "precision": 0.8032786885245902,
        "recall": 0.5268817204301075,
        "f1-score": 0.6363636363636364,
        "support": 93
    },
    "punchers": {
        "precision": 0.09615384615384616,
        "recall": 0.10752688172043011,
        "f1-score": 0.10152284263959391,
        "support": 93
    },
    "ring_binder": {
        "precision": 0.6666666666666666,
        "recall": 0.16470588235294117,
        "f1-score": 0.2641509433962264,
        "support": 85
    },
    "ruler": {
        "precision": 0.38,
        "recall": 0.5428571428571428,
        "f1-score": 0.44705882352941173,
        "support": 70
    },
    "scissors": {
        "precision": 0.2222222222222222,
        "recall": 0.16842105263157894,
        "f1-score": 0.19161676646706585,
        "support": 95
    },
    "speaker": {
        "precision": 0.7058823529411765,
        "recall": 0.5106382978723404,
        "f1-score": 0.5925925925925926,
        "support": 94
    },
    "stapler": {
        "precision": 0.35119047619047616,
        "recall": 0.6276595744680851,
        "f1-score": 0.45038167938931295,
        "support": 94
    },
    "tape_dispenser": {
        "precision": 0.25,
        "recall": 0.14285714285714285,
        "f1-score": 0.18181818181818182,
        "support": 91
    },
    "trash_can": {
        "precision": 0.3614457831325301,
        "recall": 0.5084745762711864,
        "f1-score": 0.42253521126760557,
        "support": 59
    },
    "accuracy": 0.5743801652892562,
    "macro avg": {
        "precision": 0.5903651340092654,
        "recall": 0.5776631056004097,
        "f1-score": 0.5591120976653149,
        "support": 2662
    },
    "weighted avg": {
        "precision": 0.6009757443246911,
        "recall": 0.5743801652892562,
        "f1-score": 0.5642860876992277,
        "support": 2662
    }
}