{
    "back_pack": {
        "precision": 0.6363636363636364,
        "recall": 1.0,
        "f1-score": 0.7777777777777778,
        "support": 7
    },
    "bike": {
        "precision": 1.0,
        "recall": 1.0,
        "f1-score": 1.0,
        "support": 16
    },
    "bike_helmet": {
        "precision": 1.0,
        "recall": 0.631578947368421,
        "f1-score": 0.7741935483870968,
        "support": 19
    },
    "bookcase": {
        "precision": 1.0,
        "recall": 0.2857142857142857,
        "f1-score": 0.4444444444444445,
        "support": 7
    },
    "bottle": {
        "precision": 1.0,
        "recall": 0.9090909090909091,
        "f1-score": 0.9523809523809523,
        "support": 11
    },
    "calculator": {
        "precision": 0.75,
        "recall": 0.42857142857142855,
        "f1-score": 0.5454545454545454,
        "support": 7
    },
    "desk_chair": {
        "precision": 1.0,
        "recall": 1.0,
        "f1-score": 1.0,
        "support": 8
    },
    "desk_lamp": {
        "precision": 0.5333333333333333,
        "recall": 0.8888888888888888,
        "f1-score": 0.6666666666666667,
        "support": 9
    },
    "desktop_computer": {
        "precision": 0.0,
        "recall": 0.0,
        "f1-score": 0.0,
        "support": 10
    },
    "file_cabinet": {
        "precision": 0.4,
        "recall": 1.0,
        "f1-score": 0.5714285714285715,
        "support": 10
    },
    "headphones": {
        "precision": 1.0,
        "recall": 0.375,
        "f1-score": 0.5454545454545454,
        "support": 8
    },
    "keyboard": {
        "precision": 0.5,
        "recall": 1.0,
        "f1-score": 0.6666666666666666,
        "support": 5
    },
    "laptop_computer": {
        "precision": 1.0,
        "recall": 0.47368421052631576,
        "f1-score": 0.6428571428571429,
        "support": 19
    },
    "letter_tray": {
        "precision": 0.34615384615384615,
        "recall": 0.8181818181818182,
        "f1-score": 0.4864864864864865,
        "support": 11
    },
    "mobile_phone": {
        "precision": 1.0,
        "recall": 0.19230769230769232,
        "f1-score": 0.32258064516129037,
        "support": 26
    },
    "monitor": {
        "precision": 1.0,
        "recall": 0.29411764705882354,
        "f1-score": 0.45454545454545453,
        "support": 17
    },
    "mouse": {
        "precision": 0.5454545454545454,
        "recall": 0.8571428571428571,
        "f1-score": 0.6666666666666665,
        "support": 7
    },
    "mug": {
        "precision": 0.3333333333333333,
        "recall": 0.3333333333333333,
        "f1-score": 0.3333333333333333,
        "support": 3
    },
    "paper_notebook": {
        "precision": 0.375,
        "recall": 0.6,
        "f1-score": 0.4615384615384615,
        "support": 5
    },
    "pen": {
        "precision": 0.6,
        "recall": 0.6,
        "f1-score": 0.6,
        "support": 5
    },
    "phone": {
        "precision": 0.8,
        "recall": 1.0,
        "f1-score": 0.888888888888889,
        "support": 8
    },
    "printer": {
        "precision": 0.5,
        "recall": 0.4,
        "f1-score": 0.4444444444444445,
        "support": 10
    },
    "projector": {
        "precision": 0.5217391304347826,
        "recall": 0.6666666666666666,
        "f1-score": 0.5853658536585366,
        "support": 18
    },
    "punchers": {
        "precision": 0.38095238095238093,
        "recall": 0.6153846153846154,
        "f1-score": 0.47058823529411764,
        "support": 13
    },
    "ring_binder": {
        "precision": 0.2222222222222222,
        "recall": 0.4,
        "f1-score": 0.2857142857142857,
        "support": 5
    },
    "ruler": {
        "precision": 0.6666666666666666,
        "recall": 1.0,
        "f1-score": 0.8,
        "support": 2
    },
    "scissors": {
        "precision": 0.7222222222222222,
        "recall": 1.0,
        "f1-score": 0.8387096774193548,
        "support": 13
    },
    "speaker": {
        "precision": 0.7142857142857143,
        "recall": 0.23809523809523808,
        "f1-score": 0.35714285714285715,
        "support": 21
    },
    "stapler": {
        "precision": 0.47619047619047616,
        "recall": 0.625,
        "f1-score": 0.5405405405405405,
        "support": 16
    },
    "tape_dispenser": {
        "precision": 0.7142857142857143,
        "recall": 0.8823529411764706,
        "f1-score": 0.7894736842105262,
        "support": 17
    },
    "trash_can": {
        "precision": 0.5,
        "recall": 0.7,
        "f1-score": 0.5833333333333334,
        "support": 10
    },
    "accuracy": 0.6151603498542274,
    "macro avg": {
        "precision": 0.6528452652225444,
        "recall": 0.652100370306702,
        "f1-score": 0.5966670228999029,
        "support": 343
    },
    "weighted avg": {
        "precision": 0.7080009999296347,
        "recall": 0.6151603498542274,
        "f1-score": 0.592331912684598,
        "support": 343
    }
}