{
    "back_pack": {
        "precision": 0.875,
        "recall": 1.0,
        "f1-score": 0.9333333333333333,
        "support": 7
    },
    "bike": {
        "precision": 1.0,
        "recall": 0.875,
        "f1-score": 0.9333333333333333,
        "support": 16
    },
    "bike_helmet": {
        "precision": 0.9047619047619048,
        "recall": 1.0,
        "f1-score": 0.9500000000000001,
        "support": 19
    },
    "bookcase": {
        "precision": 0.75,
        "recall": 0.8571428571428571,
        "f1-score": 0.7999999999999999,
        "support": 7
    },
    "bottle": {
        "precision": 1.0,
        "recall": 1.0,
        "f1-score": 1.0,
        "support": 11
    },
    "calculator": {
        "precision": 1.0,
        "recall": 0.8571428571428571,
        "f1-score": 0.923076923076923,
        "support": 7
    },
    "desk_chair": {
        "precision": 1.0,
        "recall": 1.0,
        "f1-score": 1.0,
        "support": 8
    },
    "desk_lamp": {
        "precision": 0.6153846153846154,
        "recall": 0.8888888888888888,
        "f1-score": 0.7272727272727274,
        "support": 9
    },
    "desktop_computer": {
        "precision": 0.6666666666666666,
        "recall": 0.8,
        "f1-score": 0.7272727272727272,
        "support": 10
    },
    "file_cabinet": {
        "precision": 0.6666666666666666,
        "recall": 0.8,
        "f1-score": 0.7272727272727272,
        "support": 10
    },
    "headphones": {
        "precision": 1.0,
        "recall": 1.0,
        "f1-score": 1.0,
        "support": 8
    },
    "keyboard": {
        "precision": 1.0,
        "recall": 1.0,
        "f1-score": 1.0,
        "support": 5
    },
    "laptop_computer": {
        "precision": 1.0,
        "recall": 1.0,
        "f1-score": 1.0,
        "support": 19
    },
    "letter_tray": {
        "precision": 1.0,
        "recall": 0.45454545454545453,
        "f1-score": 0.625,
        "support": 11
    },
    "mobile_phone": {
        "precision": 1.0,
        "recall": 0.2692307692307692,
        "f1-score": 0.42424242424242425,
        "support": 26
    },
    "monitor": {
        "precision": 1.0,
        "recall": 0.8235294117647058,
        "f1-score": 0.9032258064516129,
        "support": 17
    },
    "mouse": {
        "precision": 0.46153846153846156,
        "recall": 0.8571428571428571,
        "f1-score": 0.6,
        "support": 7
    },
    "mug": {
        "precision": 1.0,
        "recall": 1.0,
        "f1-score": 1.0,
        "support": 3
    },
    "paper_notebook": {
        "precision": 0.7142857142857143,
        "recall": 1.0,
        "f1-score": 0.8333333333333333,
        "support": 5
    },
    "pen": {
        "precision": 1.0,
        "recall": 0.6,
        "f1-score": 0.7499999999999999,
        "support": 5
    },
    "phone": {
        "precision": 0.8888888888888888,
        "recall": 1.0,
        "f1-score": 0.9411764705882353,
        "support": 8
    },
    "printer": {
        "precision": 0.6428571428571429,
        "recall": 0.9,
        "f1-score": 0.75,
        "support": 10
    },
    "projector": {
        "precision": 0.782608695652174,
        "recall": 1.0,
        "f1-score": 0.878048780487805,
        "support": 18
    },
    "punchers": {
        "precision": 0.7,
        "recall": 0.5384615384615384,
        "f1-score": 0.608695652173913,
        "support": 13
    },
    "ring_binder": {
        "precision": 1.0,
        "recall": 0.6,
        "f1-score": 0.7499999999999999,
        "support": 5
    },
    "ruler": {
        "precision": 0.5,
        "recall": 1.0,
        "f1-score": 0.6666666666666666,
        "support": 2
    },
    "scissors": {
        "precision": 0.65,
        "recall": 1.0,
        "f1-score": 0.787878787878788,
        "support": 13
    },
    "speaker": {
        "precision": 0.9375,
        "recall": 0.7142857142857143,
        "f1-score": 0.8108108108108109,
        "support": 21
    },
    "stapler": {
        "precision": 0.5714285714285714,
        "recall": 0.75,
        "f1-score": 0.6486486486486486,
        "support": 16
    },
    "tape_dispenser": {
        "precision": 0.8125,
        "recall": 0.7647058823529411,
        "f1-score": 0.787878787878788,
        "support": 17
    },
    "trash_can": {
        "precision": 0.8,
        "recall": 0.8,
        "f1-score": 0.8000000000000002,
        "support": 10
    },
    "accuracy": 0.8104956268221575,
    "macro avg": {
        "precision": 0.8367770105848646,
        "recall": 0.8435508461599543,
        "f1-score": 0.8157150948620259,
        "support": 343
    },
    "weighted avg": {
        "precision": 0.8514838631741914,
        "recall": 0.8104956268221575,
        "f1-score": 0.8015112486665043,
        "support": 343
    }
}