{
    "back_pack": {
        "precision": 0.875,
        "recall": 1.0,
        "f1-score": 0.9333333333333333,
        "support": 7
    },
    "bike": {
        "precision": 1.0,
        "recall": 1.0,
        "f1-score": 1.0,
        "support": 16
    },
    "bike_helmet": {
        "precision": 0.9411764705882353,
        "recall": 0.8421052631578947,
        "f1-score": 0.8888888888888888,
        "support": 19
    },
    "bookcase": {
        "precision": 1.0,
        "recall": 0.8571428571428571,
        "f1-score": 0.923076923076923,
        "support": 7
    },
    "bottle": {
        "precision": 0.9166666666666666,
        "recall": 1.0,
        "f1-score": 0.9565217391304348,
        "support": 11
    },
    "calculator": {
        "precision": 0.5454545454545454,
        "recall": 0.8571428571428571,
        "f1-score": 0.6666666666666665,
        "support": 7
    },
    "desk_chair": {
        "precision": 1.0,
        "recall": 1.0,
        "f1-score": 1.0,
        "support": 8
    },
    "desk_lamp": {
        "precision": 0.6,
        "recall": 1.0,
        "f1-score": 0.7499999999999999,
        "support": 9
    },
    "desktop_computer": {
        "precision": 0.4375,
        "recall": 0.7,
        "f1-score": 0.5384615384615384,
        "support": 10
    },
    "file_cabinet": {
        "precision": 0.6666666666666666,
        "recall": 0.6,
        "f1-score": 0.631578947368421,
        "support": 10
    },
    "headphones": {
        "precision": 0.8888888888888888,
        "recall": 1.0,
        "f1-score": 0.9411764705882353,
        "support": 8
    },
    "keyboard": {
        "precision": 0.5555555555555556,
        "recall": 1.0,
        "f1-score": 0.7142857142857143,
        "support": 5
    },
    "laptop_computer": {
        "precision": 1.0,
        "recall": 0.631578947368421,
        "f1-score": 0.7741935483870968,
        "support": 19
    },
    "letter_tray": {
        "precision": 0.6666666666666666,
        "recall": 0.9090909090909091,
        "f1-score": 0.7692307692307692,
        "support": 11
    },
    "mobile_phone": {
        "precision": 0.9285714285714286,
        "recall": 0.5,
        "f1-score": 0.65,
        "support": 26
    },
    "monitor": {
        "precision": 1.0,
        "recall": 0.5882352941176471,
        "f1-score": 0.7407407407407407,
        "support": 17
    },
    "mouse": {
        "precision": 0.5,
        "recall": 0.8571428571428571,
        "f1-score": 0.631578947368421,
        "support": 7
    },
    "mug": {
        "precision": 0.6,
        "recall": 1.0,
        "f1-score": 0.7499999999999999,
        "support": 3
    },
    "paper_notebook": {
        "precision": 0.6666666666666666,
        "recall": 0.8,
        "f1-score": 0.7272727272727272,
        "support": 5
    },
    "pen": {
        "precision": 0.3333333333333333,
        "recall": 0.4,
        "f1-score": 0.3636363636363636,
        "support": 5
    },
    "phone": {
        "precision": 0.875,
        "recall": 0.875,
        "f1-score": 0.875,
        "support": 8
    },
    "printer": {
        "precision": 0.5714285714285714,
        "recall": 0.4,
        "f1-score": 0.47058823529411764,
        "support": 10
    },
    "projector": {
        "precision": 0.6818181818181818,
        "recall": 0.8333333333333334,
        "f1-score": 0.7499999999999999,
        "support": 18
    },
    "punchers": {
        "precision": 0.875,
        "recall": 0.5384615384615384,
        "f1-score": 0.6666666666666667,
        "support": 13
    },
    "ring_binder": {
        "precision": 0.375,
        "recall": 0.6,
        "f1-score": 0.4615384615384615,
        "support": 5
    },
    "ruler": {
        "precision": 0.16666666666666666,
        "recall": 0.5,
        "f1-score": 0.25,
        "support": 2
    },
    "scissors": {
        "precision": 0.9230769230769231,
        "recall": 0.9230769230769231,
        "f1-score": 0.9230769230769231,
        "support": 13
    },
    "speaker": {
        "precision": 0.8235294117647058,
        "recall": 0.6666666666666666,
        "f1-score": 0.7368421052631577,
        "support": 21
    },
    "stapler": {
        "precision": 0.55,
        "recall": 0.6875,
        "f1-score": 0.6111111111111112,
        "support": 16
    },
    "tape_dispenser": {
        "precision": 0.9,
        "recall": 0.5294117647058824,
        "f1-score": 0.6666666666666667,
        "support": 17
    },
    "trash_can": {
        "precision": 0.75,
        "recall": 0.6,
        "f1-score": 0.6666666666666665,
        "support": 10
    },
    "accuracy": 0.7405247813411079,
    "macro avg": {
        "precision": 0.7294731175423775,
        "recall": 0.7643835229486385,
        "f1-score": 0.723509682410324,
        "support": 343
    },
    "weighted avg": {
        "precision": 0.7944025600345271,
        "recall": 0.7405247813411079,
        "f1-score": 0.7444446692434714,
        "support": 343
    }
}