{
    "0": {
        "precision": 0.9,
        "recall": 0.9845031905195989,
        "f1-score": 0.9403569873748368,
        "support": 1097
    },
    "1": {
        "precision": 0.9484662576687116,
        "recall": 0.7046490428441203,
        "f1-score": 0.8085774058577405,
        "support": 1097
    },
    "2": {
        "precision": 0.775175644028103,
        "recall": 0.9051959890610757,
        "f1-score": 0.8351555929352398,
        "support": 1097
    },
    "3": {
        "precision": 0.7376910016977929,
        "recall": 0.7921604375569735,
        "f1-score": 0.763956043956044,
        "support": 1097
    },
    "4": {
        "precision": 0.8780269058295964,
        "recall": 0.8924339106654512,
        "f1-score": 0.8851717902350814,
        "support": 1097
    },
    "5": {
        "precision": 0.7555147058823529,
        "recall": 0.7493163172288059,
        "f1-score": 0.7524027459954233,
        "support": 1097
    },
    "6": {
        "precision": 0.9109263657957245,
        "recall": 0.699179580674567,
        "f1-score": 0.7911294481691594,
        "support": 1097
    },
    "7": {
        "precision": 0.8628509719222462,
        "recall": 0.7283500455788514,
        "f1-score": 0.7899159663865546,
        "support": 1097
    },
    "8": {
        "precision": 0.6699029126213593,
        "recall": 0.8805834092980857,
        "f1-score": 0.760929499803072,
        "support": 1097
    },
    "9": {
        "precision": 0.6777469990766389,
        "recall": 0.6690975387420237,
        "f1-score": 0.673394495412844,
        "support": 1097
    },
    "accuracy": 0.8005469462169553,
    "macro avg": {
        "precision": 0.8116301764522525,
        "recall": 0.8005469462169552,
        "f1-score": 0.8000989976125996,
        "support": 10970
    },
    "weighted avg": {
        "precision": 0.8116301764522527,
        "recall": 0.8005469462169553,
        "f1-score": 0.8000989976125996,
        "support": 10970
    }
}