{
    "back_pack": {
        "precision": 0.8615384615384616,
        "recall": 0.6436781609195402,
        "f1-score": 0.7368421052631579,
        "support": 87
    },
    "bike": {
        "precision": 1.0,
        "recall": 0.935064935064935,
        "f1-score": 0.9664429530201343,
        "support": 77
    },
    "bike_helmet": {
        "precision": 0.5454545454545454,
        "recall": 0.8059701492537313,
        "f1-score": 0.6506024096385541,
        "support": 67
    },
    "bookcase": {
        "precision": 0.4507042253521127,
        "recall": 0.4155844155844156,
        "f1-score": 0.4324324324324325,
        "support": 77
    },
    "bottle": {
        "precision": 0.5714285714285714,
        "recall": 0.3870967741935484,
        "f1-score": 0.4615384615384615,
        "support": 31
    },
    "calculator": {
        "precision": 0.5106382978723404,
        "recall": 0.8089887640449438,
        "f1-score": 0.6260869565217391,
        "support": 89
    },
    "desk_chair": {
        "precision": 0.875,
        "recall": 0.7325581395348837,
        "f1-score": 0.7974683544303797,
        "support": 86
    },
    "desk_lamp": {
        "precision": 0.7014925373134329,
        "recall": 0.5108695652173914,
        "f1-score": 0.5911949685534592,
        "support": 92
    },
    "desktop_computer": {
        "precision": 0.136986301369863,
        "recall": 0.10869565217391304,
        "f1-score": 0.1212121212121212,
        "support": 92
    },
    "file_cabinet": {
        "precision": 0.35185185185185186,
        "recall": 0.25,
        "f1-score": 0.2923076923076923,
        "support": 76
    },
    "headphones": {
        "precision": 0.6574074074074074,
        "recall": 0.7553191489361702,
        "f1-score": 0.702970297029703,
        "support": 94
    },
    "keyboard": {
        "precision": 0.65,
        "recall": 0.8210526315789474,
        "f1-score": 0.7255813953488371,
        "support": 95
    },
    "laptop_computer": {
        "precision": 0.49019607843137253,
        "recall": 0.7894736842105263,
        "f1-score": 0.6048387096774193,
        "support": 95
    },
    "letter_tray": {
        "precision": 0.32,
        "recall": 0.17204301075268819,
        "f1-score": 0.2237762237762238,
        "support": 93
    },
    "mobile_phone": {
        "precision": 0.22282608695652173,
        "recall": 0.43157894736842106,
        "f1-score": 0.2939068100358423,
        "support": 95
    },
    "monitor": {
        "precision": 0.4965034965034965,
        "recall": 0.7553191489361702,
        "f1-score": 0.5991561181434599,
        "support": 94
    },
    "mouse": {
        "precision": 0.4463276836158192,
        "recall": 0.8315789473684211,
        "f1-score": 0.5808823529411765,
        "support": 95
    },
    "mug": {
        "precision": 0.4090909090909091,
        "recall": 0.10112359550561797,
        "f1-score": 0.16216216216216217,
        "support": 89
    },
    "paper_notebook": {
        "precision": 0.29591836734693877,
        "recall": 0.31868131868131866,
        "f1-score": 0.30687830687830686,
        "support": 91
    },
    "pen": {
        "precision": 0.5970149253731343,
        "recall": 0.4444444444444444,
        "f1-score": 0.5095541401273885,
        "support": 90
    },
    "phone": {
        "precision": 0.7352941176470589,
        "recall": 0.2840909090909091,
        "f1-score": 0.4098360655737705,
        "support": 88
    },
    "printer": {
        "precision": 0.43661971830985913,
        "recall": 0.3263157894736842,
        "f1-score": 0.3734939759036145,
        "support": 95
    },
    "projector": {
        "precision": 0.35,
        "recall": 0.15053763440860216,
        "f1-score": 0.2105263157894737,
        "support": 93
    },
    "punchers": {
        "precision": 0.20270270270270271,
        "recall": 0.16129032258064516,
        "f1-score": 0.17964071856287425,
        "support": 93
    },
    "ring_binder": {
        "precision": 0.3333333333333333,
        "recall": 0.4117647058823529,
        "f1-score": 0.36842105263157887,
        "support": 85
    },
    "ruler": {
        "precision": 0.7916666666666666,
        "recall": 0.5428571428571428,
        "f1-score": 0.6440677966101694,
        "support": 70
    },
    "scissors": {
        "precision": 0.37168141592920356,
        "recall": 0.4421052631578947,
        "f1-score": 0.40384615384615385,
        "support": 95
    },
    "speaker": {
        "precision": 0.08695652173913043,
        "recall": 0.0851063829787234,
        "f1-score": 0.08602150537634408,
        "support": 94
    },
    "stapler": {
        "precision": 0.17791411042944785,
        "recall": 0.30851063829787234,
        "f1-score": 0.22568093385214005,
        "support": 94
    },
    "tape_dispenser": {
        "precision": 0.6041666666666666,
        "recall": 0.31868131868131866,
        "f1-score": 0.4172661870503597,
        "support": 91
    },
    "trash_can": {
        "precision": 0.23529411764705882,
        "recall": 0.06779661016949153,
        "f1-score": 0.10526315789473684,
        "support": 59
    },
    "accuracy": 0.4567993989481593,
    "macro avg": {
        "precision": 0.4811615844509001,
        "recall": 0.45542510165640865,
        "f1-score": 0.4454806075525763,
        "support": 2662
    },
    "weighted avg": {
        "precision": 0.47448740830535563,
        "recall": 0.4567993989481593,
        "f1-score": 0.44281836720391343,
        "support": 2662
    }
}