{
    "back_pack": {
        "precision": 0.96,
        "recall": 1.0,
        "f1-score": 0.9795918367346939,
        "support": 24
    },
    "bike": {
        "precision": 1.0,
        "recall": 1.0,
        "f1-score": 1.0,
        "support": 16
    },
    "bike_helmet": {
        "precision": 0.9545454545454546,
        "recall": 0.9130434782608695,
        "f1-score": 0.9333333333333332,
        "support": 23
    },
    "bookcase": {
        "precision": 0.6363636363636364,
        "recall": 1.0,
        "f1-score": 0.7777777777777778,
        "support": 7
    },
    "bottle": {
        "precision": 1.0,
        "recall": 1.0,
        "f1-score": 1.0,
        "support": 11
    },
    "calculator": {
        "precision": 0.8275862068965517,
        "recall": 0.9230769230769231,
        "f1-score": 0.8727272727272727,
        "support": 26
    },
    "desk_chair": {
        "precision": 1.0,
        "recall": 1.0,
        "f1-score": 1.0,
        "support": 35
    },
    "desk_lamp": {
        "precision": 1.0,
        "recall": 0.9230769230769231,
        "f1-score": 0.9600000000000001,
        "support": 13
    },
    "desktop_computer": {
        "precision": 0.7368421052631579,
        "recall": 0.875,
        "f1-score": 0.7999999999999999,
        "support": 16
    },
    "file_cabinet": {
        "precision": 0.7857142857142857,
        "recall": 0.7857142857142857,
        "f1-score": 0.7857142857142857,
        "support": 14
    },
    "headphones": {
        "precision": 1.0,
        "recall": 0.9090909090909091,
        "f1-score": 0.9523809523809523,
        "support": 22
    },
    "keyboard": {
        "precision": 1.0,
        "recall": 0.8636363636363636,
        "f1-score": 0.9268292682926829,
        "support": 22
    },
    "laptop_computer": {
        "precision": 1.0,
        "recall": 0.96,
        "f1-score": 0.9795918367346939,
        "support": 25
    },
    "letter_tray": {
        "precision": 1.0,
        "recall": 0.7142857142857143,
        "f1-score": 0.8333333333333333,
        "support": 14
    },
    "mobile_phone": {
        "precision": 1.0,
        "recall": 0.64,
        "f1-score": 0.7804878048780487,
        "support": 25
    },
    "monitor": {
        "precision": 0.9487179487179487,
        "recall": 0.9736842105263158,
        "f1-score": 0.9610389610389611,
        "support": 38
    },
    "mouse": {
        "precision": 0.8888888888888888,
        "recall": 0.96,
        "f1-score": 0.923076923076923,
        "support": 25
    },
    "mug": {
        "precision": 1.0,
        "recall": 1.0,
        "f1-score": 1.0,
        "support": 22
    },
    "paper_notebook": {
        "precision": 0.8461538461538461,
        "recall": 0.9565217391304348,
        "f1-score": 0.8979591836734695,
        "support": 23
    },
    "pen": {
        "precision": 0.8333333333333334,
        "recall": 0.9259259259259259,
        "f1-score": 0.8771929824561403,
        "support": 27
    },
    "phone": {
        "precision": 0.9090909090909091,
        "recall": 0.9090909090909091,
        "f1-score": 0.9090909090909091,
        "support": 11
    },
    "printer": {
        "precision": 0.7894736842105263,
        "recall": 1.0,
        "f1-score": 0.8823529411764706,
        "support": 15
    },
    "projector": {
        "precision": 1.0,
        "recall": 0.76,
        "f1-score": 0.8636363636363636,
        "support": 25
    },
    "punchers": {
        "precision": 0.8571428571428571,
        "recall": 0.8181818181818182,
        "f1-score": 0.8372093023255814,
        "support": 22
    },
    "ring_binder": {
        "precision": 0.8888888888888888,
        "recall": 0.9142857142857143,
        "f1-score": 0.9014084507042254,
        "support": 35
    },
    "ruler": {
        "precision": 0.625,
        "recall": 0.8333333333333334,
        "f1-score": 0.7142857142857143,
        "support": 6
    },
    "scissors": {
        "precision": 0.8421052631578947,
        "recall": 0.8,
        "f1-score": 0.8205128205128205,
        "support": 20
    },
    "speaker": {
        "precision": 0.8620689655172413,
        "recall": 1.0,
        "f1-score": 0.9259259259259259,
        "support": 25
    },
    "stapler": {
        "precision": 0.8636363636363636,
        "recall": 1.0,
        "f1-score": 0.9268292682926829,
        "support": 19
    },
    "tape_dispenser": {
        "precision": 0.9444444444444444,
        "recall": 0.9444444444444444,
        "f1-score": 0.9444444444444444,
        "support": 18
    },
    "trash_can": {
        "precision": 1.0,
        "recall": 0.6875,
        "f1-score": 0.8148148148148148,
        "support": 16
    },
    "accuracy": 0.9078125,
    "macro avg": {
        "precision": 0.9032257123214912,
        "recall": 0.9028997642600284,
        "f1-score": 0.8961789260439522,
        "support": 640
    },
    "weighted avg": {
        "precision": 0.9177408253894471,
        "recall": 0.9078125,
        "f1-score": 0.9072221840714858,
        "support": 640
    }
}