{
    "back_pack": {
        "precision": 0.5,
        "recall": 1.0,
        "f1-score": 0.6666666666666666,
        "support": 7
    },
    "bike": {
        "precision": 1.0,
        "recall": 1.0,
        "f1-score": 1.0,
        "support": 16
    },
    "bike_helmet": {
        "precision": 1.0,
        "recall": 0.8421052631578947,
        "f1-score": 0.9142857142857143,
        "support": 19
    },
    "bookcase": {
        "precision": 1.0,
        "recall": 0.7142857142857143,
        "f1-score": 0.8333333333333333,
        "support": 7
    },
    "bottle": {
        "precision": 0.7333333333333333,
        "recall": 1.0,
        "f1-score": 0.846153846153846,
        "support": 11
    },
    "calculator": {
        "precision": 0.8333333333333334,
        "recall": 0.7142857142857143,
        "f1-score": 0.7692307692307692,
        "support": 7
    },
    "desk_chair": {
        "precision": 0.8888888888888888,
        "recall": 1.0,
        "f1-score": 0.9411764705882353,
        "support": 8
    },
    "desk_lamp": {
        "precision": 1.0,
        "recall": 0.5555555555555556,
        "f1-score": 0.7142857142857143,
        "support": 9
    },
    "desktop_computer": {
        "precision": 0.8333333333333334,
        "recall": 0.5,
        "f1-score": 0.625,
        "support": 10
    },
    "file_cabinet": {
        "precision": 0.6666666666666666,
        "recall": 1.0,
        "f1-score": 0.8,
        "support": 10
    },
    "headphones": {
        "precision": 0.6153846153846154,
        "recall": 1.0,
        "f1-score": 0.761904761904762,
        "support": 8
    },
    "keyboard": {
        "precision": 0.5555555555555556,
        "recall": 1.0,
        "f1-score": 0.7142857142857143,
        "support": 5
    },
    "laptop_computer": {
        "precision": 0.8235294117647058,
        "recall": 0.7368421052631579,
        "f1-score": 0.7777777777777778,
        "support": 19
    },
    "letter_tray": {
        "precision": 0.8181818181818182,
        "recall": 0.8181818181818182,
        "f1-score": 0.8181818181818182,
        "support": 11
    },
    "mobile_phone": {
        "precision": 0.875,
        "recall": 0.5384615384615384,
        "f1-score": 0.6666666666666667,
        "support": 26
    },
    "monitor": {
        "precision": 0.9230769230769231,
        "recall": 0.7058823529411765,
        "f1-score": 0.8000000000000002,
        "support": 17
    },
    "mouse": {
        "precision": 0.46153846153846156,
        "recall": 0.8571428571428571,
        "f1-score": 0.6,
        "support": 7
    },
    "mug": {
        "precision": 0.6666666666666666,
        "recall": 0.6666666666666666,
        "f1-score": 0.6666666666666666,
        "support": 3
    },
    "paper_notebook": {
        "precision": 0.4444444444444444,
        "recall": 0.8,
        "f1-score": 0.5714285714285714,
        "support": 5
    },
    "pen": {
        "precision": 0.4,
        "recall": 0.4,
        "f1-score": 0.4000000000000001,
        "support": 5
    },
    "phone": {
        "precision": 1.0,
        "recall": 0.875,
        "f1-score": 0.9333333333333333,
        "support": 8
    },
    "printer": {
        "precision": 0.5833333333333334,
        "recall": 0.7,
        "f1-score": 0.6363636363636365,
        "support": 10
    },
    "projector": {
        "precision": 0.7272727272727273,
        "recall": 0.8888888888888888,
        "f1-score": 0.7999999999999999,
        "support": 18
    },
    "punchers": {
        "precision": 1.0,
        "recall": 0.6153846153846154,
        "f1-score": 0.761904761904762,
        "support": 13
    },
    "ring_binder": {
        "precision": 0.3333333333333333,
        "recall": 0.4,
        "f1-score": 0.3636363636363636,
        "support": 5
    },
    "ruler": {
        "precision": 0.125,
        "recall": 0.5,
        "f1-score": 0.2,
        "support": 2
    },
    "scissors": {
        "precision": 1.0,
        "recall": 0.9230769230769231,
        "f1-score": 0.9600000000000001,
        "support": 13
    },
    "speaker": {
        "precision": 0.9473684210526315,
        "recall": 0.8571428571428571,
        "f1-score": 0.9,
        "support": 21
    },
    "stapler": {
        "precision": 0.5789473684210527,
        "recall": 0.6875,
        "f1-score": 0.6285714285714286,
        "support": 16
    },
    "tape_dispenser": {
        "precision": 0.9,
        "recall": 0.5294117647058824,
        "f1-score": 0.6666666666666667,
        "support": 17
    },
    "trash_can": {
        "precision": 1.0,
        "recall": 0.4,
        "f1-score": 0.5714285714285715,
        "support": 10
    },
    "accuracy": 0.7551020408163265,
    "macro avg": {
        "precision": 0.7494899559865102,
        "recall": 0.7492198269400407,
        "f1-score": 0.7196435243019684,
        "support": 343
    },
    "weighted avg": {
        "precision": 0.8164814215992581,
        "recall": 0.7551020408163265,
        "f1-score": 0.7610631158890463,
        "support": 343
    }
}