{
    "back_pack": {
        "precision": 0.6363636363636364,
        "recall": 1.0,
        "f1-score": 0.7777777777777778,
        "support": 7
    },
    "bike": {
        "precision": 1.0,
        "recall": 1.0,
        "f1-score": 1.0,
        "support": 16
    },
    "bike_helmet": {
        "precision": 0.9411764705882353,
        "recall": 0.8421052631578947,
        "f1-score": 0.8888888888888888,
        "support": 19
    },
    "bookcase": {
        "precision": 0.875,
        "recall": 1.0,
        "f1-score": 0.9333333333333333,
        "support": 7
    },
    "bottle": {
        "precision": 0.9166666666666666,
        "recall": 1.0,
        "f1-score": 0.9565217391304348,
        "support": 11
    },
    "calculator": {
        "precision": 0.8571428571428571,
        "recall": 0.8571428571428571,
        "f1-score": 0.8571428571428571,
        "support": 7
    },
    "desk_chair": {
        "precision": 1.0,
        "recall": 1.0,
        "f1-score": 1.0,
        "support": 8
    },
    "desk_lamp": {
        "precision": 1.0,
        "recall": 0.3333333333333333,
        "f1-score": 0.5,
        "support": 9
    },
    "desktop_computer": {
        "precision": 0.6666666666666666,
        "recall": 0.4,
        "f1-score": 0.5,
        "support": 10
    },
    "file_cabinet": {
        "precision": 0.5263157894736842,
        "recall": 1.0,
        "f1-score": 0.6896551724137931,
        "support": 10
    },
    "headphones": {
        "precision": 1.0,
        "recall": 1.0,
        "f1-score": 1.0,
        "support": 8
    },
    "keyboard": {
        "precision": 0.8,
        "recall": 0.8,
        "f1-score": 0.8000000000000002,
        "support": 5
    },
    "laptop_computer": {
        "precision": 1.0,
        "recall": 0.7894736842105263,
        "f1-score": 0.8823529411764706,
        "support": 19
    },
    "letter_tray": {
        "precision": 0.6470588235294118,
        "recall": 1.0,
        "f1-score": 0.7857142857142858,
        "support": 11
    },
    "mobile_phone": {
        "precision": 0.875,
        "recall": 0.8076923076923077,
        "f1-score": 0.8400000000000001,
        "support": 26
    },
    "monitor": {
        "precision": 0.85,
        "recall": 1.0,
        "f1-score": 0.9189189189189189,
        "support": 17
    },
    "mouse": {
        "precision": 0.5555555555555556,
        "recall": 0.7142857142857143,
        "f1-score": 0.6250000000000001,
        "support": 7
    },
    "mug": {
        "precision": 0.6,
        "recall": 1.0,
        "f1-score": 0.7499999999999999,
        "support": 3
    },
    "paper_notebook": {
        "precision": 0.5,
        "recall": 1.0,
        "f1-score": 0.6666666666666666,
        "support": 5
    },
    "pen": {
        "precision": 0.0,
        "recall": 0.0,
        "f1-score": 0.0,
        "support": 5
    },
    "phone": {
        "precision": 1.0,
        "recall": 0.875,
        "f1-score": 0.9333333333333333,
        "support": 8
    },
    "printer": {
        "precision": 0.8888888888888888,
        "recall": 0.8,
        "f1-score": 0.8421052631578948,
        "support": 10
    },
    "projector": {
        "precision": 0.631578947368421,
        "recall": 0.6666666666666666,
        "f1-score": 0.6486486486486486,
        "support": 18
    },
    "punchers": {
        "precision": 0.75,
        "recall": 0.46153846153846156,
        "f1-score": 0.5714285714285714,
        "support": 13
    },
    "ring_binder": {
        "precision": 0.8,
        "recall": 0.8,
        "f1-score": 0.8000000000000002,
        "support": 5
    },
    "ruler": {
        "precision": 0.2,
        "recall": 1.0,
        "f1-score": 0.33333333333333337,
        "support": 2
    },
    "scissors": {
        "precision": 0.9230769230769231,
        "recall": 0.9230769230769231,
        "f1-score": 0.9230769230769231,
        "support": 13
    },
    "speaker": {
        "precision": 0.9090909090909091,
        "recall": 0.47619047619047616,
        "f1-score": 0.6249999999999999,
        "support": 21
    },
    "stapler": {
        "precision": 0.8333333333333334,
        "recall": 0.3125,
        "f1-score": 0.45454545454545453,
        "support": 16
    },
    "tape_dispenser": {
        "precision": 0.75,
        "recall": 0.8823529411764706,
        "f1-score": 0.8108108108108107,
        "support": 17
    },
    "trash_can": {
        "precision": 0.3333333333333333,
        "recall": 0.4,
        "f1-score": 0.3636363636363636,
        "support": 10
    },
    "accuracy": 0.7638483965014577,
    "macro avg": {
        "precision": 0.7505241548735005,
        "recall": 0.778753504144246,
        "f1-score": 0.7315448801011213,
        "support": 343
    },
    "weighted avg": {
        "precision": 0.8043629094380973,
        "recall": 0.7638483965014577,
        "f1-score": 0.7582769191353893,
        "support": 343
    }
}