{
    "back_pack": {
        "precision": 0.8701298701298701,
        "recall": 0.7701149425287356,
        "f1-score": 0.8170731707317073,
        "support": 87
    },
    "bike": {
        "precision": 0.9058823529411765,
        "recall": 1.0,
        "f1-score": 0.9506172839506173,
        "support": 77
    },
    "bike_helmet": {
        "precision": 0.7368421052631579,
        "recall": 0.835820895522388,
        "f1-score": 0.7832167832167832,
        "support": 67
    },
    "bookcase": {
        "precision": 0.41935483870967744,
        "recall": 0.8441558441558441,
        "f1-score": 0.5603448275862069,
        "support": 77
    },
    "bottle": {
        "precision": 0.45454545454545453,
        "recall": 0.4838709677419355,
        "f1-score": 0.46874999999999994,
        "support": 31
    },
    "calculator": {
        "precision": 0.6428571428571429,
        "recall": 0.7078651685393258,
        "f1-score": 0.6737967914438502,
        "support": 89
    },
    "desk_chair": {
        "precision": 0.8351648351648352,
        "recall": 0.8837209302325582,
        "f1-score": 0.8587570621468927,
        "support": 86
    },
    "desk_lamp": {
        "precision": 0.6976744186046512,
        "recall": 0.32608695652173914,
        "f1-score": 0.4444444444444445,
        "support": 92
    },
    "desktop_computer": {
        "precision": 0.5526315789473685,
        "recall": 0.22826086956521738,
        "f1-score": 0.32307692307692304,
        "support": 92
    },
    "file_cabinet": {
        "precision": 0.4036697247706422,
        "recall": 0.5789473684210527,
        "f1-score": 0.4756756756756757,
        "support": 76
    },
    "headphones": {
        "precision": 0.6692913385826772,
        "recall": 0.9042553191489362,
        "f1-score": 0.7692307692307692,
        "support": 94
    },
    "keyboard": {
        "precision": 0.7956989247311828,
        "recall": 0.7789473684210526,
        "f1-score": 0.7872340425531914,
        "support": 95
    },
    "laptop_computer": {
        "precision": 0.8095238095238095,
        "recall": 0.7157894736842105,
        "f1-score": 0.7597765363128492,
        "support": 95
    },
    "letter_tray": {
        "precision": 0.6774193548387096,
        "recall": 0.6774193548387096,
        "f1-score": 0.6774193548387096,
        "support": 93
    },
    "mobile_phone": {
        "precision": 0.7222222222222222,
        "recall": 0.9578947368421052,
        "f1-score": 0.8235294117647058,
        "support": 95
    },
    "monitor": {
        "precision": 0.6796875,
        "recall": 0.925531914893617,
        "f1-score": 0.7837837837837838,
        "support": 94
    },
    "mouse": {
        "precision": 0.7155963302752294,
        "recall": 0.8210526315789474,
        "f1-score": 0.7647058823529412,
        "support": 95
    },
    "mug": {
        "precision": 0.9310344827586207,
        "recall": 0.6067415730337079,
        "f1-score": 0.7346938775510203,
        "support": 89
    },
    "paper_notebook": {
        "precision": 0.4787234042553192,
        "recall": 0.4945054945054945,
        "f1-score": 0.4864864864864865,
        "support": 91
    },
    "pen": {
        "precision": 0.33070866141732286,
        "recall": 0.4666666666666667,
        "f1-score": 0.3870967741935485,
        "support": 90
    },
    "phone": {
        "precision": 0.6813186813186813,
        "recall": 0.7045454545454546,
        "f1-score": 0.6927374301675978,
        "support": 88
    },
    "printer": {
        "precision": 0.8,
        "recall": 0.5473684210526316,
        "f1-score": 0.65,
        "support": 95
    },
    "projector": {
        "precision": 0.6203703703703703,
        "recall": 0.7204301075268817,
        "f1-score": 0.6666666666666666,
        "support": 93
    },
    "punchers": {
        "precision": 0.36585365853658536,
        "recall": 0.16129032258064516,
        "f1-score": 0.22388059701492538,
        "support": 93
    },
    "ring_binder": {
        "precision": 0.6231884057971014,
        "recall": 0.5058823529411764,
        "f1-score": 0.5584415584415584,
        "support": 85
    },
    "ruler": {
        "precision": 0.5,
        "recall": 0.6,
        "f1-score": 0.5454545454545454,
        "support": 70
    },
    "scissors": {
        "precision": 0.4342105263157895,
        "recall": 0.3473684210526316,
        "f1-score": 0.38596491228070173,
        "support": 95
    },
    "speaker": {
        "precision": 0.4842105263157895,
        "recall": 0.48936170212765956,
        "f1-score": 0.48677248677248675,
        "support": 94
    },
    "stapler": {
        "precision": 0.4927536231884058,
        "recall": 0.3617021276595745,
        "f1-score": 0.4171779141104295,
        "support": 94
    },
    "tape_dispenser": {
        "precision": 0.4230769230769231,
        "recall": 0.3626373626373626,
        "f1-score": 0.3905325443786982,
        "support": 91
    },
    "trash_can": {
        "precision": 0.5238095238095238,
        "recall": 0.3728813559322034,
        "f1-score": 0.43564356435643564,
        "support": 59
    },
    "accuracy": 0.6198347107438017,
    "macro avg": {
        "precision": 0.6218532448151045,
        "recall": 0.6187456808031763,
        "f1-score": 0.605902648418876,
        "support": 2662
    },
    "weighted avg": {
        "precision": 0.6270350493770235,
        "recall": 0.6198347107438017,
        "f1-score": 0.6087188576416825,
        "support": 2662
    }
}