{
    "back_pack": {
        "precision": 0.875,
        "recall": 1.0,
        "f1-score": 0.9333333333333333,
        "support": 7
    },
    "bike": {
        "precision": 1.0,
        "recall": 0.9375,
        "f1-score": 0.967741935483871,
        "support": 16
    },
    "bike_helmet": {
        "precision": 0.95,
        "recall": 1.0,
        "f1-score": 0.9743589743589743,
        "support": 19
    },
    "bookcase": {
        "precision": 0.625,
        "recall": 0.7142857142857143,
        "f1-score": 0.6666666666666666,
        "support": 7
    },
    "bottle": {
        "precision": 1.0,
        "recall": 1.0,
        "f1-score": 1.0,
        "support": 11
    },
    "calculator": {
        "precision": 1.0,
        "recall": 0.7142857142857143,
        "f1-score": 0.8333333333333333,
        "support": 7
    },
    "desk_chair": {
        "precision": 0.8888888888888888,
        "recall": 1.0,
        "f1-score": 0.9411764705882353,
        "support": 8
    },
    "desk_lamp": {
        "precision": 0.7777777777777778,
        "recall": 0.7777777777777778,
        "f1-score": 0.7777777777777778,
        "support": 9
    },
    "desktop_computer": {
        "precision": 0.2857142857142857,
        "recall": 0.4,
        "f1-score": 0.3333333333333333,
        "support": 10
    },
    "file_cabinet": {
        "precision": 0.4444444444444444,
        "recall": 0.8,
        "f1-score": 0.5714285714285714,
        "support": 10
    },
    "headphones": {
        "precision": 0.8571428571428571,
        "recall": 0.75,
        "f1-score": 0.7999999999999999,
        "support": 8
    },
    "keyboard": {
        "precision": 0.7142857142857143,
        "recall": 1.0,
        "f1-score": 0.8333333333333333,
        "support": 5
    },
    "laptop_computer": {
        "precision": 0.8333333333333334,
        "recall": 0.7894736842105263,
        "f1-score": 0.8108108108108109,
        "support": 19
    },
    "letter_tray": {
        "precision": 0.7142857142857143,
        "recall": 0.45454545454545453,
        "f1-score": 0.5555555555555556,
        "support": 11
    },
    "mobile_phone": {
        "precision": 1.0,
        "recall": 0.15384615384615385,
        "f1-score": 0.2666666666666667,
        "support": 26
    },
    "monitor": {
        "precision": 0.875,
        "recall": 0.4117647058823529,
        "f1-score": 0.56,
        "support": 17
    },
    "mouse": {
        "precision": 1.0,
        "recall": 1.0,
        "f1-score": 1.0,
        "support": 7
    },
    "mug": {
        "precision": 0.42857142857142855,
        "recall": 1.0,
        "f1-score": 0.6,
        "support": 3
    },
    "paper_notebook": {
        "precision": 0.5555555555555556,
        "recall": 1.0,
        "f1-score": 0.7142857142857143,
        "support": 5
    },
    "pen": {
        "precision": 0.5,
        "recall": 0.8,
        "f1-score": 0.6153846153846154,
        "support": 5
    },
    "phone": {
        "precision": 1.0,
        "recall": 0.875,
        "f1-score": 0.9333333333333333,
        "support": 8
    },
    "printer": {
        "precision": 0.4166666666666667,
        "recall": 0.5,
        "f1-score": 0.45454545454545453,
        "support": 10
    },
    "projector": {
        "precision": 0.6666666666666666,
        "recall": 0.6666666666666666,
        "f1-score": 0.6666666666666666,
        "support": 18
    },
    "punchers": {
        "precision": 0.38095238095238093,
        "recall": 0.6153846153846154,
        "f1-score": 0.47058823529411764,
        "support": 13
    },
    "ring_binder": {
        "precision": 0.1875,
        "recall": 0.6,
        "f1-score": 0.2857142857142857,
        "support": 5
    },
    "ruler": {
        "precision": 1.0,
        "recall": 0.5,
        "f1-score": 0.6666666666666666,
        "support": 2
    },
    "scissors": {
        "precision": 0.9230769230769231,
        "recall": 0.9230769230769231,
        "f1-score": 0.9230769230769231,
        "support": 13
    },
    "speaker": {
        "precision": 1.0,
        "recall": 0.42857142857142855,
        "f1-score": 0.6,
        "support": 21
    },
    "stapler": {
        "precision": 0.4166666666666667,
        "recall": 0.625,
        "f1-score": 0.5,
        "support": 16
    },
    "tape_dispenser": {
        "precision": 0.8461538461538461,
        "recall": 0.6470588235294118,
        "f1-score": 0.7333333333333334,
        "support": 17
    },
    "trash_can": {
        "precision": 0.5,
        "recall": 0.5,
        "f1-score": 0.5,
        "support": 10
    },
    "accuracy": 0.6793002915451894,
    "macro avg": {
        "precision": 0.7310542951671983,
        "recall": 0.728523795550411,
        "f1-score": 0.6931971609990831,
        "support": 343
    },
    "weighted avg": {
        "precision": 0.7685949497538419,
        "recall": 0.6793002915451894,
        "f1-score": 0.6779891063866037,
        "support": 343
    }
}