{
    "back_pack": {
        "precision": 0.7474747474747475,
        "recall": 0.8505747126436781,
        "f1-score": 0.7956989247311828,
        "support": 87
    },
    "bike": {
        "precision": 0.9047619047619048,
        "recall": 0.987012987012987,
        "f1-score": 0.9440993788819876,
        "support": 77
    },
    "bike_helmet": {
        "precision": 0.7294117647058823,
        "recall": 0.9253731343283582,
        "f1-score": 0.8157894736842104,
        "support": 67
    },
    "bookcase": {
        "precision": 0.5405405405405406,
        "recall": 0.7792207792207793,
        "f1-score": 0.6382978723404256,
        "support": 77
    },
    "bottle": {
        "precision": 0.4594594594594595,
        "recall": 0.5483870967741935,
        "f1-score": 0.5,
        "support": 31
    },
    "calculator": {
        "precision": 0.6835443037974683,
        "recall": 0.6067415730337079,
        "f1-score": 0.6428571428571429,
        "support": 89
    },
    "desk_chair": {
        "precision": 0.7403846153846154,
        "recall": 0.8953488372093024,
        "f1-score": 0.8105263157894737,
        "support": 86
    },
    "desk_lamp": {
        "precision": 0.6521739130434783,
        "recall": 0.4891304347826087,
        "f1-score": 0.5590062111801243,
        "support": 92
    },
    "desktop_computer": {
        "precision": 0.5681818181818182,
        "recall": 0.2717391304347826,
        "f1-score": 0.3676470588235294,
        "support": 92
    },
    "file_cabinet": {
        "precision": 0.36,
        "recall": 0.5921052631578947,
        "f1-score": 0.4477611940298507,
        "support": 76
    },
    "headphones": {
        "precision": 0.8021978021978022,
        "recall": 0.776595744680851,
        "f1-score": 0.7891891891891892,
        "support": 94
    },
    "keyboard": {
        "precision": 0.7777777777777778,
        "recall": 0.8105263157894737,
        "f1-score": 0.7938144329896907,
        "support": 95
    },
    "laptop_computer": {
        "precision": 0.8375,
        "recall": 0.7052631578947368,
        "f1-score": 0.7657142857142857,
        "support": 95
    },
    "letter_tray": {
        "precision": 0.5573770491803278,
        "recall": 0.7311827956989247,
        "f1-score": 0.6325581395348837,
        "support": 93
    },
    "mobile_phone": {
        "precision": 0.6326530612244898,
        "recall": 0.9789473684210527,
        "f1-score": 0.7685950413223142,
        "support": 95
    },
    "monitor": {
        "precision": 0.6111111111111112,
        "recall": 0.9361702127659575,
        "f1-score": 0.7394957983193278,
        "support": 94
    },
    "mouse": {
        "precision": 0.7547169811320755,
        "recall": 0.8421052631578947,
        "f1-score": 0.7960199004975125,
        "support": 95
    },
    "mug": {
        "precision": 0.9298245614035088,
        "recall": 0.5955056179775281,
        "f1-score": 0.726027397260274,
        "support": 89
    },
    "paper_notebook": {
        "precision": 0.5454545454545454,
        "recall": 0.46153846153846156,
        "f1-score": 0.4999999999999999,
        "support": 91
    },
    "pen": {
        "precision": 0.3763440860215054,
        "recall": 0.3888888888888889,
        "f1-score": 0.3825136612021858,
        "support": 90
    },
    "phone": {
        "precision": 0.7901234567901234,
        "recall": 0.7272727272727273,
        "f1-score": 0.757396449704142,
        "support": 88
    },
    "printer": {
        "precision": 0.7391304347826086,
        "recall": 0.7157894736842105,
        "f1-score": 0.7272727272727273,
        "support": 95
    },
    "projector": {
        "precision": 0.7536231884057971,
        "recall": 0.5591397849462365,
        "f1-score": 0.6419753086419753,
        "support": 93
    },
    "punchers": {
        "precision": 0.3333333333333333,
        "recall": 0.1935483870967742,
        "f1-score": 0.24489795918367346,
        "support": 93
    },
    "ring_binder": {
        "precision": 0.7916666666666666,
        "recall": 0.4470588235294118,
        "f1-score": 0.5714285714285714,
        "support": 85
    },
    "ruler": {
        "precision": 0.524390243902439,
        "recall": 0.6142857142857143,
        "f1-score": 0.5657894736842106,
        "support": 70
    },
    "scissors": {
        "precision": 0.4857142857142857,
        "recall": 0.35789473684210527,
        "f1-score": 0.4121212121212121,
        "support": 95
    },
    "speaker": {
        "precision": 0.5967741935483871,
        "recall": 0.39361702127659576,
        "f1-score": 0.47435897435897434,
        "support": 94
    },
    "stapler": {
        "precision": 0.3611111111111111,
        "recall": 0.4148936170212766,
        "f1-score": 0.38613861386138615,
        "support": 94
    },
    "tape_dispenser": {
        "precision": 0.45901639344262296,
        "recall": 0.3076923076923077,
        "f1-score": 0.3684210526315789,
        "support": 91
    },
    "trash_can": {
        "precision": 0.36585365853658536,
        "recall": 0.5084745762711864,
        "f1-score": 0.42553191489361697,
        "support": 59
    },
    "accuracy": 0.6243425995492111,
    "macro avg": {
        "precision": 0.6261815164221619,
        "recall": 0.626194353075181,
        "f1-score": 0.6126110863267633,
        "support": 2662
    },
    "weighted avg": {
        "precision": 0.6326627208538438,
        "recall": 0.6243425995492111,
        "f1-score": 0.6147104022999407,
        "support": 2662
    }
}