{
    "back_pack": {
        "precision": 0.7070707070707071,
        "recall": 0.8045977011494253,
        "f1-score": 0.7526881720430108,
        "support": 87
    },
    "bike": {
        "precision": 1.0,
        "recall": 0.9090909090909091,
        "f1-score": 0.9523809523809523,
        "support": 77
    },
    "bike_helmet": {
        "precision": 0.7636363636363637,
        "recall": 0.6268656716417911,
        "f1-score": 0.6885245901639345,
        "support": 67
    },
    "bookcase": {
        "precision": 0.3582887700534759,
        "recall": 0.8701298701298701,
        "f1-score": 0.5075757575757577,
        "support": 77
    },
    "bottle": {
        "precision": 0.5,
        "recall": 0.45161290322580644,
        "f1-score": 0.47457627118644063,
        "support": 31
    },
    "calculator": {
        "precision": 0.8214285714285714,
        "recall": 0.5168539325842697,
        "f1-score": 0.6344827586206896,
        "support": 89
    },
    "desk_chair": {
        "precision": 0.9852941176470589,
        "recall": 0.7790697674418605,
        "f1-score": 0.8701298701298702,
        "support": 86
    },
    "desk_lamp": {
        "precision": 0.7894736842105263,
        "recall": 0.4891304347826087,
        "f1-score": 0.6040268456375839,
        "support": 92
    },
    "desktop_computer": {
        "precision": 0.4791666666666667,
        "recall": 0.25,
        "f1-score": 0.32857142857142857,
        "support": 92
    },
    "file_cabinet": {
        "precision": 0.43,
        "recall": 0.5657894736842105,
        "f1-score": 0.48863636363636365,
        "support": 76
    },
    "headphones": {
        "precision": 0.7894736842105263,
        "recall": 0.7978723404255319,
        "f1-score": 0.7936507936507936,
        "support": 94
    },
    "keyboard": {
        "precision": 0.782608695652174,
        "recall": 0.7578947368421053,
        "f1-score": 0.7700534759358288,
        "support": 95
    },
    "laptop_computer": {
        "precision": 0.8043478260869565,
        "recall": 0.7789473684210526,
        "f1-score": 0.7914438502673796,
        "support": 95
    },
    "letter_tray": {
        "precision": 0.5,
        "recall": 0.07526881720430108,
        "f1-score": 0.1308411214953271,
        "support": 93
    },
    "mobile_phone": {
        "precision": 0.6666666666666666,
        "recall": 0.8421052631578947,
        "f1-score": 0.744186046511628,
        "support": 95
    },
    "monitor": {
        "precision": 0.875,
        "recall": 0.8936170212765957,
        "f1-score": 0.8842105263157894,
        "support": 94
    },
    "mouse": {
        "precision": 0.6194029850746269,
        "recall": 0.8736842105263158,
        "f1-score": 0.7248908296943232,
        "support": 95
    },
    "mug": {
        "precision": 0.9152542372881356,
        "recall": 0.6067415730337079,
        "f1-score": 0.7297297297297298,
        "support": 89
    },
    "paper_notebook": {
        "precision": 0.3880597014925373,
        "recall": 0.2857142857142857,
        "f1-score": 0.3291139240506329,
        "support": 91
    },
    "pen": {
        "precision": 0.5588235294117647,
        "recall": 0.2111111111111111,
        "f1-score": 0.30645161290322576,
        "support": 90
    },
    "phone": {
        "precision": 0.5957446808510638,
        "recall": 0.3181818181818182,
        "f1-score": 0.4148148148148148,
        "support": 88
    },
    "printer": {
        "precision": 0.8395061728395061,
        "recall": 0.7157894736842105,
        "f1-score": 0.7727272727272727,
        "support": 95
    },
    "projector": {
        "precision": 0.34615384615384615,
        "recall": 0.7741935483870968,
        "f1-score": 0.47840531561461797,
        "support": 93
    },
    "punchers": {
        "precision": 0.14232209737827714,
        "recall": 0.40860215053763443,
        "f1-score": 0.2111111111111111,
        "support": 93
    },
    "ring_binder": {
        "precision": 0.4418604651162791,
        "recall": 0.2235294117647059,
        "f1-score": 0.29687500000000006,
        "support": 85
    },
    "ruler": {
        "precision": 0.609375,
        "recall": 0.5571428571428572,
        "f1-score": 0.582089552238806,
        "support": 70
    },
    "scissors": {
        "precision": 0.72,
        "recall": 0.18947368421052632,
        "f1-score": 0.3,
        "support": 95
    },
    "speaker": {
        "precision": 0.7948717948717948,
        "recall": 0.32978723404255317,
        "f1-score": 0.4661654135338345,
        "support": 94
    },
    "stapler": {
        "precision": 0.7014925373134329,
        "recall": 0.5,
        "f1-score": 0.5838509316770186,
        "support": 94
    },
    "tape_dispenser": {
        "precision": 0.28187919463087246,
        "recall": 0.46153846153846156,
        "f1-score": 0.35,
        "support": 91
    },
    "trash_can": {
        "precision": 0.3564356435643564,
        "recall": 0.6101694915254238,
        "f1-score": 0.45,
        "support": 59
    },
    "accuracy": 0.5631104432757326,
    "macro avg": {
        "precision": 0.6310850851392318,
        "recall": 0.5636937265309334,
        "f1-score": 0.561684010716715,
        "support": 2662
    },
    "weighted avg": {
        "precision": 0.6373132195159604,
        "recall": 0.5631104432757326,
        "f1-score": 0.5630604008263099,
        "support": 2662
    }
}