{
    "back_pack": {
        "precision": 0.6822429906542056,
        "recall": 0.8390804597701149,
        "f1-score": 0.7525773195876289,
        "support": 87
    },
    "bike": {
        "precision": 0.9375,
        "recall": 0.974025974025974,
        "f1-score": 0.9554140127388535,
        "support": 77
    },
    "bike_helmet": {
        "precision": 0.5520833333333334,
        "recall": 0.7910447761194029,
        "f1-score": 0.6503067484662577,
        "support": 67
    },
    "bookcase": {
        "precision": 0.5042735042735043,
        "recall": 0.7662337662337663,
        "f1-score": 0.6082474226804123,
        "support": 77
    },
    "bottle": {
        "precision": 0.1958762886597938,
        "recall": 0.6129032258064516,
        "f1-score": 0.296875,
        "support": 31
    },
    "calculator": {
        "precision": 0.6542056074766355,
        "recall": 0.7865168539325843,
        "f1-score": 0.7142857142857143,
        "support": 89
    },
    "desk_chair": {
        "precision": 0.7684210526315789,
        "recall": 0.8488372093023255,
        "f1-score": 0.8066298342541436,
        "support": 86
    },
    "desk_lamp": {
        "precision": 0.90625,
        "recall": 0.31521739130434784,
        "f1-score": 0.467741935483871,
        "support": 92
    },
    "desktop_computer": {
        "precision": 0.7619047619047619,
        "recall": 0.34782608695652173,
        "f1-score": 0.4776119402985074,
        "support": 92
    },
    "file_cabinet": {
        "precision": 0.23931623931623933,
        "recall": 0.3684210526315789,
        "f1-score": 0.2901554404145078,
        "support": 76
    },
    "headphones": {
        "precision": 0.8651685393258427,
        "recall": 0.8191489361702128,
        "f1-score": 0.8415300546448087,
        "support": 94
    },
    "keyboard": {
        "precision": 0.8041237113402062,
        "recall": 0.8210526315789474,
        "f1-score": 0.8125,
        "support": 95
    },
    "laptop_computer": {
        "precision": 0.5511811023622047,
        "recall": 0.7368421052631579,
        "f1-score": 0.6306306306306306,
        "support": 95
    },
    "letter_tray": {
        "precision": 0.46853146853146854,
        "recall": 0.7204301075268817,
        "f1-score": 0.5677966101694916,
        "support": 93
    },
    "mobile_phone": {
        "precision": 0.7319587628865979,
        "recall": 0.7473684210526316,
        "f1-score": 0.7395833333333333,
        "support": 95
    },
    "monitor": {
        "precision": 0.7961165048543689,
        "recall": 0.8723404255319149,
        "f1-score": 0.83248730964467,
        "support": 94
    },
    "mouse": {
        "precision": 0.5060240963855421,
        "recall": 0.4421052631578947,
        "f1-score": 0.47191011235955055,
        "support": 95
    },
    "mug": {
        "precision": 0.703125,
        "recall": 0.5056179775280899,
        "f1-score": 0.588235294117647,
        "support": 89
    },
    "paper_notebook": {
        "precision": 0.46601941747572817,
        "recall": 0.5274725274725275,
        "f1-score": 0.4948453608247423,
        "support": 91
    },
    "pen": {
        "precision": 0.5833333333333334,
        "recall": 0.3888888888888889,
        "f1-score": 0.4666666666666666,
        "support": 90
    },
    "phone": {
        "precision": 0.654320987654321,
        "recall": 0.6022727272727273,
        "f1-score": 0.6272189349112426,
        "support": 88
    },
    "printer": {
        "precision": 0.4962962962962963,
        "recall": 0.7052631578947368,
        "f1-score": 0.5826086956521739,
        "support": 95
    },
    "projector": {
        "precision": 0.6224489795918368,
        "recall": 0.6559139784946236,
        "f1-score": 0.6387434554973822,
        "support": 93
    },
    "punchers": {
        "precision": 0.5454545454545454,
        "recall": 0.12903225806451613,
        "f1-score": 0.20869565217391303,
        "support": 93
    },
    "ring_binder": {
        "precision": 0.3146853146853147,
        "recall": 0.5294117647058824,
        "f1-score": 0.39473684210526316,
        "support": 85
    },
    "ruler": {
        "precision": 0.574468085106383,
        "recall": 0.38571428571428573,
        "f1-score": 0.46153846153846156,
        "support": 70
    },
    "scissors": {
        "precision": 0.43037974683544306,
        "recall": 0.35789473684210527,
        "f1-score": 0.3908045977011494,
        "support": 95
    },
    "speaker": {
        "precision": 0.453125,
        "recall": 0.30851063829787234,
        "f1-score": 0.3670886075949367,
        "support": 94
    },
    "stapler": {
        "precision": 0.4222222222222222,
        "recall": 0.40425531914893614,
        "f1-score": 0.41304347826086957,
        "support": 94
    },
    "tape_dispenser": {
        "precision": 0.5384615384615384,
        "recall": 0.07692307692307693,
        "f1-score": 0.1346153846153846,
        "support": 91
    },
    "trash_can": {
        "precision": 0.5,
        "recall": 0.288135593220339,
        "f1-score": 0.3655913978494624,
        "support": 59
    },
    "accuracy": 0.569496619083396,
    "macro avg": {
        "precision": 0.5880489816468789,
        "recall": 0.5701516650591393,
        "f1-score": 0.5500231047903767,
        "support": 2662
    },
    "weighted avg": {
        "precision": 0.599156959901205,
        "recall": 0.569496619083396,
        "f1-score": 0.5566662925150382,
        "support": 2662
    }
}