{
    "0": {
        "precision": 0.8587943848059455,
        "recall": 0.9463148316651502,
        "f1-score": 0.9004329004329005,
        "support": 1099
    },
    "1": {
        "precision": 0.6733102253032929,
        "recall": 0.7070063694267515,
        "f1-score": 0.6897470039946737,
        "support": 1099
    },
    "2": {
        "precision": 0.7204918032786886,
        "recall": 0.7998180163785259,
        "f1-score": 0.7580853816300129,
        "support": 1099
    },
    "3": {
        "precision": 0.6681547619047619,
        "recall": 0.8171064604185623,
        "f1-score": 0.7351616864510847,
        "support": 1099
    },
    "4": {
        "precision": 0.682962962962963,
        "recall": 0.8389444949954504,
        "f1-score": 0.7529603919967333,
        "support": 1099
    },
    "5": {
        "precision": 0.6826003824091779,
        "recall": 0.6496815286624203,
        "f1-score": 0.6657342657342658,
        "support": 1099
    },
    "6": {
        "precision": 0.8819148936170212,
        "recall": 0.7543221110100091,
        "f1-score": 0.8131436978911232,
        "support": 1099
    },
    "7": {
        "precision": 0.43779741672331746,
        "recall": 0.5859872611464968,
        "f1-score": 0.5011673151750972,
        "support": 1099
    },
    "8": {
        "precision": 0.6310904872389791,
        "recall": 0.49499545040946313,
        "f1-score": 0.5548189699133096,
        "support": 1099
    },
    "9": {
        "precision": 0.6147959183673469,
        "recall": 0.21929026387625114,
        "f1-score": 0.3232729711602951,
        "support": 1099
    },
    "accuracy": 0.6813466787989081,
    "macro avg": {
        "precision": 0.6851913236611494,
        "recall": 0.6813466787989081,
        "f1-score": 0.6694524584379495,
        "support": 10990
    },
    "weighted avg": {
        "precision": 0.6851913236611495,
        "recall": 0.6813466787989081,
        "f1-score": 0.6694524584379495,
        "support": 10990
    }
}