{
    "back_pack": {
        "precision": 1.0,
        "recall": 0.5287356321839081,
        "f1-score": 0.6917293233082707,
        "support": 87
    },
    "bike": {
        "precision": 0.9743589743589743,
        "recall": 0.987012987012987,
        "f1-score": 0.9806451612903225,
        "support": 77
    },
    "bike_helmet": {
        "precision": 0.8311688311688312,
        "recall": 0.9552238805970149,
        "f1-score": 0.888888888888889,
        "support": 67
    },
    "bookcase": {
        "precision": 0.6973684210526315,
        "recall": 0.6883116883116883,
        "f1-score": 0.6928104575163399,
        "support": 77
    },
    "bottle": {
        "precision": 0.40425531914893614,
        "recall": 0.6129032258064516,
        "f1-score": 0.48717948717948717,
        "support": 31
    },
    "calculator": {
        "precision": 0.6210526315789474,
        "recall": 0.6629213483146067,
        "f1-score": 0.6413043478260869,
        "support": 89
    },
    "desk_chair": {
        "precision": 0.9240506329113924,
        "recall": 0.8488372093023255,
        "f1-score": 0.8848484848484849,
        "support": 86
    },
    "desk_lamp": {
        "precision": 0.8275862068965517,
        "recall": 0.5217391304347826,
        "f1-score": 0.64,
        "support": 92
    },
    "desktop_computer": {
        "precision": 0.35555555555555557,
        "recall": 0.17391304347826086,
        "f1-score": 0.23357664233576644,
        "support": 92
    },
    "file_cabinet": {
        "precision": 0.5119047619047619,
        "recall": 0.5657894736842105,
        "f1-score": 0.5374999999999999,
        "support": 76
    },
    "headphones": {
        "precision": 0.7948717948717948,
        "recall": 0.6595744680851063,
        "f1-score": 0.7209302325581396,
        "support": 94
    },
    "keyboard": {
        "precision": 0.6551724137931034,
        "recall": 0.8,
        "f1-score": 0.7203791469194314,
        "support": 95
    },
    "laptop_computer": {
        "precision": 0.7166666666666667,
        "recall": 0.9052631578947369,
        "f1-score": 0.8,
        "support": 95
    },
    "letter_tray": {
        "precision": 0.5058823529411764,
        "recall": 0.46236559139784944,
        "f1-score": 0.4831460674157303,
        "support": 93
    },
    "mobile_phone": {
        "precision": 0.5096774193548387,
        "recall": 0.8315789473684211,
        "f1-score": 0.632,
        "support": 95
    },
    "monitor": {
        "precision": 0.6176470588235294,
        "recall": 0.8936170212765957,
        "f1-score": 0.7304347826086957,
        "support": 94
    },
    "mouse": {
        "precision": 0.8823529411764706,
        "recall": 0.7894736842105263,
        "f1-score": 0.8333333333333333,
        "support": 95
    },
    "mug": {
        "precision": 0.9866666666666667,
        "recall": 0.8314606741573034,
        "f1-score": 0.9024390243902439,
        "support": 89
    },
    "paper_notebook": {
        "precision": 0.5490196078431373,
        "recall": 0.3076923076923077,
        "f1-score": 0.39436619718309857,
        "support": 91
    },
    "pen": {
        "precision": 0.9622641509433962,
        "recall": 0.5666666666666667,
        "f1-score": 0.7132867132867132,
        "support": 90
    },
    "phone": {
        "precision": 0.5111111111111111,
        "recall": 0.5227272727272727,
        "f1-score": 0.5168539325842696,
        "support": 88
    },
    "printer": {
        "precision": 0.6605504587155964,
        "recall": 0.7578947368421053,
        "f1-score": 0.7058823529411765,
        "support": 95
    },
    "projector": {
        "precision": 0.6557377049180327,
        "recall": 0.8602150537634409,
        "f1-score": 0.7441860465116279,
        "support": 93
    },
    "punchers": {
        "precision": 0.17647058823529413,
        "recall": 0.16129032258064516,
        "f1-score": 0.16853932584269662,
        "support": 93
    },
    "ring_binder": {
        "precision": 0.38461538461538464,
        "recall": 0.29411764705882354,
        "f1-score": 0.33333333333333337,
        "support": 85
    },
    "ruler": {
        "precision": 0.47368421052631576,
        "recall": 0.38571428571428573,
        "f1-score": 0.4251968503937008,
        "support": 70
    },
    "scissors": {
        "precision": 0.5797101449275363,
        "recall": 0.42105263157894735,
        "f1-score": 0.48780487804878053,
        "support": 95
    },
    "speaker": {
        "precision": 0.2803030303030303,
        "recall": 0.39361702127659576,
        "f1-score": 0.3274336283185841,
        "support": 94
    },
    "stapler": {
        "precision": 0.41732283464566927,
        "recall": 0.5638297872340425,
        "f1-score": 0.4796380090497738,
        "support": 94
    },
    "tape_dispenser": {
        "precision": 0.37362637362637363,
        "recall": 0.37362637362637363,
        "f1-score": 0.37362637362637363,
        "support": 91
    },
    "trash_can": {
        "precision": 0.4473684210526316,
        "recall": 0.576271186440678,
        "f1-score": 0.5037037037037038,
        "support": 59
    },
    "accuracy": 0.6078136739293765,
    "macro avg": {
        "precision": 0.6221942796882044,
        "recall": 0.6097882727973858,
        "f1-score": 0.6024192492013887,
        "support": 2662
    },
    "weighted avg": {
        "precision": 0.6255552497672646,
        "recall": 0.6078136739293765,
        "f1-score": 0.6029067624885199,
        "support": 2662
    }
}