{
    "back_pack": {
        "precision": 0.8571428571428571,
        "recall": 1.0,
        "f1-score": 0.923076923076923,
        "support": 24
    },
    "bike": {
        "precision": 1.0,
        "recall": 1.0,
        "f1-score": 1.0,
        "support": 16
    },
    "bike_helmet": {
        "precision": 1.0,
        "recall": 0.6521739130434783,
        "f1-score": 0.7894736842105263,
        "support": 23
    },
    "bookcase": {
        "precision": 1.0,
        "recall": 0.5714285714285714,
        "f1-score": 0.7272727272727273,
        "support": 7
    },
    "bottle": {
        "precision": 1.0,
        "recall": 1.0,
        "f1-score": 1.0,
        "support": 11
    },
    "calculator": {
        "precision": 0.75,
        "recall": 0.8076923076923077,
        "f1-score": 0.7777777777777779,
        "support": 26
    },
    "desk_chair": {
        "precision": 1.0,
        "recall": 0.9428571428571428,
        "f1-score": 0.9705882352941176,
        "support": 35
    },
    "desk_lamp": {
        "precision": 0.8461538461538461,
        "recall": 0.8461538461538461,
        "f1-score": 0.8461538461538461,
        "support": 13
    },
    "desktop_computer": {
        "precision": 0.7272727272727273,
        "recall": 0.5,
        "f1-score": 0.5925925925925926,
        "support": 16
    },
    "file_cabinet": {
        "precision": 0.9333333333333333,
        "recall": 1.0,
        "f1-score": 0.9655172413793104,
        "support": 14
    },
    "headphones": {
        "precision": 0.8695652173913043,
        "recall": 0.9090909090909091,
        "f1-score": 0.888888888888889,
        "support": 22
    },
    "keyboard": {
        "precision": 0.8333333333333334,
        "recall": 0.6818181818181818,
        "f1-score": 0.7499999999999999,
        "support": 22
    },
    "laptop_computer": {
        "precision": 0.9444444444444444,
        "recall": 0.68,
        "f1-score": 0.7906976744186047,
        "support": 25
    },
    "letter_tray": {
        "precision": 0.625,
        "recall": 0.7142857142857143,
        "f1-score": 0.6666666666666666,
        "support": 14
    },
    "mobile_phone": {
        "precision": 0.6470588235294118,
        "recall": 0.44,
        "f1-score": 0.5238095238095238,
        "support": 25
    },
    "monitor": {
        "precision": 0.8648648648648649,
        "recall": 0.8421052631578947,
        "f1-score": 0.8533333333333334,
        "support": 38
    },
    "mouse": {
        "precision": 0.7142857142857143,
        "recall": 0.6,
        "f1-score": 0.6521739130434783,
        "support": 25
    },
    "mug": {
        "precision": 0.9166666666666666,
        "recall": 1.0,
        "f1-score": 0.9565217391304348,
        "support": 22
    },
    "paper_notebook": {
        "precision": 0.6206896551724138,
        "recall": 0.782608695652174,
        "f1-score": 0.6923076923076923,
        "support": 23
    },
    "pen": {
        "precision": 0.6097560975609756,
        "recall": 0.9259259259259259,
        "f1-score": 0.7352941176470589,
        "support": 27
    },
    "phone": {
        "precision": 0.7692307692307693,
        "recall": 0.9090909090909091,
        "f1-score": 0.8333333333333333,
        "support": 11
    },
    "printer": {
        "precision": 0.4074074074074074,
        "recall": 0.7333333333333333,
        "f1-score": 0.5238095238095238,
        "support": 15
    },
    "projector": {
        "precision": 0.7692307692307693,
        "recall": 0.4,
        "f1-score": 0.5263157894736842,
        "support": 25
    },
    "punchers": {
        "precision": 0.9166666666666666,
        "recall": 0.5,
        "f1-score": 0.6470588235294118,
        "support": 22
    },
    "ring_binder": {
        "precision": 0.8055555555555556,
        "recall": 0.8285714285714286,
        "f1-score": 0.8169014084507044,
        "support": 35
    },
    "ruler": {
        "precision": 0.3333333333333333,
        "recall": 0.6666666666666666,
        "f1-score": 0.4444444444444444,
        "support": 6
    },
    "scissors": {
        "precision": 0.8666666666666667,
        "recall": 0.65,
        "f1-score": 0.7428571428571429,
        "support": 20
    },
    "speaker": {
        "precision": 0.71875,
        "recall": 0.92,
        "f1-score": 0.8070175438596492,
        "support": 25
    },
    "stapler": {
        "precision": 0.6470588235294118,
        "recall": 0.5789473684210527,
        "f1-score": 0.6111111111111113,
        "support": 19
    },
    "tape_dispenser": {
        "precision": 0.45454545454545453,
        "recall": 0.8333333333333334,
        "f1-score": 0.5882352941176471,
        "support": 18
    },
    "trash_can": {
        "precision": 0.75,
        "recall": 0.5625,
        "f1-score": 0.6428571428571429,
        "support": 16
    },
    "accuracy": 0.7625,
    "macro avg": {
        "precision": 0.7805810653973526,
        "recall": 0.75737366162977,
        "f1-score": 0.7511641333821709,
        "support": 640
    },
    "weighted avg": {
        "precision": 0.7927286075910529,
        "recall": 0.7625,
        "f1-score": 0.7618579991921648,
        "support": 640
    }
}