{
    "back_pack": {
        "precision": 1.0,
        "recall": 0.782608695652174,
        "f1-score": 0.878048780487805,
        "support": 23
    },
    "bike": {
        "precision": 0.9655172413793104,
        "recall": 1.0,
        "f1-score": 0.9824561403508771,
        "support": 28
    },
    "bike_helmet": {
        "precision": 1.0,
        "recall": 0.8695652173913043,
        "f1-score": 0.9302325581395349,
        "support": 23
    },
    "bookcase": {
        "precision": 0.6857142857142857,
        "recall": 0.96,
        "f1-score": 0.7999999999999999,
        "support": 25
    },
    "bottle": {
        "precision": 0.5,
        "recall": 0.4444444444444444,
        "f1-score": 0.47058823529411764,
        "support": 9
    },
    "calculator": {
        "precision": 0.7380952380952381,
        "recall": 0.9117647058823529,
        "f1-score": 0.8157894736842106,
        "support": 34
    },
    "desk_chair": {
        "precision": 0.9444444444444444,
        "recall": 0.8717948717948718,
        "f1-score": 0.9066666666666667,
        "support": 39
    },
    "desk_lamp": {
        "precision": 0.8947368421052632,
        "recall": 0.6071428571428571,
        "f1-score": 0.7234042553191489,
        "support": 28
    },
    "desktop_computer": {
        "precision": 0.75,
        "recall": 0.09090909090909091,
        "f1-score": 0.16216216216216214,
        "support": 33
    },
    "file_cabinet": {
        "precision": 0.3684210526315789,
        "recall": 0.5384615384615384,
        "f1-score": 0.4375,
        "support": 13
    },
    "headphones": {
        "precision": 0.8205128205128205,
        "recall": 0.9696969696969697,
        "f1-score": 0.8888888888888888,
        "support": 33
    },
    "keyboard": {
        "precision": 1.0,
        "recall": 0.8928571428571429,
        "f1-score": 0.9433962264150945,
        "support": 28
    },
    "laptop_computer": {
        "precision": 0.5609756097560976,
        "recall": 0.8518518518518519,
        "f1-score": 0.6764705882352942,
        "support": 27
    },
    "letter_tray": {
        "precision": 1.0,
        "recall": 0.2692307692307692,
        "f1-score": 0.42424242424242425,
        "support": 26
    },
    "mobile_phone": {
        "precision": 0.8148148148148148,
        "recall": 0.7857142857142857,
        "f1-score": 0.7999999999999999,
        "support": 28
    },
    "monitor": {
        "precision": 0.7941176470588235,
        "recall": 0.9642857142857143,
        "f1-score": 0.8709677419354839,
        "support": 28
    },
    "mouse": {
        "precision": 0.8421052631578947,
        "recall": 0.8888888888888888,
        "f1-score": 0.8648648648648649,
        "support": 36
    },
    "mug": {
        "precision": 0.7142857142857143,
        "recall": 0.9259259259259259,
        "f1-score": 0.8064516129032259,
        "support": 27
    },
    "paper_notebook": {
        "precision": 0.6896551724137931,
        "recall": 0.5882352941176471,
        "f1-score": 0.6349206349206349,
        "support": 34
    },
    "pen": {
        "precision": 0.95,
        "recall": 0.7037037037037037,
        "f1-score": 0.8085106382978724,
        "support": 27
    },
    "phone": {
        "precision": 0.8333333333333334,
        "recall": 0.8928571428571429,
        "f1-score": 0.8620689655172413,
        "support": 28
    },
    "printer": {
        "precision": 0.7692307692307693,
        "recall": 0.7142857142857143,
        "f1-score": 0.7407407407407408,
        "support": 28
    },
    "projector": {
        "precision": 0.7837837837837838,
        "recall": 0.9354838709677419,
        "f1-score": 0.8529411764705881,
        "support": 31
    },
    "punchers": {
        "precision": 0.44,
        "recall": 0.4782608695652174,
        "f1-score": 0.4583333333333333,
        "support": 23
    },
    "ring_binder": {
        "precision": 0.41025641025641024,
        "recall": 0.5714285714285714,
        "f1-score": 0.47761194029850745,
        "support": 28
    },
    "ruler": {
        "precision": 0.55,
        "recall": 0.9166666666666666,
        "f1-score": 0.6874999999999999,
        "support": 24
    },
    "scissors": {
        "precision": 0.9444444444444444,
        "recall": 0.5862068965517241,
        "f1-score": 0.7234042553191489,
        "support": 29
    },
    "speaker": {
        "precision": 0.5,
        "recall": 0.6774193548387096,
        "f1-score": 0.5753424657534247,
        "support": 31
    },
    "stapler": {
        "precision": 0.5909090909090909,
        "recall": 0.52,
        "f1-score": 0.5531914893617023,
        "support": 25
    },
    "tape_dispenser": {
        "precision": 0.3548387096774194,
        "recall": 0.4074074074074074,
        "f1-score": 0.3793103448275862,
        "support": 27
    },
    "trash_can": {
        "precision": 1.0,
        "recall": 0.45454545454545453,
        "f1-score": 0.625,
        "support": 22
    },
    "accuracy": 0.7254437869822485,
    "macro avg": {
        "precision": 0.7487158931614623,
        "recall": 0.7119885134537381,
        "f1-score": 0.7019679549816318,
        "support": 845
    },
    "weighted avg": {
        "precision": 0.7625913641025472,
        "recall": 0.7254437869822485,
        "f1-score": 0.7150919005135604,
        "support": 845
    }
}