{
    "aeroplane": {
        "precision": 0.9342105263157895,
        "recall": 0.9298409728718429,
        "f1-score": 0.9320206282231599,
        "support": 1069
    },
    "bicycle": {
        "precision": 0.8097928436911488,
        "recall": 0.8182683158896289,
        "f1-score": 0.8140085186938002,
        "support": 1051
    },
    "bus": {
        "precision": 0.7298927613941019,
        "recall": 0.7663617171006334,
        "f1-score": 0.7476828012358393,
        "support": 1421
    },
    "car": {
        "precision": 0.6988722950320024,
        "recall": 0.7500817795224076,
        "f1-score": 0.7235721047649101,
        "support": 3057
    },
    "horse": {
        "precision": 0.858085808580858,
        "recall": 0.9516837481698389,
        "f1-score": 0.9024644220756681,
        "support": 1366
    },
    "knife": {
        "precision": 0.8611670020120724,
        "recall": 0.6388059701492538,
        "f1-score": 0.7335047129391602,
        "support": 670
    },
    "motorcycle": {
        "precision": 0.8417308832246592,
        "recall": 0.8100399315459212,
        "f1-score": 0.8255813953488372,
        "support": 1753
    },
    "person": {
        "precision": 0.6881638846737481,
        "recall": 0.7465020576131687,
        "f1-score": 0.7161468614291354,
        "support": 1215
    },
    "plant": {
        "precision": 0.8322324966974901,
        "recall": 0.9264705882352942,
        "f1-score": 0.8768267223382047,
        "support": 1360
    },
    "skateboard": {
        "precision": 0.6944045911047346,
        "recall": 0.7055393586005831,
        "f1-score": 0.6999276934201012,
        "support": 686
    },
    "train": {
        "precision": 0.6535388127853882,
        "recall": 0.8814472671285605,
        "f1-score": 0.7505735824319896,
        "support": 1299
    },
    "truck": {
        "precision": 0.6784260515603799,
        "recall": 0.2995805871779509,
        "f1-score": 0.41562759767248547,
        "support": 1669
    },
    "accuracy": 0.7631198844487241,
    "macro avg": {
        "precision": 0.7733764964226978,
        "recall": 0.7687185245004238,
        "f1-score": 0.7614947533811076,
        "support": 16616
    },
    "weighted avg": {
        "precision": 0.7627366248263558,
        "recall": 0.7631198844487241,
        "f1-score": 0.7528382074270817,
        "support": 16616
    }
}