{
    "back_pack": {
        "precision": 0.7878787878787878,
        "recall": 0.896551724137931,
        "f1-score": 0.8387096774193549,
        "support": 87
    },
    "bike": {
        "precision": 0.7,
        "recall": 1.0,
        "f1-score": 0.8235294117647058,
        "support": 77
    },
    "bike_helmet": {
        "precision": 0.7428571428571429,
        "recall": 0.7761194029850746,
        "f1-score": 0.759124087591241,
        "support": 67
    },
    "bookcase": {
        "precision": 0.6705882352941176,
        "recall": 0.7402597402597403,
        "f1-score": 0.7037037037037037,
        "support": 77
    },
    "bottle": {
        "precision": 0.40476190476190477,
        "recall": 0.5483870967741935,
        "f1-score": 0.4657534246575342,
        "support": 31
    },
    "calculator": {
        "precision": 0.8518518518518519,
        "recall": 0.7752808988764045,
        "f1-score": 0.8117647058823529,
        "support": 89
    },
    "desk_chair": {
        "precision": 0.7474747474747475,
        "recall": 0.8604651162790697,
        "f1-score": 0.7999999999999999,
        "support": 86
    },
    "desk_lamp": {
        "precision": 0.5384615384615384,
        "recall": 0.3804347826086957,
        "f1-score": 0.445859872611465,
        "support": 92
    },
    "desktop_computer": {
        "precision": 0.2949640287769784,
        "recall": 0.44565217391304346,
        "f1-score": 0.354978354978355,
        "support": 92
    },
    "file_cabinet": {
        "precision": 0.5176470588235295,
        "recall": 0.5789473684210527,
        "f1-score": 0.5465838509316772,
        "support": 76
    },
    "headphones": {
        "precision": 0.9054054054054054,
        "recall": 0.7127659574468085,
        "f1-score": 0.7976190476190476,
        "support": 94
    },
    "keyboard": {
        "precision": 0.6507936507936508,
        "recall": 0.8631578947368421,
        "f1-score": 0.7420814479638009,
        "support": 95
    },
    "laptop_computer": {
        "precision": 0.8181818181818182,
        "recall": 0.7578947368421053,
        "f1-score": 0.7868852459016393,
        "support": 95
    },
    "letter_tray": {
        "precision": 0.7066666666666667,
        "recall": 0.5698924731182796,
        "f1-score": 0.630952380952381,
        "support": 93
    },
    "mobile_phone": {
        "precision": 0.6509433962264151,
        "recall": 0.7263157894736842,
        "f1-score": 0.6865671641791045,
        "support": 95
    },
    "monitor": {
        "precision": 0.8586956521739131,
        "recall": 0.8404255319148937,
        "f1-score": 0.849462365591398,
        "support": 94
    },
    "mouse": {
        "precision": 0.5847457627118644,
        "recall": 0.7263157894736842,
        "f1-score": 0.647887323943662,
        "support": 95
    },
    "mug": {
        "precision": 0.6172839506172839,
        "recall": 0.5617977528089888,
        "f1-score": 0.588235294117647,
        "support": 89
    },
    "paper_notebook": {
        "precision": 0.696969696969697,
        "recall": 0.5054945054945055,
        "f1-score": 0.5859872611464968,
        "support": 91
    },
    "pen": {
        "precision": 0.5555555555555556,
        "recall": 0.2777777777777778,
        "f1-score": 0.3703703703703704,
        "support": 90
    },
    "phone": {
        "precision": 0.8,
        "recall": 0.5909090909090909,
        "f1-score": 0.6797385620915033,
        "support": 88
    },
    "printer": {
        "precision": 0.5684210526315789,
        "recall": 0.5684210526315789,
        "f1-score": 0.5684210526315789,
        "support": 95
    },
    "projector": {
        "precision": 0.3727810650887574,
        "recall": 0.6774193548387096,
        "f1-score": 0.48091603053435117,
        "support": 93
    },
    "punchers": {
        "precision": 0.4482758620689655,
        "recall": 0.13978494623655913,
        "f1-score": 0.21311475409836064,
        "support": 93
    },
    "ring_binder": {
        "precision": 0.2773109243697479,
        "recall": 0.38823529411764707,
        "f1-score": 0.32352941176470584,
        "support": 85
    },
    "ruler": {
        "precision": 0.5,
        "recall": 0.5,
        "f1-score": 0.5,
        "support": 70
    },
    "scissors": {
        "precision": 0.2962962962962963,
        "recall": 0.25263157894736843,
        "f1-score": 0.27272727272727276,
        "support": 95
    },
    "speaker": {
        "precision": 0.65625,
        "recall": 0.22340425531914893,
        "f1-score": 0.33333333333333337,
        "support": 94
    },
    "stapler": {
        "precision": 0.36,
        "recall": 0.4787234042553192,
        "f1-score": 0.4109589041095891,
        "support": 94
    },
    "tape_dispenser": {
        "precision": 0.2222222222222222,
        "recall": 0.15384615384615385,
        "f1-score": 0.18181818181818185,
        "support": 91
    },
    "trash_can": {
        "precision": 0.25,
        "recall": 0.288135593220339,
        "f1-score": 0.2677165354330709,
        "support": 59
    },
    "accuracy": 0.5736288504883547,
    "macro avg": {
        "precision": 0.5823640088438852,
        "recall": 0.5743692657311191,
        "f1-score": 0.5634944848344479,
        "support": 2662
    },
    "weighted avg": {
        "precision": 0.5887838145369023,
        "recall": 0.5736288504883547,
        "f1-score": 0.5656440307757861,
        "support": 2662
    }
}