{
    "back_pack": {
        "precision": 0.7129629629629629,
        "recall": 0.8850574712643678,
        "f1-score": 0.7897435897435897,
        "support": 87
    },
    "bike": {
        "precision": 0.9506172839506173,
        "recall": 1.0,
        "f1-score": 0.9746835443037974,
        "support": 77
    },
    "bike_helmet": {
        "precision": 0.7051282051282052,
        "recall": 0.8208955223880597,
        "f1-score": 0.7586206896551725,
        "support": 67
    },
    "bookcase": {
        "precision": 0.6739130434782609,
        "recall": 0.8051948051948052,
        "f1-score": 0.7337278106508877,
        "support": 77
    },
    "bottle": {
        "precision": 0.43243243243243246,
        "recall": 0.5161290322580645,
        "f1-score": 0.47058823529411764,
        "support": 31
    },
    "calculator": {
        "precision": 0.6422018348623854,
        "recall": 0.7865168539325843,
        "f1-score": 0.7070707070707072,
        "support": 89
    },
    "desk_chair": {
        "precision": 0.8651685393258427,
        "recall": 0.8953488372093024,
        "f1-score": 0.88,
        "support": 86
    },
    "desk_lamp": {
        "precision": 0.8536585365853658,
        "recall": 0.3804347826086957,
        "f1-score": 0.5263157894736842,
        "support": 92
    },
    "desktop_computer": {
        "precision": 0.7931034482758621,
        "recall": 0.25,
        "f1-score": 0.38016528925619836,
        "support": 92
    },
    "file_cabinet": {
        "precision": 0.31746031746031744,
        "recall": 0.5263157894736842,
        "f1-score": 0.39603960396039606,
        "support": 76
    },
    "headphones": {
        "precision": 0.8631578947368421,
        "recall": 0.8723404255319149,
        "f1-score": 0.8677248677248677,
        "support": 94
    },
    "keyboard": {
        "precision": 0.6810344827586207,
        "recall": 0.8315789473684211,
        "f1-score": 0.7488151658767773,
        "support": 95
    },
    "laptop_computer": {
        "precision": 0.45348837209302323,
        "recall": 0.8210526315789474,
        "f1-score": 0.5842696629213483,
        "support": 95
    },
    "letter_tray": {
        "precision": 0.620253164556962,
        "recall": 0.5268817204301075,
        "f1-score": 0.5697674418604651,
        "support": 93
    },
    "mobile_phone": {
        "precision": 0.9047619047619048,
        "recall": 0.8,
        "f1-score": 0.8491620111731844,
        "support": 95
    },
    "monitor": {
        "precision": 0.6068965517241379,
        "recall": 0.9361702127659575,
        "f1-score": 0.7364016736401674,
        "support": 94
    },
    "mouse": {
        "precision": 0.6201550387596899,
        "recall": 0.8421052631578947,
        "f1-score": 0.7142857142857142,
        "support": 95
    },
    "mug": {
        "precision": 0.7352941176470589,
        "recall": 0.5617977528089888,
        "f1-score": 0.6369426751592357,
        "support": 89
    },
    "paper_notebook": {
        "precision": 0.6666666666666666,
        "recall": 0.5494505494505495,
        "f1-score": 0.6024096385542168,
        "support": 91
    },
    "pen": {
        "precision": 0.47368421052631576,
        "recall": 0.6,
        "f1-score": 0.5294117647058824,
        "support": 90
    },
    "phone": {
        "precision": 0.7746478873239436,
        "recall": 0.625,
        "f1-score": 0.6918238993710693,
        "support": 88
    },
    "printer": {
        "precision": 0.6964285714285714,
        "recall": 0.8210526315789474,
        "f1-score": 0.753623188405797,
        "support": 95
    },
    "projector": {
        "precision": 0.6666666666666666,
        "recall": 0.7526881720430108,
        "f1-score": 0.707070707070707,
        "support": 93
    },
    "punchers": {
        "precision": 0.6666666666666666,
        "recall": 0.15053763440860216,
        "f1-score": 0.2456140350877193,
        "support": 93
    },
    "ring_binder": {
        "precision": 0.3333333333333333,
        "recall": 0.43529411764705883,
        "f1-score": 0.37755102040816324,
        "support": 85
    },
    "ruler": {
        "precision": 0.640625,
        "recall": 0.5857142857142857,
        "f1-score": 0.6119402985074627,
        "support": 70
    },
    "scissors": {
        "precision": 0.4714285714285714,
        "recall": 0.3473684210526316,
        "f1-score": 0.39999999999999997,
        "support": 95
    },
    "speaker": {
        "precision": 0.7073170731707317,
        "recall": 0.30851063829787234,
        "f1-score": 0.4296296296296296,
        "support": 94
    },
    "stapler": {
        "precision": 0.45454545454545453,
        "recall": 0.3723404255319149,
        "f1-score": 0.4093567251461988,
        "support": 94
    },
    "tape_dispenser": {
        "precision": 0.3375,
        "recall": 0.2967032967032967,
        "f1-score": 0.31578947368421056,
        "support": 91
    },
    "trash_can": {
        "precision": 0.4186046511627907,
        "recall": 0.3050847457627119,
        "f1-score": 0.3529411764705882,
        "support": 59
    },
    "accuracy": 0.6217129977460556,
    "macro avg": {
        "precision": 0.6367678349812967,
        "recall": 0.6195988698762153,
        "f1-score": 0.6048866460997404,
        "support": 2662
    },
    "weighted avg": {
        "precision": 0.6435491343997723,
        "recall": 0.6217129977460556,
        "f1-score": 0.6079278653007697,
        "support": 2662
    }
}