{
    "back_pack": {
        "precision": 0.875,
        "recall": 1.0,
        "f1-score": 0.9333333333333333,
        "support": 7
    },
    "bike": {
        "precision": 1.0,
        "recall": 1.0,
        "f1-score": 1.0,
        "support": 16
    },
    "bike_helmet": {
        "precision": 1.0,
        "recall": 0.7894736842105263,
        "f1-score": 0.8823529411764706,
        "support": 19
    },
    "bookcase": {
        "precision": 1.0,
        "recall": 0.8571428571428571,
        "f1-score": 0.923076923076923,
        "support": 7
    },
    "bottle": {
        "precision": 1.0,
        "recall": 1.0,
        "f1-score": 1.0,
        "support": 11
    },
    "calculator": {
        "precision": 0.6363636363636364,
        "recall": 1.0,
        "f1-score": 0.7777777777777778,
        "support": 7
    },
    "desk_chair": {
        "precision": 1.0,
        "recall": 1.0,
        "f1-score": 1.0,
        "support": 8
    },
    "desk_lamp": {
        "precision": 0.9,
        "recall": 1.0,
        "f1-score": 0.9473684210526316,
        "support": 9
    },
    "desktop_computer": {
        "precision": 0.5333333333333333,
        "recall": 0.8,
        "f1-score": 0.64,
        "support": 10
    },
    "file_cabinet": {
        "precision": 0.7,
        "recall": 0.7,
        "f1-score": 0.7,
        "support": 10
    },
    "headphones": {
        "precision": 0.8888888888888888,
        "recall": 1.0,
        "f1-score": 0.9411764705882353,
        "support": 8
    },
    "keyboard": {
        "precision": 0.8333333333333334,
        "recall": 1.0,
        "f1-score": 0.9090909090909091,
        "support": 5
    },
    "laptop_computer": {
        "precision": 1.0,
        "recall": 0.6842105263157895,
        "f1-score": 0.8125000000000001,
        "support": 19
    },
    "letter_tray": {
        "precision": 0.8333333333333334,
        "recall": 0.9090909090909091,
        "f1-score": 0.8695652173913043,
        "support": 11
    },
    "mobile_phone": {
        "precision": 0.9090909090909091,
        "recall": 0.7692307692307693,
        "f1-score": 0.8333333333333333,
        "support": 26
    },
    "monitor": {
        "precision": 0.9333333333333333,
        "recall": 0.8235294117647058,
        "f1-score": 0.8749999999999999,
        "support": 17
    },
    "mouse": {
        "precision": 0.6,
        "recall": 0.8571428571428571,
        "f1-score": 0.7058823529411764,
        "support": 7
    },
    "mug": {
        "precision": 1.0,
        "recall": 1.0,
        "f1-score": 1.0,
        "support": 3
    },
    "paper_notebook": {
        "precision": 0.6666666666666666,
        "recall": 0.8,
        "f1-score": 0.7272727272727272,
        "support": 5
    },
    "pen": {
        "precision": 0.6666666666666666,
        "recall": 0.8,
        "f1-score": 0.7272727272727272,
        "support": 5
    },
    "phone": {
        "precision": 1.0,
        "recall": 0.875,
        "f1-score": 0.9333333333333333,
        "support": 8
    },
    "printer": {
        "precision": 0.8333333333333334,
        "recall": 0.5,
        "f1-score": 0.625,
        "support": 10
    },
    "projector": {
        "precision": 0.68,
        "recall": 0.9444444444444444,
        "f1-score": 0.7906976744186047,
        "support": 18
    },
    "punchers": {
        "precision": 1.0,
        "recall": 0.46153846153846156,
        "f1-score": 0.631578947368421,
        "support": 13
    },
    "ring_binder": {
        "precision": 0.3333333333333333,
        "recall": 0.6,
        "f1-score": 0.42857142857142855,
        "support": 5
    },
    "ruler": {
        "precision": 0.5,
        "recall": 0.5,
        "f1-score": 0.5,
        "support": 2
    },
    "scissors": {
        "precision": 0.8666666666666667,
        "recall": 1.0,
        "f1-score": 0.9285714285714286,
        "support": 13
    },
    "speaker": {
        "precision": 0.8636363636363636,
        "recall": 0.9047619047619048,
        "f1-score": 0.8837209302325582,
        "support": 21
    },
    "stapler": {
        "precision": 0.5652173913043478,
        "recall": 0.8125,
        "f1-score": 0.6666666666666667,
        "support": 16
    },
    "tape_dispenser": {
        "precision": 0.8333333333333334,
        "recall": 0.5882352941176471,
        "f1-score": 0.6896551724137931,
        "support": 17
    },
    "trash_can": {
        "precision": 1.0,
        "recall": 0.4,
        "f1-score": 0.5714285714285715,
        "support": 10
    },
    "accuracy": 0.8134110787172012,
    "macro avg": {
        "precision": 0.8210171136328219,
        "recall": 0.8185903587019637,
        "f1-score": 0.8017492673326567,
        "support": 343
    },
    "weighted avg": {
        "precision": 0.850379578520661,
        "recall": 0.8134110787172012,
        "f1-score": 0.8134132906872803,
        "support": 343
    }
}