{
    "back_pack": {
        "precision": 0.8555555555555555,
        "recall": 0.8850574712643678,
        "f1-score": 0.8700564971751412,
        "support": 87
    },
    "bike": {
        "precision": 0.9156626506024096,
        "recall": 0.987012987012987,
        "f1-score": 0.95,
        "support": 77
    },
    "bike_helmet": {
        "precision": 0.8208955223880597,
        "recall": 0.8208955223880597,
        "f1-score": 0.8208955223880597,
        "support": 67
    },
    "bookcase": {
        "precision": 0.4609375,
        "recall": 0.7662337662337663,
        "f1-score": 0.5756097560975609,
        "support": 77
    },
    "bottle": {
        "precision": 0.25862068965517243,
        "recall": 0.4838709677419355,
        "f1-score": 0.3370786516853933,
        "support": 31
    },
    "calculator": {
        "precision": 0.8181818181818182,
        "recall": 0.8089887640449438,
        "f1-score": 0.8135593220338984,
        "support": 89
    },
    "desk_chair": {
        "precision": 0.78125,
        "recall": 0.872093023255814,
        "f1-score": 0.8241758241758241,
        "support": 86
    },
    "desk_lamp": {
        "precision": 0.8653846153846154,
        "recall": 0.4891304347826087,
        "f1-score": 0.625,
        "support": 92
    },
    "desktop_computer": {
        "precision": 0.12727272727272726,
        "recall": 0.07608695652173914,
        "f1-score": 0.09523809523809523,
        "support": 92
    },
    "file_cabinet": {
        "precision": 0.48148148148148145,
        "recall": 0.5131578947368421,
        "f1-score": 0.49681528662420377,
        "support": 76
    },
    "headphones": {
        "precision": 0.8631578947368421,
        "recall": 0.8723404255319149,
        "f1-score": 0.8677248677248677,
        "support": 94
    },
    "keyboard": {
        "precision": 0.9333333333333333,
        "recall": 0.7368421052631579,
        "f1-score": 0.8235294117647058,
        "support": 95
    },
    "laptop_computer": {
        "precision": 0.5302013422818792,
        "recall": 0.8315789473684211,
        "f1-score": 0.6475409836065574,
        "support": 95
    },
    "letter_tray": {
        "precision": 0.6410256410256411,
        "recall": 0.5376344086021505,
        "f1-score": 0.584795321637427,
        "support": 93
    },
    "mobile_phone": {
        "precision": 0.6814159292035398,
        "recall": 0.8105263157894737,
        "f1-score": 0.7403846153846154,
        "support": 95
    },
    "monitor": {
        "precision": 0.8947368421052632,
        "recall": 0.9042553191489362,
        "f1-score": 0.8994708994708994,
        "support": 94
    },
    "mouse": {
        "precision": 0.6428571428571429,
        "recall": 0.8526315789473684,
        "f1-score": 0.733031674208145,
        "support": 95
    },
    "mug": {
        "precision": 0.8688524590163934,
        "recall": 0.5955056179775281,
        "f1-score": 0.7066666666666667,
        "support": 89
    },
    "paper_notebook": {
        "precision": 0.41509433962264153,
        "recall": 0.4835164835164835,
        "f1-score": 0.4467005076142132,
        "support": 91
    },
    "pen": {
        "precision": 0.2919254658385093,
        "recall": 0.5222222222222223,
        "f1-score": 0.3745019920318725,
        "support": 90
    },
    "phone": {
        "precision": 0.7108433734939759,
        "recall": 0.6704545454545454,
        "f1-score": 0.6900584795321637,
        "support": 88
    },
    "printer": {
        "precision": 0.616,
        "recall": 0.8105263157894737,
        "f1-score": 0.7,
        "support": 95
    },
    "projector": {
        "precision": 0.8051948051948052,
        "recall": 0.6666666666666666,
        "f1-score": 0.7294117647058824,
        "support": 93
    },
    "punchers": {
        "precision": 0.7777777777777778,
        "recall": 0.15053763440860216,
        "f1-score": 0.25225225225225223,
        "support": 93
    },
    "ring_binder": {
        "precision": 0.4050632911392405,
        "recall": 0.3764705882352941,
        "f1-score": 0.3902439024390244,
        "support": 85
    },
    "ruler": {
        "precision": 0.5949367088607594,
        "recall": 0.6714285714285714,
        "f1-score": 0.6308724832214765,
        "support": 70
    },
    "scissors": {
        "precision": 0.3333333333333333,
        "recall": 0.3157894736842105,
        "f1-score": 0.3243243243243243,
        "support": 95
    },
    "speaker": {
        "precision": 0.5833333333333334,
        "recall": 0.07446808510638298,
        "f1-score": 0.1320754716981132,
        "support": 94
    },
    "stapler": {
        "precision": 0.6666666666666666,
        "recall": 0.5106382978723404,
        "f1-score": 0.5783132530120482,
        "support": 94
    },
    "tape_dispenser": {
        "precision": 0.5116279069767442,
        "recall": 0.24175824175824176,
        "f1-score": 0.3283582089552239,
        "support": 91
    },
    "trash_can": {
        "precision": 0.14960629921259844,
        "recall": 0.3220338983050847,
        "f1-score": 0.20430107526881722,
        "support": 59
    },
    "accuracy": 0.6029301277235162,
    "macro avg": {
        "precision": 0.6226524660171697,
        "recall": 0.6019468880987137,
        "f1-score": 0.5868705519657248,
        "support": 2662
    },
    "weighted avg": {
        "precision": 0.6353732915633807,
        "recall": 0.6029301277235162,
        "f1-score": 0.5930775166675236,
        "support": 2662
    }
}