{
    "back_pack": {
        "precision": 0.646551724137931,
        "recall": 0.8620689655172413,
        "f1-score": 0.7389162561576355,
        "support": 87
    },
    "bike": {
        "precision": 0.7403846153846154,
        "recall": 1.0,
        "f1-score": 0.850828729281768,
        "support": 77
    },
    "bike_helmet": {
        "precision": 0.509090909090909,
        "recall": 0.835820895522388,
        "f1-score": 0.6327683615819208,
        "support": 67
    },
    "bookcase": {
        "precision": 0.47058823529411764,
        "recall": 0.8311688311688312,
        "f1-score": 0.6009389671361502,
        "support": 77
    },
    "bottle": {
        "precision": 0.5,
        "recall": 0.5161290322580645,
        "f1-score": 0.5079365079365079,
        "support": 31
    },
    "calculator": {
        "precision": 0.6261682242990654,
        "recall": 0.7528089887640449,
        "f1-score": 0.6836734693877551,
        "support": 89
    },
    "desk_chair": {
        "precision": 0.6756756756756757,
        "recall": 0.872093023255814,
        "f1-score": 0.7614213197969543,
        "support": 86
    },
    "desk_lamp": {
        "precision": 0.875,
        "recall": 0.22826086956521738,
        "f1-score": 0.3620689655172414,
        "support": 92
    },
    "desktop_computer": {
        "precision": 0.6078431372549019,
        "recall": 0.33695652173913043,
        "f1-score": 0.43356643356643354,
        "support": 92
    },
    "file_cabinet": {
        "precision": 0.23333333333333334,
        "recall": 0.4605263157894737,
        "f1-score": 0.30973451327433627,
        "support": 76
    },
    "headphones": {
        "precision": 0.9113924050632911,
        "recall": 0.7659574468085106,
        "f1-score": 0.8323699421965318,
        "support": 94
    },
    "keyboard": {
        "precision": 0.48214285714285715,
        "recall": 0.8526315789473684,
        "f1-score": 0.6159695817490494,
        "support": 95
    },
    "laptop_computer": {
        "precision": 0.5590551181102362,
        "recall": 0.7473684210526316,
        "f1-score": 0.6396396396396397,
        "support": 95
    },
    "letter_tray": {
        "precision": 0.5934065934065934,
        "recall": 0.5806451612903226,
        "f1-score": 0.5869565217391305,
        "support": 93
    },
    "mobile_phone": {
        "precision": 0.8767123287671232,
        "recall": 0.6736842105263158,
        "f1-score": 0.7619047619047619,
        "support": 95
    },
    "monitor": {
        "precision": 0.8252427184466019,
        "recall": 0.9042553191489362,
        "f1-score": 0.8629441624365481,
        "support": 94
    },
    "mouse": {
        "precision": 0.5818181818181818,
        "recall": 0.6736842105263158,
        "f1-score": 0.6243902439024389,
        "support": 95
    },
    "mug": {
        "precision": 0.7358490566037735,
        "recall": 0.43820224719101125,
        "f1-score": 0.5492957746478873,
        "support": 89
    },
    "paper_notebook": {
        "precision": 0.4628099173553719,
        "recall": 0.6153846153846154,
        "f1-score": 0.5283018867924528,
        "support": 91
    },
    "pen": {
        "precision": 0.5647058823529412,
        "recall": 0.5333333333333333,
        "f1-score": 0.5485714285714285,
        "support": 90
    },
    "phone": {
        "precision": 0.7183098591549296,
        "recall": 0.5795454545454546,
        "f1-score": 0.6415094339622642,
        "support": 88
    },
    "printer": {
        "precision": 0.6888888888888889,
        "recall": 0.6526315789473685,
        "f1-score": 0.6702702702702703,
        "support": 95
    },
    "projector": {
        "precision": 0.5691056910569106,
        "recall": 0.7526881720430108,
        "f1-score": 0.6481481481481481,
        "support": 93
    },
    "punchers": {
        "precision": 0.3055555555555556,
        "recall": 0.11827956989247312,
        "f1-score": 0.17054263565891473,
        "support": 93
    },
    "ring_binder": {
        "precision": 0.3979591836734694,
        "recall": 0.4588235294117647,
        "f1-score": 0.4262295081967213,
        "support": 85
    },
    "ruler": {
        "precision": 0.6779661016949152,
        "recall": 0.5714285714285714,
        "f1-score": 0.6201550387596898,
        "support": 70
    },
    "scissors": {
        "precision": 0.4861111111111111,
        "recall": 0.3684210526315789,
        "f1-score": 0.41916167664670656,
        "support": 95
    },
    "speaker": {
        "precision": 0.6304347826086957,
        "recall": 0.30851063829787234,
        "f1-score": 0.4142857142857143,
        "support": 94
    },
    "stapler": {
        "precision": 0.5925925925925926,
        "recall": 0.3404255319148936,
        "f1-score": 0.4324324324324324,
        "support": 94
    },
    "tape_dispenser": {
        "precision": 0.52,
        "recall": 0.14285714285714285,
        "f1-score": 0.2241379310344828,
        "support": 91
    },
    "trash_can": {
        "precision": 0.6216216216216216,
        "recall": 0.3898305084745763,
        "f1-score": 0.4791666666666667,
        "support": 59
    },
    "accuracy": 0.5845229151014275,
    "macro avg": {
        "precision": 0.6027843968224583,
        "recall": 0.5859490883301379,
        "f1-score": 0.567039900750922,
        "support": 2662
    },
    "weighted avg": {
        "precision": 0.6077590802175702,
        "recall": 0.5845229151014275,
        "f1-score": 0.5681926216518773,
        "support": 2662
    }
}