{
    "back_pack": {
        "precision": 0.875,
        "recall": 1.0,
        "f1-score": 0.9333333333333333,
        "support": 7
    },
    "bike": {
        "precision": 1.0,
        "recall": 0.9375,
        "f1-score": 0.967741935483871,
        "support": 16
    },
    "bike_helmet": {
        "precision": 0.8421052631578947,
        "recall": 0.8421052631578947,
        "f1-score": 0.8421052631578947,
        "support": 19
    },
    "bookcase": {
        "precision": 0.7,
        "recall": 1.0,
        "f1-score": 0.8235294117647058,
        "support": 7
    },
    "bottle": {
        "precision": 1.0,
        "recall": 1.0,
        "f1-score": 1.0,
        "support": 11
    },
    "calculator": {
        "precision": 0.5,
        "recall": 0.7142857142857143,
        "f1-score": 0.588235294117647,
        "support": 7
    },
    "desk_chair": {
        "precision": 1.0,
        "recall": 1.0,
        "f1-score": 1.0,
        "support": 8
    },
    "desk_lamp": {
        "precision": 1.0,
        "recall": 0.5555555555555556,
        "f1-score": 0.7142857142857143,
        "support": 9
    },
    "desktop_computer": {
        "precision": 0.6,
        "recall": 0.3,
        "f1-score": 0.4,
        "support": 10
    },
    "file_cabinet": {
        "precision": 0.5625,
        "recall": 0.9,
        "f1-score": 0.6923076923076923,
        "support": 10
    },
    "headphones": {
        "precision": 1.0,
        "recall": 1.0,
        "f1-score": 1.0,
        "support": 8
    },
    "keyboard": {
        "precision": 0.5714285714285714,
        "recall": 0.8,
        "f1-score": 0.6666666666666666,
        "support": 5
    },
    "laptop_computer": {
        "precision": 1.0,
        "recall": 0.7894736842105263,
        "f1-score": 0.8823529411764706,
        "support": 19
    },
    "letter_tray": {
        "precision": 0.5,
        "recall": 0.7272727272727273,
        "f1-score": 0.5925925925925926,
        "support": 11
    },
    "mobile_phone": {
        "precision": 0.9333333333333333,
        "recall": 0.5384615384615384,
        "f1-score": 0.6829268292682926,
        "support": 26
    },
    "monitor": {
        "precision": 1.0,
        "recall": 0.9411764705882353,
        "f1-score": 0.9696969696969697,
        "support": 17
    },
    "mouse": {
        "precision": 0.5384615384615384,
        "recall": 1.0,
        "f1-score": 0.7000000000000001,
        "support": 7
    },
    "mug": {
        "precision": 1.0,
        "recall": 1.0,
        "f1-score": 1.0,
        "support": 3
    },
    "paper_notebook": {
        "precision": 0.5,
        "recall": 1.0,
        "f1-score": 0.6666666666666666,
        "support": 5
    },
    "pen": {
        "precision": 0.125,
        "recall": 0.2,
        "f1-score": 0.15384615384615385,
        "support": 5
    },
    "phone": {
        "precision": 1.0,
        "recall": 0.875,
        "f1-score": 0.9333333333333333,
        "support": 8
    },
    "printer": {
        "precision": 0.8,
        "recall": 0.8,
        "f1-score": 0.8000000000000002,
        "support": 10
    },
    "projector": {
        "precision": 0.6923076923076923,
        "recall": 0.5,
        "f1-score": 0.5806451612903226,
        "support": 18
    },
    "punchers": {
        "precision": 0.8333333333333334,
        "recall": 0.38461538461538464,
        "f1-score": 0.5263157894736842,
        "support": 13
    },
    "ring_binder": {
        "precision": 1.0,
        "recall": 0.2,
        "f1-score": 0.33333333333333337,
        "support": 5
    },
    "ruler": {
        "precision": 0.25,
        "recall": 1.0,
        "f1-score": 0.4,
        "support": 2
    },
    "scissors": {
        "precision": 0.8571428571428571,
        "recall": 0.9230769230769231,
        "f1-score": 0.888888888888889,
        "support": 13
    },
    "speaker": {
        "precision": 0.6666666666666666,
        "recall": 0.2857142857142857,
        "f1-score": 0.4,
        "support": 21
    },
    "stapler": {
        "precision": 0.5294117647058824,
        "recall": 0.5625,
        "f1-score": 0.5454545454545455,
        "support": 16
    },
    "tape_dispenser": {
        "precision": 0.6363636363636364,
        "recall": 0.8235294117647058,
        "f1-score": 0.717948717948718,
        "support": 17
    },
    "trash_can": {
        "precision": 0.3333333333333333,
        "recall": 0.6,
        "f1-score": 0.42857142857142855,
        "support": 10
    },
    "accuracy": 0.717201166180758,
    "macro avg": {
        "precision": 0.7369802577495078,
        "recall": 0.7483957083452739,
        "f1-score": 0.7042186665373846,
        "support": 343
    },
    "weighted avg": {
        "precision": 0.7732591038413368,
        "recall": 0.717201166180758,
        "f1-score": 0.7157784132649588,
        "support": 343
    }
}