{
    "back_pack": {
        "precision": 0.8292682926829268,
        "recall": 0.7816091954022989,
        "f1-score": 0.8047337278106508,
        "support": 87
    },
    "bike": {
        "precision": 0.974025974025974,
        "recall": 0.974025974025974,
        "f1-score": 0.974025974025974,
        "support": 77
    },
    "bike_helmet": {
        "precision": 0.42962962962962964,
        "recall": 0.8656716417910447,
        "f1-score": 0.5742574257425742,
        "support": 67
    },
    "bookcase": {
        "precision": 0.5112781954887218,
        "recall": 0.8831168831168831,
        "f1-score": 0.6476190476190475,
        "support": 77
    },
    "bottle": {
        "precision": 0.6538461538461539,
        "recall": 0.5483870967741935,
        "f1-score": 0.5964912280701755,
        "support": 31
    },
    "calculator": {
        "precision": 0.759493670886076,
        "recall": 0.6741573033707865,
        "f1-score": 0.7142857142857143,
        "support": 89
    },
    "desk_chair": {
        "precision": 0.7956989247311828,
        "recall": 0.8604651162790697,
        "f1-score": 0.8268156424581005,
        "support": 86
    },
    "desk_lamp": {
        "precision": 0.8333333333333334,
        "recall": 0.3804347826086957,
        "f1-score": 0.5223880597014925,
        "support": 92
    },
    "desktop_computer": {
        "precision": 0.55,
        "recall": 0.2391304347826087,
        "f1-score": 0.33333333333333337,
        "support": 92
    },
    "file_cabinet": {
        "precision": 0.35514018691588783,
        "recall": 0.5,
        "f1-score": 0.4153005464480874,
        "support": 76
    },
    "headphones": {
        "precision": 0.8021978021978022,
        "recall": 0.776595744680851,
        "f1-score": 0.7891891891891892,
        "support": 94
    },
    "keyboard": {
        "precision": 0.6666666666666666,
        "recall": 0.9052631578947369,
        "f1-score": 0.7678571428571428,
        "support": 95
    },
    "laptop_computer": {
        "precision": 0.6133333333333333,
        "recall": 0.968421052631579,
        "f1-score": 0.7510204081632653,
        "support": 95
    },
    "letter_tray": {
        "precision": 0.6575342465753424,
        "recall": 0.5161290322580645,
        "f1-score": 0.5783132530120482,
        "support": 93
    },
    "mobile_phone": {
        "precision": 0.7676767676767676,
        "recall": 0.8,
        "f1-score": 0.7835051546391752,
        "support": 95
    },
    "monitor": {
        "precision": 0.8037383177570093,
        "recall": 0.9148936170212766,
        "f1-score": 0.8557213930348259,
        "support": 94
    },
    "mouse": {
        "precision": 0.6964285714285714,
        "recall": 0.8210526315789474,
        "f1-score": 0.753623188405797,
        "support": 95
    },
    "mug": {
        "precision": 0.8205128205128205,
        "recall": 0.3595505617977528,
        "f1-score": 0.5,
        "support": 89
    },
    "paper_notebook": {
        "precision": 0.5588235294117647,
        "recall": 0.6263736263736264,
        "f1-score": 0.5906735751295338,
        "support": 91
    },
    "pen": {
        "precision": 0.48739495798319327,
        "recall": 0.6444444444444445,
        "f1-score": 0.5550239234449761,
        "support": 90
    },
    "phone": {
        "precision": 0.6413043478260869,
        "recall": 0.6704545454545454,
        "f1-score": 0.6555555555555556,
        "support": 88
    },
    "printer": {
        "precision": 0.8985507246376812,
        "recall": 0.6526315789473685,
        "f1-score": 0.7560975609756099,
        "support": 95
    },
    "projector": {
        "precision": 0.7692307692307693,
        "recall": 0.6451612903225806,
        "f1-score": 0.7017543859649122,
        "support": 93
    },
    "punchers": {
        "precision": 0.34545454545454546,
        "recall": 0.20430107526881722,
        "f1-score": 0.25675675675675674,
        "support": 93
    },
    "ring_binder": {
        "precision": 0.35,
        "recall": 0.32941176470588235,
        "f1-score": 0.33939393939393936,
        "support": 85
    },
    "ruler": {
        "precision": 0.6268656716417911,
        "recall": 0.6,
        "f1-score": 0.6131386861313868,
        "support": 70
    },
    "scissors": {
        "precision": 0.44,
        "recall": 0.3473684210526316,
        "f1-score": 0.3882352941176471,
        "support": 95
    },
    "speaker": {
        "precision": 0.5595238095238095,
        "recall": 0.5,
        "f1-score": 0.5280898876404494,
        "support": 94
    },
    "stapler": {
        "precision": 0.390625,
        "recall": 0.5319148936170213,
        "f1-score": 0.45045045045045046,
        "support": 94
    },
    "tape_dispenser": {
        "precision": 0.34,
        "recall": 0.18681318681318682,
        "f1-score": 0.24113475177304963,
        "support": 91
    },
    "trash_can": {
        "precision": 0.5510204081632653,
        "recall": 0.4576271186440678,
        "f1-score": 0.4999999999999999,
        "support": 59
    },
    "accuracy": 0.6179564237415477,
    "macro avg": {
        "precision": 0.6283418274697132,
        "recall": 0.6182389087631915,
        "f1-score": 0.6053156514880921,
        "support": 2662
    },
    "weighted avg": {
        "precision": 0.6311239610549023,
        "recall": 0.6179564237415477,
        "f1-score": 0.6064901537193339,
        "support": 2662
    }
}