{
    "back_pack": {
        "precision": 1.0,
        "recall": 1.0,
        "f1-score": 1.0,
        "support": 7
    },
    "bike": {
        "precision": 0.9411764705882353,
        "recall": 1.0,
        "f1-score": 0.9696969696969697,
        "support": 16
    },
    "bike_helmet": {
        "precision": 1.0,
        "recall": 0.8421052631578947,
        "f1-score": 0.9142857142857143,
        "support": 19
    },
    "bookcase": {
        "precision": 0.625,
        "recall": 0.7142857142857143,
        "f1-score": 0.6666666666666666,
        "support": 7
    },
    "bottle": {
        "precision": 0.7857142857142857,
        "recall": 1.0,
        "f1-score": 0.88,
        "support": 11
    },
    "calculator": {
        "precision": 0.6666666666666666,
        "recall": 0.5714285714285714,
        "f1-score": 0.6153846153846153,
        "support": 7
    },
    "desk_chair": {
        "precision": 1.0,
        "recall": 1.0,
        "f1-score": 1.0,
        "support": 8
    },
    "desk_lamp": {
        "precision": 1.0,
        "recall": 0.7777777777777778,
        "f1-score": 0.8750000000000001,
        "support": 9
    },
    "desktop_computer": {
        "precision": 0.6363636363636364,
        "recall": 0.7,
        "f1-score": 0.6666666666666666,
        "support": 10
    },
    "file_cabinet": {
        "precision": 1.0,
        "recall": 0.5,
        "f1-score": 0.6666666666666666,
        "support": 10
    },
    "headphones": {
        "precision": 0.875,
        "recall": 0.875,
        "f1-score": 0.875,
        "support": 8
    },
    "keyboard": {
        "precision": 0.5,
        "recall": 1.0,
        "f1-score": 0.6666666666666666,
        "support": 5
    },
    "laptop_computer": {
        "precision": 0.9411764705882353,
        "recall": 0.8421052631578947,
        "f1-score": 0.8888888888888888,
        "support": 19
    },
    "letter_tray": {
        "precision": 0.8,
        "recall": 0.7272727272727273,
        "f1-score": 0.761904761904762,
        "support": 11
    },
    "mobile_phone": {
        "precision": 0.8823529411764706,
        "recall": 0.5769230769230769,
        "f1-score": 0.6976744186046512,
        "support": 26
    },
    "monitor": {
        "precision": 0.8947368421052632,
        "recall": 1.0,
        "f1-score": 0.9444444444444444,
        "support": 17
    },
    "mouse": {
        "precision": 0.5714285714285714,
        "recall": 0.5714285714285714,
        "f1-score": 0.5714285714285714,
        "support": 7
    },
    "mug": {
        "precision": 0.75,
        "recall": 1.0,
        "f1-score": 0.8571428571428571,
        "support": 3
    },
    "paper_notebook": {
        "precision": 0.625,
        "recall": 1.0,
        "f1-score": 0.7692307692307693,
        "support": 5
    },
    "pen": {
        "precision": 0.14285714285714285,
        "recall": 0.2,
        "f1-score": 0.16666666666666666,
        "support": 5
    },
    "phone": {
        "precision": 1.0,
        "recall": 0.875,
        "f1-score": 0.9333333333333333,
        "support": 8
    },
    "printer": {
        "precision": 0.8888888888888888,
        "recall": 0.8,
        "f1-score": 0.8421052631578948,
        "support": 10
    },
    "projector": {
        "precision": 0.6153846153846154,
        "recall": 0.8888888888888888,
        "f1-score": 0.7272727272727274,
        "support": 18
    },
    "punchers": {
        "precision": 0.75,
        "recall": 0.46153846153846156,
        "f1-score": 0.5714285714285714,
        "support": 13
    },
    "ring_binder": {
        "precision": 1.0,
        "recall": 0.8,
        "f1-score": 0.888888888888889,
        "support": 5
    },
    "ruler": {
        "precision": 0.5,
        "recall": 0.5,
        "f1-score": 0.5,
        "support": 2
    },
    "scissors": {
        "precision": 0.8888888888888888,
        "recall": 0.6153846153846154,
        "f1-score": 0.7272727272727274,
        "support": 13
    },
    "speaker": {
        "precision": 0.9473684210526315,
        "recall": 0.8571428571428571,
        "f1-score": 0.9,
        "support": 21
    },
    "stapler": {
        "precision": 0.34782608695652173,
        "recall": 0.5,
        "f1-score": 0.41025641025641024,
        "support": 16
    },
    "tape_dispenser": {
        "precision": 0.6666666666666666,
        "recall": 0.7058823529411765,
        "f1-score": 0.6857142857142857,
        "support": 17
    },
    "trash_can": {
        "precision": 0.8333333333333334,
        "recall": 1.0,
        "f1-score": 0.9090909090909091,
        "support": 10
    },
    "accuracy": 0.7725947521865889,
    "macro avg": {
        "precision": 0.7766396751180662,
        "recall": 0.771037552946072,
        "f1-score": 0.7596380148632684,
        "support": 343
    },
    "weighted avg": {
        "precision": 0.8073711765768383,
        "recall": 0.7725947521865889,
        "f1-score": 0.7764338117099412,
        "support": 343
    }
}