{
    "back_pack": {
        "precision": 0.9230769230769231,
        "recall": 1.0,
        "f1-score": 0.9600000000000001,
        "support": 24
    },
    "bike": {
        "precision": 1.0,
        "recall": 1.0,
        "f1-score": 1.0,
        "support": 16
    },
    "bike_helmet": {
        "precision": 1.0,
        "recall": 0.9565217391304348,
        "f1-score": 0.9777777777777777,
        "support": 23
    },
    "bookcase": {
        "precision": 0.875,
        "recall": 1.0,
        "f1-score": 0.9333333333333333,
        "support": 7
    },
    "bottle": {
        "precision": 1.0,
        "recall": 1.0,
        "f1-score": 1.0,
        "support": 11
    },
    "calculator": {
        "precision": 0.7083333333333334,
        "recall": 0.6538461538461539,
        "f1-score": 0.68,
        "support": 26
    },
    "desk_chair": {
        "precision": 0.9714285714285714,
        "recall": 0.9714285714285714,
        "f1-score": 0.9714285714285714,
        "support": 35
    },
    "desk_lamp": {
        "precision": 1.0,
        "recall": 0.9230769230769231,
        "f1-score": 0.9600000000000001,
        "support": 13
    },
    "desktop_computer": {
        "precision": 0.48,
        "recall": 0.75,
        "f1-score": 0.5853658536585366,
        "support": 16
    },
    "file_cabinet": {
        "precision": 0.75,
        "recall": 0.8571428571428571,
        "f1-score": 0.7999999999999999,
        "support": 14
    },
    "headphones": {
        "precision": 0.8461538461538461,
        "recall": 1.0,
        "f1-score": 0.9166666666666666,
        "support": 22
    },
    "keyboard": {
        "precision": 0.6785714285714286,
        "recall": 0.8636363636363636,
        "f1-score": 0.76,
        "support": 22
    },
    "laptop_computer": {
        "precision": 0.9565217391304348,
        "recall": 0.88,
        "f1-score": 0.9166666666666666,
        "support": 25
    },
    "letter_tray": {
        "precision": 0.8,
        "recall": 0.8571428571428571,
        "f1-score": 0.8275862068965518,
        "support": 14
    },
    "mobile_phone": {
        "precision": 0.8,
        "recall": 0.48,
        "f1-score": 0.6,
        "support": 25
    },
    "monitor": {
        "precision": 0.8974358974358975,
        "recall": 0.9210526315789473,
        "f1-score": 0.9090909090909091,
        "support": 38
    },
    "mouse": {
        "precision": 0.7692307692307693,
        "recall": 0.8,
        "f1-score": 0.7843137254901961,
        "support": 25
    },
    "mug": {
        "precision": 1.0,
        "recall": 1.0,
        "f1-score": 1.0,
        "support": 22
    },
    "paper_notebook": {
        "precision": 0.8260869565217391,
        "recall": 0.8260869565217391,
        "f1-score": 0.8260869565217391,
        "support": 23
    },
    "pen": {
        "precision": 0.71875,
        "recall": 0.8518518518518519,
        "f1-score": 0.7796610169491525,
        "support": 27
    },
    "phone": {
        "precision": 1.0,
        "recall": 0.9090909090909091,
        "f1-score": 0.9523809523809523,
        "support": 11
    },
    "printer": {
        "precision": 0.6111111111111112,
        "recall": 0.7333333333333333,
        "f1-score": 0.6666666666666666,
        "support": 15
    },
    "projector": {
        "precision": 0.7058823529411765,
        "recall": 0.48,
        "f1-score": 0.5714285714285713,
        "support": 25
    },
    "punchers": {
        "precision": 1.0,
        "recall": 0.36363636363636365,
        "f1-score": 0.5333333333333333,
        "support": 22
    },
    "ring_binder": {
        "precision": 0.6904761904761905,
        "recall": 0.8285714285714286,
        "f1-score": 0.7532467532467533,
        "support": 35
    },
    "ruler": {
        "precision": 0.3333333333333333,
        "recall": 0.3333333333333333,
        "f1-score": 0.3333333333333333,
        "support": 6
    },
    "scissors": {
        "precision": 1.0,
        "recall": 0.55,
        "f1-score": 0.7096774193548387,
        "support": 20
    },
    "speaker": {
        "precision": 0.9444444444444444,
        "recall": 0.68,
        "f1-score": 0.7906976744186047,
        "support": 25
    },
    "stapler": {
        "precision": 0.6666666666666666,
        "recall": 0.8421052631578947,
        "f1-score": 0.744186046511628,
        "support": 19
    },
    "tape_dispenser": {
        "precision": 0.5925925925925926,
        "recall": 0.8888888888888888,
        "f1-score": 0.711111111111111,
        "support": 18
    },
    "trash_can": {
        "precision": 0.9333333333333333,
        "recall": 0.875,
        "f1-score": 0.9032258064516129,
        "support": 16
    },
    "accuracy": 0.8109375,
    "macro avg": {
        "precision": 0.8218848222510254,
        "recall": 0.8088950459796402,
        "f1-score": 0.8018472694425003,
        "support": 640
    },
    "weighted avg": {
        "precision": 0.8314535400167242,
        "recall": 0.8109375,
        "f1-score": 0.8071762089755682,
        "support": 640
    }
}