{
    "aeroplane": {
        "precision": 0.9834881320949432,
        "recall": 0.8914873713751169,
        "f1-score": 0.9352306182531893,
        "support": 1069
    },
    "bicycle": {
        "precision": 0.8678362573099415,
        "recall": 0.7059942911512845,
        "f1-score": 0.7785939139559287,
        "support": 1051
    },
    "bus": {
        "precision": 0.8734290843806104,
        "recall": 0.6847290640394089,
        "f1-score": 0.7676528599605523,
        "support": 1421
    },
    "car": {
        "precision": 0.7253398396653886,
        "recall": 0.680732744520772,
        "f1-score": 0.7023287208909887,
        "support": 3057
    },
    "horse": {
        "precision": 0.9537979639780736,
        "recall": 0.8916544655929722,
        "f1-score": 0.9216799091940977,
        "support": 1366
    },
    "knife": {
        "precision": 0.9053497942386831,
        "recall": 0.6567164179104478,
        "f1-score": 0.7612456747404843,
        "support": 670
    },
    "motorcycle": {
        "precision": 0.7566921606118547,
        "recall": 0.9030233884768968,
        "f1-score": 0.823407022106632,
        "support": 1753
    },
    "person": {
        "precision": 0.6435897435897436,
        "recall": 0.8263374485596707,
        "f1-score": 0.7236036036036037,
        "support": 1215
    },
    "plant": {
        "precision": 0.8704735376044568,
        "recall": 0.9191176470588235,
        "f1-score": 0.8941344778254648,
        "support": 1360
    },
    "skateboard": {
        "precision": 0.5082393755420642,
        "recall": 0.8542274052478134,
        "f1-score": 0.6373028820010875,
        "support": 686
    },
    "train": {
        "precision": 0.7483266398929049,
        "recall": 0.8606620477290223,
        "f1-score": 0.8005728607232366,
        "support": 1299
    },
    "truck": {
        "precision": 0.5408085430968727,
        "recall": 0.42480527261833434,
        "f1-score": 0.4758389261744967,
        "support": 1669
    },
    "accuracy": 0.7617356764564276,
    "macro avg": {
        "precision": 0.7814475893337948,
        "recall": 0.7749572970233802,
        "f1-score": 0.7684659557858136,
        "support": 16616
    },
    "weighted avg": {
        "precision": 0.7731733631298597,
        "recall": 0.7617356764564276,
        "f1-score": 0.7604062093870187,
        "support": 16616
    }
}