{
    "back_pack": {
        "precision": 0.75,
        "recall": 0.8571428571428571,
        "f1-score": 0.7999999999999999,
        "support": 7
    },
    "bike": {
        "precision": 1.0,
        "recall": 0.9375,
        "f1-score": 0.967741935483871,
        "support": 16
    },
    "bike_helmet": {
        "precision": 0.9473684210526315,
        "recall": 0.9473684210526315,
        "f1-score": 0.9473684210526315,
        "support": 19
    },
    "bookcase": {
        "precision": 0.6666666666666666,
        "recall": 0.5714285714285714,
        "f1-score": 0.6153846153846153,
        "support": 7
    },
    "bottle": {
        "precision": 1.0,
        "recall": 1.0,
        "f1-score": 1.0,
        "support": 11
    },
    "calculator": {
        "precision": 0.5,
        "recall": 0.42857142857142855,
        "f1-score": 0.4615384615384615,
        "support": 7
    },
    "desk_chair": {
        "precision": 1.0,
        "recall": 1.0,
        "f1-score": 1.0,
        "support": 8
    },
    "desk_lamp": {
        "precision": 0.8,
        "recall": 0.8888888888888888,
        "f1-score": 0.8421052631578948,
        "support": 9
    },
    "desktop_computer": {
        "precision": 0.6,
        "recall": 0.3,
        "f1-score": 0.4,
        "support": 10
    },
    "file_cabinet": {
        "precision": 0.43478260869565216,
        "recall": 1.0,
        "f1-score": 0.6060606060606061,
        "support": 10
    },
    "headphones": {
        "precision": 1.0,
        "recall": 0.625,
        "f1-score": 0.7692307692307693,
        "support": 8
    },
    "keyboard": {
        "precision": 0.5555555555555556,
        "recall": 1.0,
        "f1-score": 0.7142857142857143,
        "support": 5
    },
    "laptop_computer": {
        "precision": 0.8571428571428571,
        "recall": 0.631578947368421,
        "f1-score": 0.7272727272727273,
        "support": 19
    },
    "letter_tray": {
        "precision": 0.6,
        "recall": 0.5454545454545454,
        "f1-score": 0.5714285714285713,
        "support": 11
    },
    "mobile_phone": {
        "precision": 1.0,
        "recall": 0.038461538461538464,
        "f1-score": 0.07407407407407407,
        "support": 26
    },
    "monitor": {
        "precision": 1.0,
        "recall": 0.23529411764705882,
        "f1-score": 0.38095238095238093,
        "support": 17
    },
    "mouse": {
        "precision": 0.7777777777777778,
        "recall": 1.0,
        "f1-score": 0.8750000000000001,
        "support": 7
    },
    "mug": {
        "precision": 0.42857142857142855,
        "recall": 1.0,
        "f1-score": 0.6,
        "support": 3
    },
    "paper_notebook": {
        "precision": 0.3333333333333333,
        "recall": 1.0,
        "f1-score": 0.5,
        "support": 5
    },
    "pen": {
        "precision": 1.0,
        "recall": 1.0,
        "f1-score": 1.0,
        "support": 5
    },
    "phone": {
        "precision": 1.0,
        "recall": 0.75,
        "f1-score": 0.8571428571428571,
        "support": 8
    },
    "printer": {
        "precision": 0.3333333333333333,
        "recall": 0.4,
        "f1-score": 0.3636363636363636,
        "support": 10
    },
    "projector": {
        "precision": 0.375,
        "recall": 0.6666666666666666,
        "f1-score": 0.4800000000000001,
        "support": 18
    },
    "punchers": {
        "precision": 0.5333333333333333,
        "recall": 0.6153846153846154,
        "f1-score": 0.5714285714285715,
        "support": 13
    },
    "ring_binder": {
        "precision": 0.1,
        "recall": 0.2,
        "f1-score": 0.13333333333333333,
        "support": 5
    },
    "ruler": {
        "precision": 0.6666666666666666,
        "recall": 1.0,
        "f1-score": 0.8,
        "support": 2
    },
    "scissors": {
        "precision": 0.8666666666666667,
        "recall": 1.0,
        "f1-score": 0.9285714285714286,
        "support": 13
    },
    "speaker": {
        "precision": 0.4166666666666667,
        "recall": 0.23809523809523808,
        "f1-score": 0.30303030303030304,
        "support": 21
    },
    "stapler": {
        "precision": 0.7272727272727273,
        "recall": 0.5,
        "f1-score": 0.5925925925925926,
        "support": 16
    },
    "tape_dispenser": {
        "precision": 0.8421052631578947,
        "recall": 0.9411764705882353,
        "f1-score": 0.8888888888888888,
        "support": 17
    },
    "trash_can": {
        "precision": 0.4444444444444444,
        "recall": 0.8,
        "f1-score": 0.5714285714285714,
        "support": 10
    },
    "accuracy": 0.6472303206997084,
    "macro avg": {
        "precision": 0.6953770242044399,
        "recall": 0.7134842679596999,
        "f1-score": 0.6562095629024266,
        "support": 343
    },
    "weighted avg": {
        "precision": 0.7326182928137016,
        "recall": 0.6472303206997084,
        "f1-score": 0.625331956260075,
        "support": 343
    }
}