{
    "back_pack": {
        "precision": 0.7596153846153846,
        "recall": 0.9080459770114943,
        "f1-score": 0.8272251308900522,
        "support": 87
    },
    "bike": {
        "precision": 0.8651685393258427,
        "recall": 1.0,
        "f1-score": 0.927710843373494,
        "support": 77
    },
    "bike_helmet": {
        "precision": 0.5957446808510638,
        "recall": 0.835820895522388,
        "f1-score": 0.6956521739130435,
        "support": 67
    },
    "bookcase": {
        "precision": 0.6237623762376238,
        "recall": 0.8181818181818182,
        "f1-score": 0.7078651685393259,
        "support": 77
    },
    "bottle": {
        "precision": 0.41025641025641024,
        "recall": 0.5161290322580645,
        "f1-score": 0.4571428571428572,
        "support": 31
    },
    "calculator": {
        "precision": 0.7021276595744681,
        "recall": 0.7415730337078652,
        "f1-score": 0.7213114754098361,
        "support": 89
    },
    "desk_chair": {
        "precision": 0.8020833333333334,
        "recall": 0.8953488372093024,
        "f1-score": 0.8461538461538463,
        "support": 86
    },
    "desk_lamp": {
        "precision": 0.95,
        "recall": 0.41304347826086957,
        "f1-score": 0.5757575757575758,
        "support": 92
    },
    "desktop_computer": {
        "precision": 0.7333333333333333,
        "recall": 0.358695652173913,
        "f1-score": 0.48175182481751827,
        "support": 92
    },
    "file_cabinet": {
        "precision": 0.2342857142857143,
        "recall": 0.5394736842105263,
        "f1-score": 0.32669322709163345,
        "support": 76
    },
    "headphones": {
        "precision": 0.7920792079207921,
        "recall": 0.851063829787234,
        "f1-score": 0.8205128205128204,
        "support": 94
    },
    "keyboard": {
        "precision": 0.5578231292517006,
        "recall": 0.8631578947368421,
        "f1-score": 0.6776859504132231,
        "support": 95
    },
    "laptop_computer": {
        "precision": 0.6461538461538462,
        "recall": 0.8842105263157894,
        "f1-score": 0.7466666666666666,
        "support": 95
    },
    "letter_tray": {
        "precision": 0.6071428571428571,
        "recall": 0.5483870967741935,
        "f1-score": 0.5762711864406779,
        "support": 93
    },
    "mobile_phone": {
        "precision": 0.8588235294117647,
        "recall": 0.7684210526315789,
        "f1-score": 0.8111111111111111,
        "support": 95
    },
    "monitor": {
        "precision": 0.8613861386138614,
        "recall": 0.925531914893617,
        "f1-score": 0.8923076923076922,
        "support": 94
    },
    "mouse": {
        "precision": 0.5214723926380368,
        "recall": 0.8947368421052632,
        "f1-score": 0.6589147286821705,
        "support": 95
    },
    "mug": {
        "precision": 0.7375,
        "recall": 0.6629213483146067,
        "f1-score": 0.698224852071006,
        "support": 89
    },
    "paper_notebook": {
        "precision": 0.65625,
        "recall": 0.46153846153846156,
        "f1-score": 0.5419354838709677,
        "support": 91
    },
    "pen": {
        "precision": 0.5392156862745098,
        "recall": 0.6111111111111112,
        "f1-score": 0.5729166666666667,
        "support": 90
    },
    "phone": {
        "precision": 0.7105263157894737,
        "recall": 0.6136363636363636,
        "f1-score": 0.6585365853658537,
        "support": 88
    },
    "printer": {
        "precision": 0.7555555555555555,
        "recall": 0.7157894736842105,
        "f1-score": 0.7351351351351352,
        "support": 95
    },
    "projector": {
        "precision": 0.5367647058823529,
        "recall": 0.7849462365591398,
        "f1-score": 0.6375545851528384,
        "support": 93
    },
    "punchers": {
        "precision": 0.4642857142857143,
        "recall": 0.13978494623655913,
        "f1-score": 0.21487603305785122,
        "support": 93
    },
    "ring_binder": {
        "precision": 0.4215686274509804,
        "recall": 0.5058823529411764,
        "f1-score": 0.45989304812834225,
        "support": 85
    },
    "ruler": {
        "precision": 0.5753424657534246,
        "recall": 0.6,
        "f1-score": 0.5874125874125874,
        "support": 70
    },
    "scissors": {
        "precision": 0.55,
        "recall": 0.3473684210526316,
        "f1-score": 0.42580645161290326,
        "support": 95
    },
    "speaker": {
        "precision": 0.5645161290322581,
        "recall": 0.3723404255319149,
        "f1-score": 0.44871794871794873,
        "support": 94
    },
    "stapler": {
        "precision": 0.5208333333333334,
        "recall": 0.26595744680851063,
        "f1-score": 0.352112676056338,
        "support": 94
    },
    "tape_dispenser": {
        "precision": 0.7058823529411765,
        "recall": 0.13186813186813187,
        "f1-score": 0.2222222222222222,
        "support": 91
    },
    "trash_can": {
        "precision": 0.5555555555555556,
        "recall": 0.3389830508474576,
        "f1-score": 0.42105263157894735,
        "support": 59
    },
    "accuracy": 0.6243425995492111,
    "macro avg": {
        "precision": 0.639195321767754,
        "recall": 0.6230306237390656,
        "f1-score": 0.6041010060088113,
        "support": 2662
    },
    "weighted avg": {
        "precision": 0.647477308739415,
        "recall": 0.6243425995492111,
        "f1-score": 0.6079742384317617,
        "support": 2662
    }
}