{
    "back_pack": {
        "precision": 0.9137931034482759,
        "recall": 0.6091954022988506,
        "f1-score": 0.7310344827586207,
        "support": 87
    },
    "bike": {
        "precision": 0.8152173913043478,
        "recall": 0.974025974025974,
        "f1-score": 0.8875739644970413,
        "support": 77
    },
    "bike_helmet": {
        "precision": 0.6631578947368421,
        "recall": 0.9402985074626866,
        "f1-score": 0.7777777777777777,
        "support": 67
    },
    "bookcase": {
        "precision": 0.2866666666666667,
        "recall": 0.5584415584415584,
        "f1-score": 0.3788546255506608,
        "support": 77
    },
    "bottle": {
        "precision": 0.3157894736842105,
        "recall": 0.5806451612903226,
        "f1-score": 0.4090909090909091,
        "support": 31
    },
    "calculator": {
        "precision": 0.4873417721518987,
        "recall": 0.8651685393258427,
        "f1-score": 0.6234817813765182,
        "support": 89
    },
    "desk_chair": {
        "precision": 0.6990291262135923,
        "recall": 0.8372093023255814,
        "f1-score": 0.761904761904762,
        "support": 86
    },
    "desk_lamp": {
        "precision": 0.43137254901960786,
        "recall": 0.2391304347826087,
        "f1-score": 0.3076923076923077,
        "support": 92
    },
    "desktop_computer": {
        "precision": 0.0,
        "recall": 0.0,
        "f1-score": 0.0,
        "support": 92
    },
    "file_cabinet": {
        "precision": 0.4925373134328358,
        "recall": 0.4342105263157895,
        "f1-score": 0.4615384615384615,
        "support": 76
    },
    "headphones": {
        "precision": 0.875,
        "recall": 0.22340425531914893,
        "f1-score": 0.3559322033898305,
        "support": 94
    },
    "keyboard": {
        "precision": 0.8,
        "recall": 0.6736842105263158,
        "f1-score": 0.7314285714285713,
        "support": 95
    },
    "laptop_computer": {
        "precision": 0.49264705882352944,
        "recall": 0.7052631578947368,
        "f1-score": 0.5800865800865801,
        "support": 95
    },
    "letter_tray": {
        "precision": 0.3157894736842105,
        "recall": 0.1935483870967742,
        "f1-score": 0.24000000000000002,
        "support": 93
    },
    "mobile_phone": {
        "precision": 0.09523809523809523,
        "recall": 0.37894736842105264,
        "f1-score": 0.1522198731501057,
        "support": 95
    },
    "monitor": {
        "precision": 0.46,
        "recall": 0.7340425531914894,
        "f1-score": 0.5655737704918034,
        "support": 94
    },
    "mouse": {
        "precision": 0.7857142857142857,
        "recall": 0.4631578947368421,
        "f1-score": 0.5827814569536424,
        "support": 95
    },
    "mug": {
        "precision": 0.6785714285714286,
        "recall": 0.21348314606741572,
        "f1-score": 0.3247863247863248,
        "support": 89
    },
    "paper_notebook": {
        "precision": 0.0,
        "recall": 0.0,
        "f1-score": 0.0,
        "support": 91
    },
    "pen": {
        "precision": 0.4411764705882353,
        "recall": 0.3333333333333333,
        "f1-score": 0.37974683544303794,
        "support": 90
    },
    "phone": {
        "precision": 0.5,
        "recall": 0.1590909090909091,
        "f1-score": 0.2413793103448276,
        "support": 88
    },
    "printer": {
        "precision": 0.6470588235294118,
        "recall": 0.23157894736842105,
        "f1-score": 0.34108527131782945,
        "support": 95
    },
    "projector": {
        "precision": 0.6578947368421053,
        "recall": 0.26881720430107525,
        "f1-score": 0.38167938931297707,
        "support": 93
    },
    "punchers": {
        "precision": 0.2916666666666667,
        "recall": 0.15053763440860216,
        "f1-score": 0.19858156028368795,
        "support": 93
    },
    "ring_binder": {
        "precision": 0.1,
        "recall": 0.011764705882352941,
        "f1-score": 0.021052631578947368,
        "support": 85
    },
    "ruler": {
        "precision": 0.6285714285714286,
        "recall": 0.3142857142857143,
        "f1-score": 0.419047619047619,
        "support": 70
    },
    "scissors": {
        "precision": 0.27848101265822783,
        "recall": 0.4631578947368421,
        "f1-score": 0.3478260869565217,
        "support": 95
    },
    "speaker": {
        "precision": 0.07960199004975124,
        "recall": 0.1702127659574468,
        "f1-score": 0.10847457627118644,
        "support": 94
    },
    "stapler": {
        "precision": 0.3277310924369748,
        "recall": 0.4148936170212766,
        "f1-score": 0.36619718309859156,
        "support": 94
    },
    "tape_dispenser": {
        "precision": 0.23170731707317074,
        "recall": 0.4175824175824176,
        "f1-score": 0.2980392156862745,
        "support": 91
    },
    "trash_can": {
        "precision": 0.6,
        "recall": 0.15254237288135594,
        "f1-score": 0.24324324324324323,
        "support": 59
    },
    "accuracy": 0.40120210368144255,
    "macro avg": {
        "precision": 0.4642501668098645,
        "recall": 0.4100533514958948,
        "f1-score": 0.3941326056470536,
        "support": 2662
    },
    "weighted avg": {
        "precision": 0.46135778959452606,
        "recall": 0.40120210368144255,
        "f1-score": 0.38866159226448765,
        "support": 2662
    }
}