{
    "back_pack": {
        "precision": 0.8152173913043478,
        "recall": 0.8620689655172413,
        "f1-score": 0.8379888268156424,
        "support": 87
    },
    "bike": {
        "precision": 0.9367088607594937,
        "recall": 0.961038961038961,
        "f1-score": 0.9487179487179488,
        "support": 77
    },
    "bike_helmet": {
        "precision": 0.8208955223880597,
        "recall": 0.8208955223880597,
        "f1-score": 0.8208955223880597,
        "support": 67
    },
    "bookcase": {
        "precision": 0.525,
        "recall": 0.8181818181818182,
        "f1-score": 0.6395939086294417,
        "support": 77
    },
    "bottle": {
        "precision": 0.4186046511627907,
        "recall": 0.5806451612903226,
        "f1-score": 0.4864864864864865,
        "support": 31
    },
    "calculator": {
        "precision": 0.6818181818181818,
        "recall": 0.5056179775280899,
        "f1-score": 0.5806451612903225,
        "support": 89
    },
    "desk_chair": {
        "precision": 0.7777777777777778,
        "recall": 0.8953488372093024,
        "f1-score": 0.8324324324324325,
        "support": 86
    },
    "desk_lamp": {
        "precision": 0.8913043478260869,
        "recall": 0.44565217391304346,
        "f1-score": 0.5942028985507246,
        "support": 92
    },
    "desktop_computer": {
        "precision": 0.34545454545454546,
        "recall": 0.20652173913043478,
        "f1-score": 0.2585034013605442,
        "support": 92
    },
    "file_cabinet": {
        "precision": 0.5131578947368421,
        "recall": 0.5131578947368421,
        "f1-score": 0.5131578947368421,
        "support": 76
    },
    "headphones": {
        "precision": 0.8191489361702128,
        "recall": 0.8191489361702128,
        "f1-score": 0.8191489361702128,
        "support": 94
    },
    "keyboard": {
        "precision": 0.8478260869565217,
        "recall": 0.8210526315789474,
        "f1-score": 0.8342245989304813,
        "support": 95
    },
    "laptop_computer": {
        "precision": 0.6666666666666666,
        "recall": 0.9052631578947369,
        "f1-score": 0.7678571428571428,
        "support": 95
    },
    "letter_tray": {
        "precision": 0.4418604651162791,
        "recall": 0.20430107526881722,
        "f1-score": 0.27941176470588236,
        "support": 93
    },
    "mobile_phone": {
        "precision": 0.4619289340101523,
        "recall": 0.9578947368421052,
        "f1-score": 0.6232876712328766,
        "support": 95
    },
    "monitor": {
        "precision": 0.6304347826086957,
        "recall": 0.925531914893617,
        "f1-score": 0.75,
        "support": 94
    },
    "mouse": {
        "precision": 0.6967213114754098,
        "recall": 0.8947368421052632,
        "f1-score": 0.783410138248848,
        "support": 95
    },
    "mug": {
        "precision": 0.8275862068965517,
        "recall": 0.8089887640449438,
        "f1-score": 0.8181818181818181,
        "support": 89
    },
    "paper_notebook": {
        "precision": 0.3146067415730337,
        "recall": 0.3076923076923077,
        "f1-score": 0.3111111111111111,
        "support": 91
    },
    "pen": {
        "precision": 0.3619047619047619,
        "recall": 0.4222222222222222,
        "f1-score": 0.38974358974358975,
        "support": 90
    },
    "phone": {
        "precision": 0.66,
        "recall": 0.375,
        "f1-score": 0.4782608695652173,
        "support": 88
    },
    "printer": {
        "precision": 0.8524590163934426,
        "recall": 0.5473684210526316,
        "f1-score": 0.6666666666666666,
        "support": 95
    },
    "projector": {
        "precision": 0.6063829787234043,
        "recall": 0.6129032258064516,
        "f1-score": 0.6096256684491979,
        "support": 93
    },
    "punchers": {
        "precision": 0.36231884057971014,
        "recall": 0.26881720430107525,
        "f1-score": 0.3086419753086419,
        "support": 93
    },
    "ring_binder": {
        "precision": 0.2571428571428571,
        "recall": 0.3176470588235294,
        "f1-score": 0.2842105263157894,
        "support": 85
    },
    "ruler": {
        "precision": 0.5892857142857143,
        "recall": 0.4714285714285714,
        "f1-score": 0.5238095238095238,
        "support": 70
    },
    "scissors": {
        "precision": 0.42857142857142855,
        "recall": 0.3473684210526316,
        "f1-score": 0.38372093023255816,
        "support": 95
    },
    "speaker": {
        "precision": 0.6744186046511628,
        "recall": 0.30851063829787234,
        "f1-score": 0.4233576642335767,
        "support": 94
    },
    "stapler": {
        "precision": 0.38405797101449274,
        "recall": 0.5638297872340425,
        "f1-score": 0.45689655172413796,
        "support": 94
    },
    "tape_dispenser": {
        "precision": 0.3516483516483517,
        "recall": 0.3516483516483517,
        "f1-score": 0.3516483516483517,
        "support": 91
    },
    "trash_can": {
        "precision": 0.6923076923076923,
        "recall": 0.4576271186440678,
        "f1-score": 0.5510204081632654,
        "support": 59
    },
    "accuracy": 0.5890308039068369,
    "macro avg": {
        "precision": 0.6017166942556345,
        "recall": 0.5902616270302101,
        "f1-score": 0.5782858189905592,
        "support": 2662
    },
    "weighted avg": {
        "precision": 0.6022841146686634,
        "recall": 0.5890308039068369,
        "f1-score": 0.5773398228932826,
        "support": 2662
    }
}