{
    "0": {
        "precision": 0.9539325842696629,
        "recall": 0.8663265306122448,
        "f1-score": 0.9080213903743316,
        "support": 980
    },
    "1": {
        "precision": 0.9645328719723183,
        "recall": 0.9823788546255506,
        "f1-score": 0.9733740724574421,
        "support": 1135
    },
    "2": {
        "precision": 0.9149159663865546,
        "recall": 0.8439922480620154,
        "f1-score": 0.8780241935483871,
        "support": 1032
    },
    "3": {
        "precision": 0.9352750809061489,
        "recall": 0.8584158415841584,
        "f1-score": 0.895198760970573,
        "support": 1010
    },
    "4": {
        "precision": 0.8827655310621243,
        "recall": 0.8971486761710794,
        "f1-score": 0.8898989898989899,
        "support": 982
    },
    "5": {
        "precision": 0.8632385120350109,
        "recall": 0.8845291479820628,
        "f1-score": 0.8737541528239202,
        "support": 892
    },
    "6": {
        "precision": 0.8836251287332647,
        "recall": 0.8956158663883089,
        "f1-score": 0.8895800933125971,
        "support": 958
    },
    "7": {
        "precision": 0.9584736251402918,
        "recall": 0.830739299610895,
        "f1-score": 0.8900468994267848,
        "support": 1028
    },
    "8": {
        "precision": 0.8320683111954459,
        "recall": 0.9004106776180698,
        "f1-score": 0.8648915187376726,
        "support": 974
    },
    "9": {
        "precision": 0.739374498797113,
        "recall": 0.9137760158572844,
        "f1-score": 0.8173758865248227,
        "support": 1009
    },
    "accuracy": 0.8883,
    "macro avg": {
        "precision": 0.8928202110497937,
        "recall": 0.887333315851167,
        "f1-score": 0.8880165958075523,
        "support": 10000
    },
    "weighted avg": {
        "precision": 0.894359151989856,
        "recall": 0.8883,
        "f1-score": 0.8892504314286241,
        "support": 10000
    }
}