{
    "back_pack": {
        "precision": 0.6363636363636364,
        "recall": 1.0,
        "f1-score": 0.7777777777777778,
        "support": 7
    },
    "bike": {
        "precision": 1.0,
        "recall": 1.0,
        "f1-score": 1.0,
        "support": 16
    },
    "bike_helmet": {
        "precision": 0.9,
        "recall": 0.9473684210526315,
        "f1-score": 0.9230769230769231,
        "support": 19
    },
    "bookcase": {
        "precision": 0.5833333333333334,
        "recall": 1.0,
        "f1-score": 0.7368421052631579,
        "support": 7
    },
    "bottle": {
        "precision": 0.7857142857142857,
        "recall": 1.0,
        "f1-score": 0.88,
        "support": 11
    },
    "calculator": {
        "precision": 0.7,
        "recall": 1.0,
        "f1-score": 0.8235294117647058,
        "support": 7
    },
    "desk_chair": {
        "precision": 1.0,
        "recall": 1.0,
        "f1-score": 1.0,
        "support": 8
    },
    "desk_lamp": {
        "precision": 1.0,
        "recall": 0.4444444444444444,
        "f1-score": 0.6153846153846153,
        "support": 9
    },
    "desktop_computer": {
        "precision": 0.6666666666666666,
        "recall": 0.8,
        "f1-score": 0.7272727272727272,
        "support": 10
    },
    "file_cabinet": {
        "precision": 1.0,
        "recall": 0.6,
        "f1-score": 0.7499999999999999,
        "support": 10
    },
    "headphones": {
        "precision": 1.0,
        "recall": 0.875,
        "f1-score": 0.9333333333333333,
        "support": 8
    },
    "keyboard": {
        "precision": 1.0,
        "recall": 0.6,
        "f1-score": 0.7499999999999999,
        "support": 5
    },
    "laptop_computer": {
        "precision": 1.0,
        "recall": 0.8947368421052632,
        "f1-score": 0.9444444444444444,
        "support": 19
    },
    "letter_tray": {
        "precision": 0.6666666666666666,
        "recall": 0.7272727272727273,
        "f1-score": 0.6956521739130435,
        "support": 11
    },
    "mobile_phone": {
        "precision": 0.65,
        "recall": 0.5,
        "f1-score": 0.5652173913043479,
        "support": 26
    },
    "monitor": {
        "precision": 0.9411764705882353,
        "recall": 0.9411764705882353,
        "f1-score": 0.9411764705882353,
        "support": 17
    },
    "mouse": {
        "precision": 0.8,
        "recall": 0.5714285714285714,
        "f1-score": 0.6666666666666666,
        "support": 7
    },
    "mug": {
        "precision": 1.0,
        "recall": 1.0,
        "f1-score": 1.0,
        "support": 3
    },
    "paper_notebook": {
        "precision": 0.2777777777777778,
        "recall": 1.0,
        "f1-score": 0.4347826086956522,
        "support": 5
    },
    "pen": {
        "precision": 0.625,
        "recall": 1.0,
        "f1-score": 0.7692307692307693,
        "support": 5
    },
    "phone": {
        "precision": 1.0,
        "recall": 1.0,
        "f1-score": 1.0,
        "support": 8
    },
    "printer": {
        "precision": 0.8888888888888888,
        "recall": 0.8,
        "f1-score": 0.8421052631578948,
        "support": 10
    },
    "projector": {
        "precision": 0.7894736842105263,
        "recall": 0.8333333333333334,
        "f1-score": 0.8108108108108109,
        "support": 18
    },
    "punchers": {
        "precision": 1.0,
        "recall": 0.6153846153846154,
        "f1-score": 0.761904761904762,
        "support": 13
    },
    "ring_binder": {
        "precision": 0.6666666666666666,
        "recall": 0.8,
        "f1-score": 0.7272727272727272,
        "support": 5
    },
    "ruler": {
        "precision": 1.0,
        "recall": 1.0,
        "f1-score": 1.0,
        "support": 2
    },
    "scissors": {
        "precision": 1.0,
        "recall": 0.7692307692307693,
        "f1-score": 0.8695652173913044,
        "support": 13
    },
    "speaker": {
        "precision": 0.9411764705882353,
        "recall": 0.7619047619047619,
        "f1-score": 0.8421052631578947,
        "support": 21
    },
    "stapler": {
        "precision": 0.5384615384615384,
        "recall": 0.4375,
        "f1-score": 0.4827586206896552,
        "support": 16
    },
    "tape_dispenser": {
        "precision": 0.5833333333333334,
        "recall": 0.8235294117647058,
        "f1-score": 0.6829268292682927,
        "support": 17
    },
    "trash_can": {
        "precision": 1.0,
        "recall": 0.4,
        "f1-score": 0.5714285714285715,
        "support": 10
    },
    "accuracy": 0.7842565597667639,
    "macro avg": {
        "precision": 0.8271193361051546,
        "recall": 0.8110422699519374,
        "f1-score": 0.7911375962515586,
        "support": 343
    },
    "weighted avg": {
        "precision": 0.8306825962741714,
        "recall": 0.7842565597667639,
        "f1-score": 0.7862562012543418,
        "support": 343
    }
}