{
    "back_pack": {
        "precision": 0.7777777777777778,
        "recall": 1.0,
        "f1-score": 0.8750000000000001,
        "support": 7
    },
    "bike": {
        "precision": 1.0,
        "recall": 1.0,
        "f1-score": 1.0,
        "support": 16
    },
    "bike_helmet": {
        "precision": 0.95,
        "recall": 1.0,
        "f1-score": 0.9743589743589743,
        "support": 19
    },
    "bookcase": {
        "precision": 1.0,
        "recall": 0.7142857142857143,
        "f1-score": 0.8333333333333333,
        "support": 7
    },
    "bottle": {
        "precision": 0.8461538461538461,
        "recall": 1.0,
        "f1-score": 0.9166666666666666,
        "support": 11
    },
    "calculator": {
        "precision": 0.7142857142857143,
        "recall": 0.7142857142857143,
        "f1-score": 0.7142857142857143,
        "support": 7
    },
    "desk_chair": {
        "precision": 1.0,
        "recall": 1.0,
        "f1-score": 1.0,
        "support": 8
    },
    "desk_lamp": {
        "precision": 1.0,
        "recall": 0.5555555555555556,
        "f1-score": 0.7142857142857143,
        "support": 9
    },
    "desktop_computer": {
        "precision": 0.6153846153846154,
        "recall": 0.8,
        "f1-score": 0.6956521739130435,
        "support": 10
    },
    "file_cabinet": {
        "precision": 1.0,
        "recall": 0.8,
        "f1-score": 0.888888888888889,
        "support": 10
    },
    "headphones": {
        "precision": 0.8,
        "recall": 1.0,
        "f1-score": 0.888888888888889,
        "support": 8
    },
    "keyboard": {
        "precision": 0.7142857142857143,
        "recall": 1.0,
        "f1-score": 0.8333333333333333,
        "support": 5
    },
    "laptop_computer": {
        "precision": 0.9285714285714286,
        "recall": 0.6842105263157895,
        "f1-score": 0.7878787878787878,
        "support": 19
    },
    "letter_tray": {
        "precision": 0.47058823529411764,
        "recall": 0.7272727272727273,
        "f1-score": 0.5714285714285714,
        "support": 11
    },
    "mobile_phone": {
        "precision": 1.0,
        "recall": 0.4230769230769231,
        "f1-score": 0.5945945945945945,
        "support": 26
    },
    "monitor": {
        "precision": 0.8,
        "recall": 0.9411764705882353,
        "f1-score": 0.8648648648648648,
        "support": 17
    },
    "mouse": {
        "precision": 0.46153846153846156,
        "recall": 0.8571428571428571,
        "f1-score": 0.6,
        "support": 7
    },
    "mug": {
        "precision": 0.5,
        "recall": 1.0,
        "f1-score": 0.6666666666666666,
        "support": 3
    },
    "paper_notebook": {
        "precision": 0.5555555555555556,
        "recall": 1.0,
        "f1-score": 0.7142857142857143,
        "support": 5
    },
    "pen": {
        "precision": 0.3333333333333333,
        "recall": 0.2,
        "f1-score": 0.25,
        "support": 5
    },
    "phone": {
        "precision": 0.7,
        "recall": 0.875,
        "f1-score": 0.7777777777777777,
        "support": 8
    },
    "printer": {
        "precision": 0.6153846153846154,
        "recall": 0.8,
        "f1-score": 0.6956521739130435,
        "support": 10
    },
    "projector": {
        "precision": 0.875,
        "recall": 0.3888888888888889,
        "f1-score": 0.5384615384615385,
        "support": 18
    },
    "punchers": {
        "precision": 0.4,
        "recall": 0.6153846153846154,
        "f1-score": 0.4848484848484849,
        "support": 13
    },
    "ring_binder": {
        "precision": 0.36363636363636365,
        "recall": 0.8,
        "f1-score": 0.5000000000000001,
        "support": 5
    },
    "ruler": {
        "precision": 0.25,
        "recall": 0.5,
        "f1-score": 0.3333333333333333,
        "support": 2
    },
    "scissors": {
        "precision": 0.9090909090909091,
        "recall": 0.7692307692307693,
        "f1-score": 0.8333333333333333,
        "support": 13
    },
    "speaker": {
        "precision": 0.8235294117647058,
        "recall": 0.6666666666666666,
        "f1-score": 0.7368421052631577,
        "support": 21
    },
    "stapler": {
        "precision": 0.6666666666666666,
        "recall": 0.5,
        "f1-score": 0.5714285714285715,
        "support": 16
    },
    "tape_dispenser": {
        "precision": 0.8235294117647058,
        "recall": 0.8235294117647058,
        "f1-score": 0.8235294117647058,
        "support": 17
    },
    "trash_can": {
        "precision": 1.0,
        "recall": 0.6,
        "f1-score": 0.7499999999999999,
        "support": 10
    },
    "accuracy": 0.7434402332361516,
    "macro avg": {
        "precision": 0.7385261954996302,
        "recall": 0.7663131238857797,
        "f1-score": 0.7235361167031518,
        "support": 343
    },
    "weighted avg": {
        "precision": 0.7997753556491336,
        "recall": 0.7434402332361516,
        "f1-score": 0.7429617268598595,
        "support": 343
    }
}