{
    "back_pack": {
        "precision": 0.96,
        "recall": 1.0,
        "f1-score": 0.9795918367346939,
        "support": 24
    },
    "bike": {
        "precision": 1.0,
        "recall": 1.0,
        "f1-score": 1.0,
        "support": 16
    },
    "bike_helmet": {
        "precision": 1.0,
        "recall": 0.9565217391304348,
        "f1-score": 0.9777777777777777,
        "support": 23
    },
    "bookcase": {
        "precision": 0.5714285714285714,
        "recall": 0.5714285714285714,
        "f1-score": 0.5714285714285714,
        "support": 7
    },
    "bottle": {
        "precision": 0.7857142857142857,
        "recall": 1.0,
        "f1-score": 0.88,
        "support": 11
    },
    "calculator": {
        "precision": 0.7741935483870968,
        "recall": 0.9230769230769231,
        "f1-score": 0.8421052631578947,
        "support": 26
    },
    "desk_chair": {
        "precision": 1.0,
        "recall": 1.0,
        "f1-score": 1.0,
        "support": 35
    },
    "desk_lamp": {
        "precision": 0.9230769230769231,
        "recall": 0.9230769230769231,
        "f1-score": 0.9230769230769231,
        "support": 13
    },
    "desktop_computer": {
        "precision": 0.45454545454545453,
        "recall": 0.3125,
        "f1-score": 0.3703703703703703,
        "support": 16
    },
    "file_cabinet": {
        "precision": 0.8125,
        "recall": 0.9285714285714286,
        "f1-score": 0.8666666666666666,
        "support": 14
    },
    "headphones": {
        "precision": 1.0,
        "recall": 1.0,
        "f1-score": 1.0,
        "support": 22
    },
    "keyboard": {
        "precision": 0.8947368421052632,
        "recall": 0.7727272727272727,
        "f1-score": 0.8292682926829269,
        "support": 22
    },
    "laptop_computer": {
        "precision": 0.782608695652174,
        "recall": 0.72,
        "f1-score": 0.7499999999999999,
        "support": 25
    },
    "letter_tray": {
        "precision": 0.45,
        "recall": 0.6428571428571429,
        "f1-score": 0.5294117647058824,
        "support": 14
    },
    "mobile_phone": {
        "precision": 0.8888888888888888,
        "recall": 0.32,
        "f1-score": 0.47058823529411764,
        "support": 25
    },
    "monitor": {
        "precision": 1.0,
        "recall": 0.7631578947368421,
        "f1-score": 0.8656716417910448,
        "support": 38
    },
    "mouse": {
        "precision": 0.9090909090909091,
        "recall": 0.8,
        "f1-score": 0.8510638297872342,
        "support": 25
    },
    "mug": {
        "precision": 0.8461538461538461,
        "recall": 1.0,
        "f1-score": 0.9166666666666666,
        "support": 22
    },
    "paper_notebook": {
        "precision": 0.7857142857142857,
        "recall": 0.9565217391304348,
        "f1-score": 0.8627450980392156,
        "support": 23
    },
    "pen": {
        "precision": 0.8,
        "recall": 0.8888888888888888,
        "f1-score": 0.8421052631578948,
        "support": 27
    },
    "phone": {
        "precision": 0.9,
        "recall": 0.8181818181818182,
        "f1-score": 0.8571428571428572,
        "support": 11
    },
    "printer": {
        "precision": 0.4,
        "recall": 0.6666666666666666,
        "f1-score": 0.5,
        "support": 15
    },
    "projector": {
        "precision": 0.5789473684210527,
        "recall": 0.44,
        "f1-score": 0.5,
        "support": 25
    },
    "punchers": {
        "precision": 0.5454545454545454,
        "recall": 0.5454545454545454,
        "f1-score": 0.5454545454545454,
        "support": 22
    },
    "ring_binder": {
        "precision": 0.6666666666666666,
        "recall": 0.8571428571428571,
        "f1-score": 0.75,
        "support": 35
    },
    "ruler": {
        "precision": 0.38461538461538464,
        "recall": 0.8333333333333334,
        "f1-score": 0.5263157894736842,
        "support": 6
    },
    "scissors": {
        "precision": 0.9285714285714286,
        "recall": 0.65,
        "f1-score": 0.7647058823529412,
        "support": 20
    },
    "speaker": {
        "precision": 0.7333333333333333,
        "recall": 0.44,
        "f1-score": 0.5499999999999999,
        "support": 25
    },
    "stapler": {
        "precision": 0.5454545454545454,
        "recall": 0.631578947368421,
        "f1-score": 0.5853658536585366,
        "support": 19
    },
    "tape_dispenser": {
        "precision": 0.8421052631578947,
        "recall": 0.8888888888888888,
        "f1-score": 0.8648648648648649,
        "support": 18
    },
    "trash_can": {
        "precision": 0.5,
        "recall": 0.5625,
        "f1-score": 0.5294117647058824,
        "support": 16
    },
    "accuracy": 0.7734375,
    "macro avg": {
        "precision": 0.7633484124655661,
        "recall": 0.7681637284084321,
        "f1-score": 0.7516709599674581,
        "support": 640
    },
    "weighted avg": {
        "precision": 0.7932599306005772,
        "recall": 0.7734375,
        "f1-score": 0.7699420579586942,
        "support": 640
    }
}