{
    "back_pack": {
        "precision": 0.4444444444444444,
        "recall": 0.5714285714285714,
        "f1-score": 0.5,
        "support": 7
    },
    "bike": {
        "precision": 1.0,
        "recall": 0.8125,
        "f1-score": 0.896551724137931,
        "support": 16
    },
    "bike_helmet": {
        "precision": 0.8888888888888888,
        "recall": 0.8421052631578947,
        "f1-score": 0.8648648648648649,
        "support": 19
    },
    "bookcase": {
        "precision": 0.6666666666666666,
        "recall": 0.5714285714285714,
        "f1-score": 0.6153846153846153,
        "support": 7
    },
    "bottle": {
        "precision": 0.8461538461538461,
        "recall": 1.0,
        "f1-score": 0.9166666666666666,
        "support": 11
    },
    "calculator": {
        "precision": 0.7142857142857143,
        "recall": 0.7142857142857143,
        "f1-score": 0.7142857142857143,
        "support": 7
    },
    "desk_chair": {
        "precision": 1.0,
        "recall": 0.875,
        "f1-score": 0.9333333333333333,
        "support": 8
    },
    "desk_lamp": {
        "precision": 0.7142857142857143,
        "recall": 0.5555555555555556,
        "f1-score": 0.6250000000000001,
        "support": 9
    },
    "desktop_computer": {
        "precision": 0.0,
        "recall": 0.0,
        "f1-score": 0.0,
        "support": 10
    },
    "file_cabinet": {
        "precision": 0.391304347826087,
        "recall": 0.9,
        "f1-score": 0.5454545454545454,
        "support": 10
    },
    "headphones": {
        "precision": 1.0,
        "recall": 0.625,
        "f1-score": 0.7692307692307693,
        "support": 8
    },
    "keyboard": {
        "precision": 0.6666666666666666,
        "recall": 0.8,
        "f1-score": 0.7272727272727272,
        "support": 5
    },
    "laptop_computer": {
        "precision": 1.0,
        "recall": 0.5263157894736842,
        "f1-score": 0.6896551724137931,
        "support": 19
    },
    "letter_tray": {
        "precision": 0.32,
        "recall": 0.7272727272727273,
        "f1-score": 0.4444444444444444,
        "support": 11
    },
    "mobile_phone": {
        "precision": 1.0,
        "recall": 0.19230769230769232,
        "f1-score": 0.32258064516129037,
        "support": 26
    },
    "monitor": {
        "precision": 1.0,
        "recall": 0.23529411764705882,
        "f1-score": 0.38095238095238093,
        "support": 17
    },
    "mouse": {
        "precision": 0.5454545454545454,
        "recall": 0.8571428571428571,
        "f1-score": 0.6666666666666665,
        "support": 7
    },
    "mug": {
        "precision": 0.75,
        "recall": 1.0,
        "f1-score": 0.8571428571428571,
        "support": 3
    },
    "paper_notebook": {
        "precision": 0.2222222222222222,
        "recall": 0.4,
        "f1-score": 0.2857142857142857,
        "support": 5
    },
    "pen": {
        "precision": 0.6666666666666666,
        "recall": 0.8,
        "f1-score": 0.7272727272727272,
        "support": 5
    },
    "phone": {
        "precision": 1.0,
        "recall": 0.875,
        "f1-score": 0.9333333333333333,
        "support": 8
    },
    "printer": {
        "precision": 0.125,
        "recall": 0.1,
        "f1-score": 0.11111111111111112,
        "support": 10
    },
    "projector": {
        "precision": 0.625,
        "recall": 0.5555555555555556,
        "f1-score": 0.5882352941176471,
        "support": 18
    },
    "punchers": {
        "precision": 0.2903225806451613,
        "recall": 0.6923076923076923,
        "f1-score": 0.4090909090909091,
        "support": 13
    },
    "ring_binder": {
        "precision": 0.07142857142857142,
        "recall": 0.2,
        "f1-score": 0.10526315789473682,
        "support": 5
    },
    "ruler": {
        "precision": 0.5,
        "recall": 1.0,
        "f1-score": 0.6666666666666666,
        "support": 2
    },
    "scissors": {
        "precision": 0.8461538461538461,
        "recall": 0.8461538461538461,
        "f1-score": 0.8461538461538461,
        "support": 13
    },
    "speaker": {
        "precision": 0.3076923076923077,
        "recall": 0.19047619047619047,
        "f1-score": 0.23529411764705882,
        "support": 21
    },
    "stapler": {
        "precision": 0.5333333333333333,
        "recall": 0.5,
        "f1-score": 0.5161290322580646,
        "support": 16
    },
    "tape_dispenser": {
        "precision": 0.6666666666666666,
        "recall": 0.35294117647058826,
        "f1-score": 0.46153846153846156,
        "support": 17
    },
    "trash_can": {
        "precision": 0.3333333333333333,
        "recall": 0.7,
        "f1-score": 0.45161290322580644,
        "support": 10
    },
    "accuracy": 0.5568513119533528,
    "macro avg": {
        "precision": 0.6172893665424092,
        "recall": 0.613486171634329,
        "f1-score": 0.5744162249495887,
        "support": 343
    },
    "weighted avg": {
        "precision": 0.661734135114342,
        "recall": 0.5568513119533528,
        "f1-score": 0.5541362395547101,
        "support": 343
    }
}