{
    "back_pack": {
        "precision": 0.7090909090909091,
        "recall": 0.896551724137931,
        "f1-score": 0.7918781725888325,
        "support": 87
    },
    "bike": {
        "precision": 0.9866666666666667,
        "recall": 0.961038961038961,
        "f1-score": 0.9736842105263157,
        "support": 77
    },
    "bike_helmet": {
        "precision": 0.6588235294117647,
        "recall": 0.835820895522388,
        "f1-score": 0.7368421052631579,
        "support": 67
    },
    "bookcase": {
        "precision": 0.5168539325842697,
        "recall": 0.5974025974025974,
        "f1-score": 0.5542168674698795,
        "support": 77
    },
    "bottle": {
        "precision": 0.4594594594594595,
        "recall": 0.5483870967741935,
        "f1-score": 0.5,
        "support": 31
    },
    "calculator": {
        "precision": 0.6201550387596899,
        "recall": 0.898876404494382,
        "f1-score": 0.7339449541284403,
        "support": 89
    },
    "desk_chair": {
        "precision": 0.6460176991150443,
        "recall": 0.8488372093023255,
        "f1-score": 0.7336683417085427,
        "support": 86
    },
    "desk_lamp": {
        "precision": 0.6883116883116883,
        "recall": 0.5760869565217391,
        "f1-score": 0.6272189349112427,
        "support": 92
    },
    "desktop_computer": {
        "precision": 0.532258064516129,
        "recall": 0.358695652173913,
        "f1-score": 0.4285714285714285,
        "support": 92
    },
    "file_cabinet": {
        "precision": 0.49333333333333335,
        "recall": 0.4868421052631579,
        "f1-score": 0.4900662251655629,
        "support": 76
    },
    "headphones": {
        "precision": 0.9382716049382716,
        "recall": 0.8085106382978723,
        "f1-score": 0.8685714285714285,
        "support": 94
    },
    "keyboard": {
        "precision": 0.7818181818181819,
        "recall": 0.9052631578947369,
        "f1-score": 0.8390243902439025,
        "support": 95
    },
    "laptop_computer": {
        "precision": 0.6666666666666666,
        "recall": 0.8631578947368421,
        "f1-score": 0.7522935779816514,
        "support": 95
    },
    "letter_tray": {
        "precision": 0.9,
        "recall": 0.6774193548387096,
        "f1-score": 0.7730061349693251,
        "support": 93
    },
    "mobile_phone": {
        "precision": 0.6938775510204082,
        "recall": 0.7157894736842105,
        "f1-score": 0.7046632124352332,
        "support": 95
    },
    "monitor": {
        "precision": 0.801980198019802,
        "recall": 0.8617021276595744,
        "f1-score": 0.8307692307692307,
        "support": 94
    },
    "mouse": {
        "precision": 0.7117117117117117,
        "recall": 0.8315789473684211,
        "f1-score": 0.7669902912621359,
        "support": 95
    },
    "mug": {
        "precision": 0.8135593220338984,
        "recall": 0.5393258426966292,
        "f1-score": 0.6486486486486486,
        "support": 89
    },
    "paper_notebook": {
        "precision": 0.4189189189189189,
        "recall": 0.34065934065934067,
        "f1-score": 0.3757575757575758,
        "support": 91
    },
    "pen": {
        "precision": 0.44339622641509435,
        "recall": 0.5222222222222223,
        "f1-score": 0.4795918367346939,
        "support": 90
    },
    "phone": {
        "precision": 0.7236842105263158,
        "recall": 0.625,
        "f1-score": 0.6707317073170731,
        "support": 88
    },
    "printer": {
        "precision": 0.8767123287671232,
        "recall": 0.6736842105263158,
        "f1-score": 0.7619047619047619,
        "support": 95
    },
    "projector": {
        "precision": 0.6947368421052632,
        "recall": 0.7096774193548387,
        "f1-score": 0.7021276595744681,
        "support": 93
    },
    "punchers": {
        "precision": 0.4444444444444444,
        "recall": 0.17204301075268819,
        "f1-score": 0.24806201550387594,
        "support": 93
    },
    "ring_binder": {
        "precision": 0.4166666666666667,
        "recall": 0.4117647058823529,
        "f1-score": 0.41420118343195267,
        "support": 85
    },
    "ruler": {
        "precision": 0.47435897435897434,
        "recall": 0.5285714285714286,
        "f1-score": 0.5,
        "support": 70
    },
    "scissors": {
        "precision": 0.5492957746478874,
        "recall": 0.4105263157894737,
        "f1-score": 0.4698795180722891,
        "support": 95
    },
    "speaker": {
        "precision": 0.6477272727272727,
        "recall": 0.6063829787234043,
        "f1-score": 0.6263736263736264,
        "support": 94
    },
    "stapler": {
        "precision": 0.25308641975308643,
        "recall": 0.43617021276595747,
        "f1-score": 0.3203125,
        "support": 94
    },
    "tape_dispenser": {
        "precision": 0.3283582089552239,
        "recall": 0.24175824175824176,
        "f1-score": 0.27848101265822783,
        "support": 91
    },
    "trash_can": {
        "precision": 0.5106382978723404,
        "recall": 0.4067796610169492,
        "f1-score": 0.4528301886792453,
        "support": 59
    },
    "accuracy": 0.6250939143501127,
    "macro avg": {
        "precision": 0.625834843342468,
        "recall": 0.6224686060590902,
        "f1-score": 0.6146552174587986,
        "support": 2662
    },
    "weighted avg": {
        "precision": 0.6324731917249947,
        "recall": 0.6250939143501127,
        "f1-score": 0.6189208238551387,
        "support": 2662
    }
}