{
    "back_pack": {
        "precision": 1.0,
        "recall": 0.6206896551724138,
        "f1-score": 0.7659574468085107,
        "support": 87
    },
    "bike": {
        "precision": 0.9146341463414634,
        "recall": 0.974025974025974,
        "f1-score": 0.9433962264150942,
        "support": 77
    },
    "bike_helmet": {
        "precision": 0.7910447761194029,
        "recall": 0.7910447761194029,
        "f1-score": 0.7910447761194029,
        "support": 67
    },
    "bookcase": {
        "precision": 0.3546511627906977,
        "recall": 0.7922077922077922,
        "f1-score": 0.48995983935742976,
        "support": 77
    },
    "bottle": {
        "precision": 0.4634146341463415,
        "recall": 0.6129032258064516,
        "f1-score": 0.5277777777777778,
        "support": 31
    },
    "calculator": {
        "precision": 0.5793103448275863,
        "recall": 0.9438202247191011,
        "f1-score": 0.7179487179487181,
        "support": 89
    },
    "desk_chair": {
        "precision": 0.7578947368421053,
        "recall": 0.8372093023255814,
        "f1-score": 0.7955801104972375,
        "support": 86
    },
    "desk_lamp": {
        "precision": 0.746031746031746,
        "recall": 0.5108695652173914,
        "f1-score": 0.6064516129032258,
        "support": 92
    },
    "desktop_computer": {
        "precision": 0.39285714285714285,
        "recall": 0.11956521739130435,
        "f1-score": 0.18333333333333332,
        "support": 92
    },
    "file_cabinet": {
        "precision": 0.49411764705882355,
        "recall": 0.5526315789473685,
        "f1-score": 0.5217391304347826,
        "support": 76
    },
    "headphones": {
        "precision": 0.7572815533980582,
        "recall": 0.8297872340425532,
        "f1-score": 0.7918781725888325,
        "support": 94
    },
    "keyboard": {
        "precision": 0.7363636363636363,
        "recall": 0.8526315789473684,
        "f1-score": 0.7902439024390244,
        "support": 95
    },
    "laptop_computer": {
        "precision": 0.6541353383458647,
        "recall": 0.9157894736842105,
        "f1-score": 0.7631578947368421,
        "support": 95
    },
    "letter_tray": {
        "precision": 0.66,
        "recall": 0.3548387096774194,
        "f1-score": 0.46153846153846156,
        "support": 93
    },
    "mobile_phone": {
        "precision": 0.8351648351648352,
        "recall": 0.8,
        "f1-score": 0.8172043010752689,
        "support": 95
    },
    "monitor": {
        "precision": 0.8137254901960784,
        "recall": 0.8829787234042553,
        "f1-score": 0.846938775510204,
        "support": 94
    },
    "mouse": {
        "precision": 0.672566371681416,
        "recall": 0.8,
        "f1-score": 0.730769230769231,
        "support": 95
    },
    "mug": {
        "precision": 0.875,
        "recall": 0.550561797752809,
        "f1-score": 0.6758620689655173,
        "support": 89
    },
    "paper_notebook": {
        "precision": 0.6029411764705882,
        "recall": 0.45054945054945056,
        "f1-score": 0.5157232704402516,
        "support": 91
    },
    "pen": {
        "precision": 0.5454545454545454,
        "recall": 0.4,
        "f1-score": 0.4615384615384615,
        "support": 90
    },
    "phone": {
        "precision": 0.9803921568627451,
        "recall": 0.5681818181818182,
        "f1-score": 0.7194244604316548,
        "support": 88
    },
    "printer": {
        "precision": 0.8133333333333334,
        "recall": 0.6421052631578947,
        "f1-score": 0.7176470588235295,
        "support": 95
    },
    "projector": {
        "precision": 0.7415730337078652,
        "recall": 0.7096774193548387,
        "f1-score": 0.7252747252747254,
        "support": 93
    },
    "punchers": {
        "precision": 0.15873015873015872,
        "recall": 0.10752688172043011,
        "f1-score": 0.1282051282051282,
        "support": 93
    },
    "ring_binder": {
        "precision": 0.37037037037037035,
        "recall": 0.35294117647058826,
        "f1-score": 0.3614457831325302,
        "support": 85
    },
    "ruler": {
        "precision": 0.3821138211382114,
        "recall": 0.6714285714285714,
        "f1-score": 0.4870466321243523,
        "support": 70
    },
    "scissors": {
        "precision": 0.45569620253164556,
        "recall": 0.37894736842105264,
        "f1-score": 0.41379310344827586,
        "support": 95
    },
    "speaker": {
        "precision": 0.46808510638297873,
        "recall": 0.46808510638297873,
        "f1-score": 0.46808510638297873,
        "support": 94
    },
    "stapler": {
        "precision": 0.44537815126050423,
        "recall": 0.5638297872340425,
        "f1-score": 0.49765258215962443,
        "support": 94
    },
    "tape_dispenser": {
        "precision": 0.3364485981308411,
        "recall": 0.3956043956043956,
        "f1-score": 0.3636363636363636,
        "support": 91
    },
    "trash_can": {
        "precision": 0.5087719298245614,
        "recall": 0.4915254237288136,
        "f1-score": 0.5,
        "support": 59
    },
    "accuracy": 0.608564988730278,
    "macro avg": {
        "precision": 0.6228220047214046,
        "recall": 0.6110308868282668,
        "f1-score": 0.5993630469295732,
        "support": 2662
    },
    "weighted avg": {
        "precision": 0.6283542708664334,
        "recall": 0.608564988730278,
        "f1-score": 0.6008930397967824,
        "support": 2662
    }
}