{
    "back_pack": {
        "precision": 0.9523809523809523,
        "recall": 0.8695652173913043,
        "f1-score": 0.909090909090909,
        "support": 23
    },
    "bike": {
        "precision": 0.9333333333333333,
        "recall": 1.0,
        "f1-score": 0.9655172413793104,
        "support": 28
    },
    "bike_helmet": {
        "precision": 1.0,
        "recall": 0.8695652173913043,
        "f1-score": 0.9302325581395349,
        "support": 23
    },
    "bookcase": {
        "precision": 0.5517241379310345,
        "recall": 0.64,
        "f1-score": 0.5925925925925927,
        "support": 25
    },
    "bottle": {
        "precision": 0.375,
        "recall": 0.3333333333333333,
        "f1-score": 0.35294117647058826,
        "support": 9
    },
    "calculator": {
        "precision": 0.5283018867924528,
        "recall": 0.8235294117647058,
        "f1-score": 0.6436781609195401,
        "support": 34
    },
    "desk_chair": {
        "precision": 0.6938775510204082,
        "recall": 0.8717948717948718,
        "f1-score": 0.7727272727272728,
        "support": 39
    },
    "desk_lamp": {
        "precision": 0.7142857142857143,
        "recall": 0.5357142857142857,
        "f1-score": 0.6122448979591837,
        "support": 28
    },
    "desktop_computer": {
        "precision": 0.5,
        "recall": 0.09090909090909091,
        "f1-score": 0.15384615384615385,
        "support": 33
    },
    "file_cabinet": {
        "precision": 0.2777777777777778,
        "recall": 0.38461538461538464,
        "f1-score": 0.3225806451612903,
        "support": 13
    },
    "headphones": {
        "precision": 0.8518518518518519,
        "recall": 0.696969696969697,
        "f1-score": 0.7666666666666667,
        "support": 33
    },
    "keyboard": {
        "precision": 0.8260869565217391,
        "recall": 0.6785714285714286,
        "f1-score": 0.7450980392156864,
        "support": 28
    },
    "laptop_computer": {
        "precision": 0.6428571428571429,
        "recall": 0.6666666666666666,
        "f1-score": 0.6545454545454545,
        "support": 27
    },
    "letter_tray": {
        "precision": 0.4166666666666667,
        "recall": 0.19230769230769232,
        "f1-score": 0.2631578947368421,
        "support": 26
    },
    "mobile_phone": {
        "precision": 0.14084507042253522,
        "recall": 0.7142857142857143,
        "f1-score": 0.23529411764705882,
        "support": 28
    },
    "monitor": {
        "precision": 0.5909090909090909,
        "recall": 0.9285714285714286,
        "f1-score": 0.7222222222222223,
        "support": 28
    },
    "mouse": {
        "precision": 0.9583333333333334,
        "recall": 0.6388888888888888,
        "f1-score": 0.7666666666666666,
        "support": 36
    },
    "mug": {
        "precision": 0.95,
        "recall": 0.7037037037037037,
        "f1-score": 0.8085106382978724,
        "support": 27
    },
    "paper_notebook": {
        "precision": 0.3333333333333333,
        "recall": 0.029411764705882353,
        "f1-score": 0.05405405405405406,
        "support": 34
    },
    "pen": {
        "precision": 0.7857142857142857,
        "recall": 0.4074074074074074,
        "f1-score": 0.5365853658536585,
        "support": 27
    },
    "phone": {
        "precision": 0.6875,
        "recall": 0.39285714285714285,
        "f1-score": 0.5,
        "support": 28
    },
    "printer": {
        "precision": 0.42857142857142855,
        "recall": 0.10714285714285714,
        "f1-score": 0.17142857142857143,
        "support": 28
    },
    "projector": {
        "precision": 1.0,
        "recall": 0.16129032258064516,
        "f1-score": 0.27777777777777773,
        "support": 31
    },
    "punchers": {
        "precision": 0.35714285714285715,
        "recall": 0.21739130434782608,
        "f1-score": 0.27027027027027023,
        "support": 23
    },
    "ring_binder": {
        "precision": 0.1,
        "recall": 0.03571428571428571,
        "f1-score": 0.05263157894736841,
        "support": 28
    },
    "ruler": {
        "precision": 0.8095238095238095,
        "recall": 0.7083333333333334,
        "f1-score": 0.7555555555555556,
        "support": 24
    },
    "scissors": {
        "precision": 0.6086956521739131,
        "recall": 0.4827586206896552,
        "f1-score": 0.5384615384615384,
        "support": 29
    },
    "speaker": {
        "precision": 0.18518518518518517,
        "recall": 0.16129032258064516,
        "f1-score": 0.17241379310344826,
        "support": 31
    },
    "stapler": {
        "precision": 0.23529411764705882,
        "recall": 0.32,
        "f1-score": 0.2711864406779661,
        "support": 25
    },
    "tape_dispenser": {
        "precision": 0.19480519480519481,
        "recall": 0.5555555555555556,
        "f1-score": 0.2884615384615385,
        "support": 27
    },
    "trash_can": {
        "precision": 0.631578947368421,
        "recall": 0.5454545454545454,
        "f1-score": 0.5853658536585366,
        "support": 22
    },
    "accuracy": 0.5124260355029586,
    "macro avg": {
        "precision": 0.589083105727404,
        "recall": 0.5085032095241704,
        "f1-score": 0.5061872789204881,
        "support": 845
    },
    "weighted avg": {
        "precision": 0.6000972283159592,
        "recall": 0.5124260355029586,
        "f1-score": 0.509643965835913,
        "support": 845
    }
}