{
    "0": {
        "precision": 0.889451476793249,
        "recall": 0.9608021877848678,
        "f1-score": 0.9237510955302366,
        "support": 1097
    },
    "1": {
        "precision": 0.9126126126126126,
        "recall": 0.9234275296262534,
        "f1-score": 0.9179882193022201,
        "support": 1097
    },
    "2": {
        "precision": 0.8276173285198556,
        "recall": 0.8359161349134002,
        "f1-score": 0.8317460317460318,
        "support": 1097
    },
    "3": {
        "precision": 0.5565862708719852,
        "recall": 0.8204193254329991,
        "f1-score": 0.6632277081798085,
        "support": 1097
    },
    "4": {
        "precision": 0.8116591928251121,
        "recall": 0.8249772105742935,
        "f1-score": 0.8182640144665462,
        "support": 1097
    },
    "5": {
        "precision": 0.661134163208852,
        "recall": 0.4357338195077484,
        "f1-score": 0.5252747252747253,
        "support": 1097
    },
    "6": {
        "precision": 0.8858057630736392,
        "recall": 0.7566089334548769,
        "f1-score": 0.8161258603736479,
        "support": 1097
    },
    "7": {
        "precision": 0.8264248704663213,
        "recall": 0.8723792160437557,
        "f1-score": 0.8487804878048781,
        "support": 1097
    },
    "8": {
        "precision": 0.6923694779116466,
        "recall": 0.7857793983591613,
        "f1-score": 0.7361229718189581,
        "support": 1097
    },
    "9": {
        "precision": 0.8341968911917098,
        "recall": 0.5870556061987238,
        "f1-score": 0.6891385767790261,
        "support": 1097
    },
    "accuracy": 0.780309936189608,
    "macro avg": {
        "precision": 0.7897858047474984,
        "recall": 0.7803099361896081,
        "f1-score": 0.7770419691276078,
        "support": 10970
    },
    "weighted avg": {
        "precision": 0.7897858047474984,
        "recall": 0.780309936189608,
        "f1-score": 0.7770419691276078,
        "support": 10970
    }
}