{
    "back_pack": {
        "precision": 1.0,
        "recall": 1.0,
        "f1-score": 1.0,
        "support": 24
    },
    "bike": {
        "precision": 1.0,
        "recall": 1.0,
        "f1-score": 1.0,
        "support": 16
    },
    "bike_helmet": {
        "precision": 1.0,
        "recall": 0.8695652173913043,
        "f1-score": 0.9302325581395349,
        "support": 23
    },
    "bookcase": {
        "precision": 1.0,
        "recall": 0.8571428571428571,
        "f1-score": 0.923076923076923,
        "support": 7
    },
    "bottle": {
        "precision": 1.0,
        "recall": 1.0,
        "f1-score": 1.0,
        "support": 11
    },
    "calculator": {
        "precision": 0.7428571428571429,
        "recall": 1.0,
        "f1-score": 0.8524590163934427,
        "support": 26
    },
    "desk_chair": {
        "precision": 1.0,
        "recall": 0.9714285714285714,
        "f1-score": 0.9855072463768115,
        "support": 35
    },
    "desk_lamp": {
        "precision": 0.8461538461538461,
        "recall": 0.8461538461538461,
        "f1-score": 0.8461538461538461,
        "support": 13
    },
    "desktop_computer": {
        "precision": 0.8823529411764706,
        "recall": 0.9375,
        "f1-score": 0.9090909090909091,
        "support": 16
    },
    "file_cabinet": {
        "precision": 1.0,
        "recall": 1.0,
        "f1-score": 1.0,
        "support": 14
    },
    "headphones": {
        "precision": 1.0,
        "recall": 1.0,
        "f1-score": 1.0,
        "support": 22
    },
    "keyboard": {
        "precision": 1.0,
        "recall": 0.8181818181818182,
        "f1-score": 0.9,
        "support": 22
    },
    "laptop_computer": {
        "precision": 0.9583333333333334,
        "recall": 0.92,
        "f1-score": 0.9387755102040817,
        "support": 25
    },
    "letter_tray": {
        "precision": 0.9090909090909091,
        "recall": 0.7142857142857143,
        "f1-score": 0.8,
        "support": 14
    },
    "mobile_phone": {
        "precision": 0.84,
        "recall": 0.84,
        "f1-score": 0.8399999999999999,
        "support": 25
    },
    "monitor": {
        "precision": 0.9714285714285714,
        "recall": 0.8947368421052632,
        "f1-score": 0.9315068493150684,
        "support": 38
    },
    "mouse": {
        "precision": 0.9130434782608695,
        "recall": 0.84,
        "f1-score": 0.8749999999999999,
        "support": 25
    },
    "mug": {
        "precision": 1.0,
        "recall": 1.0,
        "f1-score": 1.0,
        "support": 22
    },
    "paper_notebook": {
        "precision": 1.0,
        "recall": 0.7391304347826086,
        "f1-score": 0.85,
        "support": 23
    },
    "pen": {
        "precision": 1.0,
        "recall": 1.0,
        "f1-score": 1.0,
        "support": 27
    },
    "phone": {
        "precision": 1.0,
        "recall": 0.9090909090909091,
        "f1-score": 0.9523809523809523,
        "support": 11
    },
    "printer": {
        "precision": 0.5555555555555556,
        "recall": 1.0,
        "f1-score": 0.7142857142857143,
        "support": 15
    },
    "projector": {
        "precision": 1.0,
        "recall": 0.44,
        "f1-score": 0.6111111111111112,
        "support": 25
    },
    "punchers": {
        "precision": 0.7391304347826086,
        "recall": 0.7727272727272727,
        "f1-score": 0.7555555555555555,
        "support": 22
    },
    "ring_binder": {
        "precision": 0.6862745098039216,
        "recall": 1.0,
        "f1-score": 0.813953488372093,
        "support": 35
    },
    "ruler": {
        "precision": 1.0,
        "recall": 1.0,
        "f1-score": 1.0,
        "support": 6
    },
    "scissors": {
        "precision": 1.0,
        "recall": 1.0,
        "f1-score": 1.0,
        "support": 20
    },
    "speaker": {
        "precision": 0.9230769230769231,
        "recall": 0.96,
        "f1-score": 0.9411764705882353,
        "support": 25
    },
    "stapler": {
        "precision": 0.75,
        "recall": 0.47368421052631576,
        "f1-score": 0.5806451612903226,
        "support": 19
    },
    "tape_dispenser": {
        "precision": 0.6206896551724138,
        "recall": 1.0,
        "f1-score": 0.7659574468085107,
        "support": 18
    },
    "trash_can": {
        "precision": 1.0,
        "recall": 0.6875,
        "f1-score": 0.8148148148148148,
        "support": 16
    },
    "accuracy": 0.8875,
    "macro avg": {
        "precision": 0.914128622602986,
        "recall": 0.8868105707682735,
        "f1-score": 0.8881188249663847,
        "support": 640
    },
    "weighted avg": {
        "precision": 0.9108922798691207,
        "recall": 0.8875,
        "f1-score": 0.8864304173671977,
        "support": 640
    }
}