{
    "back_pack": {
        "precision": 1.0,
        "recall": 1.0,
        "f1-score": 1.0,
        "support": 7
    },
    "bike": {
        "precision": 1.0,
        "recall": 1.0,
        "f1-score": 1.0,
        "support": 16
    },
    "bike_helmet": {
        "precision": 1.0,
        "recall": 0.7894736842105263,
        "f1-score": 0.8823529411764706,
        "support": 19
    },
    "bookcase": {
        "precision": 1.0,
        "recall": 0.5714285714285714,
        "f1-score": 0.7272727272727273,
        "support": 7
    },
    "bottle": {
        "precision": 1.0,
        "recall": 1.0,
        "f1-score": 1.0,
        "support": 11
    },
    "calculator": {
        "precision": 0.8571428571428571,
        "recall": 0.8571428571428571,
        "f1-score": 0.8571428571428571,
        "support": 7
    },
    "desk_chair": {
        "precision": 1.0,
        "recall": 1.0,
        "f1-score": 1.0,
        "support": 8
    },
    "desk_lamp": {
        "precision": 1.0,
        "recall": 1.0,
        "f1-score": 1.0,
        "support": 9
    },
    "desktop_computer": {
        "precision": 0.7142857142857143,
        "recall": 0.5,
        "f1-score": 0.588235294117647,
        "support": 10
    },
    "file_cabinet": {
        "precision": 0.5555555555555556,
        "recall": 1.0,
        "f1-score": 0.7142857142857143,
        "support": 10
    },
    "headphones": {
        "precision": 1.0,
        "recall": 1.0,
        "f1-score": 1.0,
        "support": 8
    },
    "keyboard": {
        "precision": 0.625,
        "recall": 1.0,
        "f1-score": 0.7692307692307693,
        "support": 5
    },
    "laptop_computer": {
        "precision": 1.0,
        "recall": 0.631578947368421,
        "f1-score": 0.7741935483870968,
        "support": 19
    },
    "letter_tray": {
        "precision": 0.6923076923076923,
        "recall": 0.8181818181818182,
        "f1-score": 0.7500000000000001,
        "support": 11
    },
    "mobile_phone": {
        "precision": 1.0,
        "recall": 0.6538461538461539,
        "f1-score": 0.7906976744186047,
        "support": 26
    },
    "monitor": {
        "precision": 1.0,
        "recall": 0.8823529411764706,
        "f1-score": 0.9375,
        "support": 17
    },
    "mouse": {
        "precision": 0.5384615384615384,
        "recall": 1.0,
        "f1-score": 0.7000000000000001,
        "support": 7
    },
    "mug": {
        "precision": 1.0,
        "recall": 1.0,
        "f1-score": 1.0,
        "support": 3
    },
    "paper_notebook": {
        "precision": 0.6666666666666666,
        "recall": 0.8,
        "f1-score": 0.7272727272727272,
        "support": 5
    },
    "pen": {
        "precision": 0.625,
        "recall": 1.0,
        "f1-score": 0.7692307692307693,
        "support": 5
    },
    "phone": {
        "precision": 1.0,
        "recall": 0.875,
        "f1-score": 0.9333333333333333,
        "support": 8
    },
    "printer": {
        "precision": 0.45454545454545453,
        "recall": 0.5,
        "f1-score": 0.47619047619047616,
        "support": 10
    },
    "projector": {
        "precision": 0.8333333333333334,
        "recall": 0.8333333333333334,
        "f1-score": 0.8333333333333334,
        "support": 18
    },
    "punchers": {
        "precision": 0.9,
        "recall": 0.6923076923076923,
        "f1-score": 0.7826086956521738,
        "support": 13
    },
    "ring_binder": {
        "precision": 0.21428571428571427,
        "recall": 0.6,
        "f1-score": 0.3157894736842105,
        "support": 5
    },
    "ruler": {
        "precision": 0.5,
        "recall": 0.5,
        "f1-score": 0.5,
        "support": 2
    },
    "scissors": {
        "precision": 0.8666666666666667,
        "recall": 1.0,
        "f1-score": 0.9285714285714286,
        "support": 13
    },
    "speaker": {
        "precision": 0.9,
        "recall": 0.8571428571428571,
        "f1-score": 0.8780487804878048,
        "support": 21
    },
    "stapler": {
        "precision": 0.5454545454545454,
        "recall": 0.75,
        "f1-score": 0.631578947368421,
        "support": 16
    },
    "tape_dispenser": {
        "precision": 0.6428571428571429,
        "recall": 0.5294117647058824,
        "f1-score": 0.5806451612903226,
        "support": 17
    },
    "trash_can": {
        "precision": 1.0,
        "recall": 0.5,
        "f1-score": 0.6666666666666666,
        "support": 10
    },
    "accuracy": 0.7959183673469388,
    "macro avg": {
        "precision": 0.8106955768246091,
        "recall": 0.8110064716401479,
        "f1-score": 0.7907800425520501,
        "support": 343
    },
    "weighted avg": {
        "precision": 0.847830190541561,
        "recall": 0.7959183673469388,
        "f1-score": 0.8037889087721448,
        "support": 343
    }
}