{
    "0": {
        "precision": 0.9800829875518672,
        "recall": 0.9891122278056952,
        "f1-score": 0.9845769070446019,
        "support": 1194
    },
    "1": {
        "precision": 0.9709864603481625,
        "recall": 0.9990049751243781,
        "f1-score": 0.984796468857283,
        "support": 1005
    },
    "2": {
        "precision": 0.9315068493150684,
        "recall": 0.9302325581395349,
        "f1-score": 0.9308692676249143,
        "support": 731
    },
    "3": {
        "precision": 0.9078014184397163,
        "recall": 0.9726443768996961,
        "f1-score": 0.9391049156272926,
        "support": 658
    },
    "4": {
        "precision": 0.9689542483660131,
        "recall": 0.9095092024539877,
        "f1-score": 0.9382911392405063,
        "support": 652
    },
    "5": {
        "precision": 0.9320987654320988,
        "recall": 0.814748201438849,
        "f1-score": 0.8694817658349329,
        "support": 556
    },
    "6": {
        "precision": 0.9620637329286799,
        "recall": 0.9548192771084337,
        "f1-score": 0.9584278155706727,
        "support": 664
    },
    "7": {
        "precision": 0.8387533875338753,
        "recall": 0.9596899224806201,
        "f1-score": 0.8951554591467824,
        "support": 645
    },
    "8": {
        "precision": 0.9516129032258065,
        "recall": 0.9797047970479705,
        "f1-score": 0.9654545454545455,
        "support": 542
    },
    "9": {
        "precision": 0.9326241134751773,
        "recall": 0.8167701863354038,
        "f1-score": 0.8708609271523179,
        "support": 644
    },
    "accuracy": 0.941023179262104,
    "macro avg": {
        "precision": 0.9376484866616464,
        "recall": 0.932623572483457,
        "f1-score": 0.9337019211553848,
        "support": 7291
    },
    "weighted avg": {
        "precision": 0.9423290055869926,
        "recall": 0.941023179262104,
        "f1-score": 0.9404445992771204,
        "support": 7291
    }
}