{
    "back_pack": {
        "precision": 0.9571428571428572,
        "recall": 0.7701149425287356,
        "f1-score": 0.8535031847133758,
        "support": 87
    },
    "bike": {
        "precision": 0.9375,
        "recall": 0.974025974025974,
        "f1-score": 0.9554140127388535,
        "support": 77
    },
    "bike_helmet": {
        "precision": 0.6021505376344086,
        "recall": 0.835820895522388,
        "f1-score": 0.7,
        "support": 67
    },
    "bookcase": {
        "precision": 0.5882352941176471,
        "recall": 0.6493506493506493,
        "f1-score": 0.6172839506172839,
        "support": 77
    },
    "bottle": {
        "precision": 0.3684210526315789,
        "recall": 0.6774193548387096,
        "f1-score": 0.4772727272727273,
        "support": 31
    },
    "calculator": {
        "precision": 0.8705882352941177,
        "recall": 0.8314606741573034,
        "f1-score": 0.8505747126436781,
        "support": 89
    },
    "desk_chair": {
        "precision": 0.7064220183486238,
        "recall": 0.8953488372093024,
        "f1-score": 0.7897435897435897,
        "support": 86
    },
    "desk_lamp": {
        "precision": 0.8421052631578947,
        "recall": 0.5217391304347826,
        "f1-score": 0.6442953020134228,
        "support": 92
    },
    "desktop_computer": {
        "precision": 0.37735849056603776,
        "recall": 0.21739130434782608,
        "f1-score": 0.27586206896551724,
        "support": 92
    },
    "file_cabinet": {
        "precision": 0.2717948717948718,
        "recall": 0.6973684210526315,
        "f1-score": 0.3911439114391143,
        "support": 76
    },
    "headphones": {
        "precision": 0.4857142857142857,
        "recall": 0.9042553191489362,
        "f1-score": 0.6319702602230483,
        "support": 94
    },
    "keyboard": {
        "precision": 0.9032258064516129,
        "recall": 0.8842105263157894,
        "f1-score": 0.8936170212765957,
        "support": 95
    },
    "laptop_computer": {
        "precision": 0.6859504132231405,
        "recall": 0.8736842105263158,
        "f1-score": 0.7685185185185186,
        "support": 95
    },
    "letter_tray": {
        "precision": 0.45774647887323944,
        "recall": 0.6989247311827957,
        "f1-score": 0.5531914893617021,
        "support": 93
    },
    "mobile_phone": {
        "precision": 0.7024793388429752,
        "recall": 0.8947368421052632,
        "f1-score": 0.787037037037037,
        "support": 95
    },
    "monitor": {
        "precision": 0.7884615384615384,
        "recall": 0.8723404255319149,
        "f1-score": 0.8282828282828283,
        "support": 94
    },
    "mouse": {
        "precision": 0.5666666666666667,
        "recall": 0.7157894736842105,
        "f1-score": 0.6325581395348837,
        "support": 95
    },
    "mug": {
        "precision": 0.6964285714285714,
        "recall": 0.43820224719101125,
        "f1-score": 0.5379310344827587,
        "support": 89
    },
    "paper_notebook": {
        "precision": 0.5189873417721519,
        "recall": 0.45054945054945056,
        "f1-score": 0.48235294117647054,
        "support": 91
    },
    "pen": {
        "precision": 0.5517241379310345,
        "recall": 0.35555555555555557,
        "f1-score": 0.4324324324324324,
        "support": 90
    },
    "phone": {
        "precision": 0.9137931034482759,
        "recall": 0.6022727272727273,
        "f1-score": 0.7260273972602739,
        "support": 88
    },
    "printer": {
        "precision": 0.6212121212121212,
        "recall": 0.43157894736842106,
        "f1-score": 0.5093167701863355,
        "support": 95
    },
    "projector": {
        "precision": 0.5545454545454546,
        "recall": 0.6559139784946236,
        "f1-score": 0.6009852216748768,
        "support": 93
    },
    "punchers": {
        "precision": 0.2857142857142857,
        "recall": 0.06451612903225806,
        "f1-score": 0.10526315789473685,
        "support": 93
    },
    "ring_binder": {
        "precision": 0.2727272727272727,
        "recall": 0.07058823529411765,
        "f1-score": 0.11214953271028037,
        "support": 85
    },
    "ruler": {
        "precision": 0.2872340425531915,
        "recall": 0.7714285714285715,
        "f1-score": 0.4186046511627907,
        "support": 70
    },
    "scissors": {
        "precision": 0.41739130434782606,
        "recall": 0.5052631578947369,
        "f1-score": 0.45714285714285713,
        "support": 95
    },
    "speaker": {
        "precision": 0.43137254901960786,
        "recall": 0.23404255319148937,
        "f1-score": 0.30344827586206896,
        "support": 94
    },
    "stapler": {
        "precision": 0.717391304347826,
        "recall": 0.35106382978723405,
        "f1-score": 0.4714285714285714,
        "support": 94
    },
    "tape_dispenser": {
        "precision": 0.4827586206896552,
        "recall": 0.15384615384615385,
        "f1-score": 0.2333333333333334,
        "support": 91
    },
    "trash_can": {
        "precision": 0.6666666666666666,
        "recall": 0.03389830508474576,
        "f1-score": 0.06451612903225806,
        "support": 59
    },
    "accuracy": 0.5803906836964688,
    "macro avg": {
        "precision": 0.5977390298492076,
        "recall": 0.5817000501275686,
        "f1-score": 0.5517806793600718,
        "support": 2662
    },
    "weighted avg": {
        "precision": 0.604098526420425,
        "recall": 0.5803906836964688,
        "f1-score": 0.5579680026916196,
        "support": 2662
    }
}