{
    "0": {
        "precision": 0.8906510851419032,
        "recall": 0.9708826205641492,
        "f1-score": 0.9290378754897692,
        "support": 1099
    },
    "1": {
        "precision": 0.7892561983471075,
        "recall": 0.6951774340309372,
        "f1-score": 0.7392356071601355,
        "support": 1099
    },
    "2": {
        "precision": 0.712248322147651,
        "recall": 0.7725204731574158,
        "f1-score": 0.7411610650371017,
        "support": 1099
    },
    "3": {
        "precision": 0.5752654590880699,
        "recall": 0.83803457688808,
        "f1-score": 0.6822222222222222,
        "support": 1099
    },
    "4": {
        "precision": 0.6901818181818182,
        "recall": 0.8635122838944495,
        "f1-score": 0.767178658043654,
        "support": 1099
    },
    "5": {
        "precision": 0.49684873949579833,
        "recall": 0.43039126478616924,
        "f1-score": 0.4612384202827889,
        "support": 1099
    },
    "6": {
        "precision": 0.8392116182572614,
        "recall": 0.7361237488626023,
        "f1-score": 0.7842947164323799,
        "support": 1099
    },
    "7": {
        "precision": 0.4863636363636364,
        "recall": 0.38944494995450407,
        "f1-score": 0.43254168772107127,
        "support": 1099
    },
    "8": {
        "precision": 0.6756440281030445,
        "recall": 0.5250227479526842,
        "f1-score": 0.5908858166922683,
        "support": 1099
    },
    "9": {
        "precision": 0.5308151093439364,
        "recall": 0.4858962693357598,
        "f1-score": 0.5073634204275534,
        "support": 1099
    },
    "accuracy": 0.6707006369426751,
    "macro avg": {
        "precision": 0.6686486014470227,
        "recall": 0.6707006369426752,
        "f1-score": 0.6635159489508945,
        "support": 10990
    },
    "weighted avg": {
        "precision": 0.6686486014470227,
        "recall": 0.6707006369426751,
        "f1-score": 0.6635159489508945,
        "support": 10990
    }
}