{
    "back_pack": {
        "precision": 0.95,
        "recall": 0.8539325842696629,
        "f1-score": 0.8994082840236686,
        "support": 89
    },
    "bike": {
        "precision": 0.975,
        "recall": 0.9873417721518988,
        "f1-score": 0.9811320754716981,
        "support": 79
    },
    "bike_helmet": {
        "precision": 0.9464285714285714,
        "recall": 0.7681159420289855,
        "f1-score": 0.848,
        "support": 69
    },
    "bookcase": {
        "precision": 0.4966442953020134,
        "recall": 0.9367088607594937,
        "f1-score": 0.6491228070175439,
        "support": 79
    },
    "bottle": {
        "precision": 0.5,
        "recall": 0.696969696969697,
        "f1-score": 0.5822784810126582,
        "support": 33
    },
    "calculator": {
        "precision": 0.7777777777777778,
        "recall": 0.6923076923076923,
        "f1-score": 0.7325581395348836,
        "support": 91
    },
    "desk_chair": {
        "precision": 0.9024390243902439,
        "recall": 0.8409090909090909,
        "f1-score": 0.8705882352941177,
        "support": 88
    },
    "desk_lamp": {
        "precision": 0.7733333333333333,
        "recall": 0.6170212765957447,
        "f1-score": 0.6863905325443787,
        "support": 94
    },
    "desktop_computer": {
        "precision": 0.47368421052631576,
        "recall": 0.19148936170212766,
        "f1-score": 0.2727272727272727,
        "support": 94
    },
    "file_cabinet": {
        "precision": 0.7708333333333334,
        "recall": 0.47435897435897434,
        "f1-score": 0.5873015873015872,
        "support": 78
    },
    "headphones": {
        "precision": 0.7727272727272727,
        "recall": 0.8854166666666666,
        "f1-score": 0.8252427184466018,
        "support": 96
    },
    "keyboard": {
        "precision": 0.8349514563106796,
        "recall": 0.8865979381443299,
        "f1-score": 0.86,
        "support": 97
    },
    "laptop_computer": {
        "precision": 0.6260162601626016,
        "recall": 0.7938144329896907,
        "f1-score": 0.7000000000000001,
        "support": 97
    },
    "letter_tray": {
        "precision": 0.6619718309859155,
        "recall": 0.49473684210526314,
        "f1-score": 0.5662650602409639,
        "support": 95
    },
    "mobile_phone": {
        "precision": 0.45410628019323673,
        "recall": 0.9690721649484536,
        "f1-score": 0.6184210526315791,
        "support": 97
    },
    "monitor": {
        "precision": 0.7927927927927928,
        "recall": 0.9166666666666666,
        "f1-score": 0.8502415458937198,
        "support": 96
    },
    "mouse": {
        "precision": 0.7033898305084746,
        "recall": 0.8556701030927835,
        "f1-score": 0.7720930232558139,
        "support": 97
    },
    "mug": {
        "precision": 0.7837837837837838,
        "recall": 0.6373626373626373,
        "f1-score": 0.703030303030303,
        "support": 91
    },
    "paper_notebook": {
        "precision": 0.5370370370370371,
        "recall": 0.3118279569892473,
        "f1-score": 0.3945578231292517,
        "support": 93
    },
    "pen": {
        "precision": 0.7313432835820896,
        "recall": 0.532608695652174,
        "f1-score": 0.6163522012578616,
        "support": 92
    },
    "phone": {
        "precision": 0.75,
        "recall": 0.5,
        "f1-score": 0.6,
        "support": 90
    },
    "printer": {
        "precision": 0.7096774193548387,
        "recall": 0.6804123711340206,
        "f1-score": 0.6947368421052632,
        "support": 97
    },
    "projector": {
        "precision": 0.5555555555555556,
        "recall": 0.631578947368421,
        "f1-score": 0.5911330049261083,
        "support": 95
    },
    "punchers": {
        "precision": 0.6666666666666666,
        "recall": 0.23157894736842105,
        "f1-score": 0.34375,
        "support": 95
    },
    "ring_binder": {
        "precision": 0.38461538461538464,
        "recall": 0.45977011494252873,
        "f1-score": 0.418848167539267,
        "support": 87
    },
    "ruler": {
        "precision": 0.5694444444444444,
        "recall": 0.5694444444444444,
        "f1-score": 0.5694444444444444,
        "support": 72
    },
    "scissors": {
        "precision": 0.5180722891566265,
        "recall": 0.44329896907216493,
        "f1-score": 0.47777777777777775,
        "support": 97
    },
    "speaker": {
        "precision": 0.5247524752475248,
        "recall": 0.5520833333333334,
        "f1-score": 0.5380710659898477,
        "support": 96
    },
    "stapler": {
        "precision": 0.5128205128205128,
        "recall": 0.625,
        "f1-score": 0.5633802816901409,
        "support": 96
    },
    "tape_dispenser": {
        "precision": 0.43478260869565216,
        "recall": 0.5376344086021505,
        "f1-score": 0.4807692307692308,
        "support": 93
    },
    "trash_can": {
        "precision": 0.5846153846153846,
        "recall": 0.6229508196721312,
        "f1-score": 0.6031746031746033,
        "support": 61
    },
    "accuracy": 0.6490455212922174,
    "macro avg": {
        "precision": 0.6669439714628409,
        "recall": 0.651505861697061,
        "f1-score": 0.6418321471364704,
        "support": 2724
    },
    "weighted avg": {
        "precision": 0.667672108427044,
        "recall": 0.6490455212922174,
        "f1-score": 0.64069511809286,
        "support": 2724
    }
}