{
    "back_pack": {
        "precision": 1.0,
        "recall": 1.0,
        "f1-score": 1.0,
        "support": 24
    },
    "bike": {
        "precision": 1.0,
        "recall": 1.0,
        "f1-score": 1.0,
        "support": 16
    },
    "bike_helmet": {
        "precision": 1.0,
        "recall": 0.8260869565217391,
        "f1-score": 0.9047619047619047,
        "support": 23
    },
    "bookcase": {
        "precision": 1.0,
        "recall": 0.8571428571428571,
        "f1-score": 0.923076923076923,
        "support": 7
    },
    "bottle": {
        "precision": 0.7857142857142857,
        "recall": 1.0,
        "f1-score": 0.88,
        "support": 11
    },
    "calculator": {
        "precision": 0.696969696969697,
        "recall": 0.8846153846153846,
        "f1-score": 0.7796610169491526,
        "support": 26
    },
    "desk_chair": {
        "precision": 0.9459459459459459,
        "recall": 1.0,
        "f1-score": 0.9722222222222222,
        "support": 35
    },
    "desk_lamp": {
        "precision": 1.0,
        "recall": 0.6923076923076923,
        "f1-score": 0.8181818181818181,
        "support": 13
    },
    "desktop_computer": {
        "precision": 0.6666666666666666,
        "recall": 0.875,
        "f1-score": 0.7567567567567567,
        "support": 16
    },
    "file_cabinet": {
        "precision": 0.9333333333333333,
        "recall": 1.0,
        "f1-score": 0.9655172413793104,
        "support": 14
    },
    "headphones": {
        "precision": 0.8461538461538461,
        "recall": 1.0,
        "f1-score": 0.9166666666666666,
        "support": 22
    },
    "keyboard": {
        "precision": 0.8181818181818182,
        "recall": 0.4090909090909091,
        "f1-score": 0.5454545454545455,
        "support": 22
    },
    "laptop_computer": {
        "precision": 0.95,
        "recall": 0.76,
        "f1-score": 0.8444444444444444,
        "support": 25
    },
    "letter_tray": {
        "precision": 0.8571428571428571,
        "recall": 0.42857142857142855,
        "f1-score": 0.5714285714285714,
        "support": 14
    },
    "mobile_phone": {
        "precision": 0.37037037037037035,
        "recall": 0.4,
        "f1-score": 0.3846153846153846,
        "support": 25
    },
    "monitor": {
        "precision": 0.8536585365853658,
        "recall": 0.9210526315789473,
        "f1-score": 0.8860759493670887,
        "support": 38
    },
    "mouse": {
        "precision": 0.9333333333333333,
        "recall": 0.56,
        "f1-score": 0.7000000000000001,
        "support": 25
    },
    "mug": {
        "precision": 0.8461538461538461,
        "recall": 1.0,
        "f1-score": 0.9166666666666666,
        "support": 22
    },
    "paper_notebook": {
        "precision": 0.65,
        "recall": 0.5652173913043478,
        "f1-score": 0.6046511627906976,
        "support": 23
    },
    "pen": {
        "precision": 0.6,
        "recall": 0.7777777777777778,
        "f1-score": 0.6774193548387097,
        "support": 27
    },
    "phone": {
        "precision": 0.6470588235294118,
        "recall": 1.0,
        "f1-score": 0.7857142857142858,
        "support": 11
    },
    "printer": {
        "precision": 0.6666666666666666,
        "recall": 0.8,
        "f1-score": 0.7272727272727272,
        "support": 15
    },
    "projector": {
        "precision": 0.8571428571428571,
        "recall": 0.48,
        "f1-score": 0.6153846153846153,
        "support": 25
    },
    "punchers": {
        "precision": 0.6666666666666666,
        "recall": 0.09090909090909091,
        "f1-score": 0.16,
        "support": 22
    },
    "ring_binder": {
        "precision": 0.7317073170731707,
        "recall": 0.8571428571428571,
        "f1-score": 0.7894736842105263,
        "support": 35
    },
    "ruler": {
        "precision": 0.22727272727272727,
        "recall": 0.8333333333333334,
        "f1-score": 0.35714285714285715,
        "support": 6
    },
    "scissors": {
        "precision": 1.0,
        "recall": 0.45,
        "f1-score": 0.6206896551724138,
        "support": 20
    },
    "speaker": {
        "precision": 0.7777777777777778,
        "recall": 0.56,
        "f1-score": 0.6511627906976745,
        "support": 25
    },
    "stapler": {
        "precision": 0.45,
        "recall": 0.47368421052631576,
        "f1-score": 0.46153846153846156,
        "support": 19
    },
    "tape_dispenser": {
        "precision": 0.40476190476190477,
        "recall": 0.9444444444444444,
        "f1-score": 0.5666666666666667,
        "support": 18
    },
    "trash_can": {
        "precision": 0.8571428571428571,
        "recall": 0.75,
        "f1-score": 0.7999999999999999,
        "support": 16
    },
    "accuracy": 0.7421875,
    "macro avg": {
        "precision": 0.7754781333737227,
        "recall": 0.7482702246860361,
        "f1-score": 0.7284724636580998,
        "support": 640
    },
    "weighted avg": {
        "precision": 0.785857217154406,
        "recall": 0.7421875,
        "f1-score": 0.7353638238137806,
        "support": 640
    }
}