{
    "back_pack": {
        "precision": 0.9733333333333334,
        "recall": 0.8390804597701149,
        "f1-score": 0.9012345679012346,
        "support": 87
    },
    "bike": {
        "precision": 0.9146341463414634,
        "recall": 0.974025974025974,
        "f1-score": 0.9433962264150942,
        "support": 77
    },
    "bike_helmet": {
        "precision": 0.6966292134831461,
        "recall": 0.9253731343283582,
        "f1-score": 0.794871794871795,
        "support": 67
    },
    "bookcase": {
        "precision": 0.46357615894039733,
        "recall": 0.9090909090909091,
        "f1-score": 0.6140350877192983,
        "support": 77
    },
    "bottle": {
        "precision": 0.36,
        "recall": 0.5806451612903226,
        "f1-score": 0.4444444444444445,
        "support": 31
    },
    "calculator": {
        "precision": 0.7,
        "recall": 0.9438202247191011,
        "f1-score": 0.8038277511961723,
        "support": 89
    },
    "desk_chair": {
        "precision": 0.8641975308641975,
        "recall": 0.813953488372093,
        "f1-score": 0.8383233532934131,
        "support": 86
    },
    "desk_lamp": {
        "precision": 0.8448275862068966,
        "recall": 0.532608695652174,
        "f1-score": 0.6533333333333333,
        "support": 92
    },
    "desktop_computer": {
        "precision": 0.7727272727272727,
        "recall": 0.18478260869565216,
        "f1-score": 0.2982456140350877,
        "support": 92
    },
    "file_cabinet": {
        "precision": 0.5294117647058824,
        "recall": 0.7105263157894737,
        "f1-score": 0.6067415730337078,
        "support": 76
    },
    "headphones": {
        "precision": 0.7105263157894737,
        "recall": 0.8617021276595744,
        "f1-score": 0.7788461538461537,
        "support": 94
    },
    "keyboard": {
        "precision": 0.8571428571428571,
        "recall": 0.7578947368421053,
        "f1-score": 0.8044692737430167,
        "support": 95
    },
    "laptop_computer": {
        "precision": 0.5652173913043478,
        "recall": 0.9578947368421052,
        "f1-score": 0.7109375,
        "support": 95
    },
    "letter_tray": {
        "precision": 0.8,
        "recall": 0.5161290322580645,
        "f1-score": 0.6274509803921569,
        "support": 93
    },
    "mobile_phone": {
        "precision": 0.8695652173913043,
        "recall": 0.8421052631578947,
        "f1-score": 0.8556149732620322,
        "support": 95
    },
    "monitor": {
        "precision": 0.6587301587301587,
        "recall": 0.8829787234042553,
        "f1-score": 0.7545454545454545,
        "support": 94
    },
    "mouse": {
        "precision": 0.6859504132231405,
        "recall": 0.8736842105263158,
        "f1-score": 0.7685185185185186,
        "support": 95
    },
    "mug": {
        "precision": 0.8222222222222222,
        "recall": 0.8314606741573034,
        "f1-score": 0.8268156424581005,
        "support": 89
    },
    "paper_notebook": {
        "precision": 0.4636363636363636,
        "recall": 0.5604395604395604,
        "f1-score": 0.5074626865671642,
        "support": 91
    },
    "pen": {
        "precision": 0.5757575757575758,
        "recall": 0.4222222222222222,
        "f1-score": 0.4871794871794872,
        "support": 90
    },
    "phone": {
        "precision": 0.9,
        "recall": 0.7159090909090909,
        "f1-score": 0.7974683544303798,
        "support": 88
    },
    "printer": {
        "precision": 0.7727272727272727,
        "recall": 0.7157894736842105,
        "f1-score": 0.7431693989071039,
        "support": 95
    },
    "projector": {
        "precision": 0.7009345794392523,
        "recall": 0.8064516129032258,
        "f1-score": 0.75,
        "support": 93
    },
    "punchers": {
        "precision": 0.26373626373626374,
        "recall": 0.25806451612903225,
        "f1-score": 0.26086956521739135,
        "support": 93
    },
    "ring_binder": {
        "precision": 0.4605263157894737,
        "recall": 0.4117647058823529,
        "f1-score": 0.43478260869565216,
        "support": 85
    },
    "ruler": {
        "precision": 0.6833333333333333,
        "recall": 0.5857142857142857,
        "f1-score": 0.6307692307692309,
        "support": 70
    },
    "scissors": {
        "precision": 0.6938775510204082,
        "recall": 0.35789473684210527,
        "f1-score": 0.47222222222222215,
        "support": 95
    },
    "speaker": {
        "precision": 0.6842105263157895,
        "recall": 0.4148936170212766,
        "f1-score": 0.5165562913907285,
        "support": 94
    },
    "stapler": {
        "precision": 0.5287356321839081,
        "recall": 0.48936170212765956,
        "f1-score": 0.5082872928176796,
        "support": 94
    },
    "tape_dispenser": {
        "precision": 0.36046511627906974,
        "recall": 0.34065934065934067,
        "f1-score": 0.3502824858757062,
        "support": 91
    },
    "trash_can": {
        "precision": 0.5945945945945946,
        "recall": 0.3728813559322034,
        "f1-score": 0.45833333333333337,
        "support": 59
    },
    "accuracy": 0.6577761081893313,
    "macro avg": {
        "precision": 0.6700395712006257,
        "recall": 0.6577355708725278,
        "f1-score": 0.6433237161424222,
        "support": 2662
    },
    "weighted avg": {
        "precision": 0.6779200329882779,
        "recall": 0.6577761081893313,
        "f1-score": 0.6472694072588093,
        "support": 2662
    }
}