{
    "back_pack": {
        "precision": 1.0,
        "recall": 0.9583333333333334,
        "f1-score": 0.9787234042553191,
        "support": 24
    },
    "bike": {
        "precision": 1.0,
        "recall": 1.0,
        "f1-score": 1.0,
        "support": 16
    },
    "bike_helmet": {
        "precision": 1.0,
        "recall": 1.0,
        "f1-score": 1.0,
        "support": 23
    },
    "bookcase": {
        "precision": 1.0,
        "recall": 1.0,
        "f1-score": 1.0,
        "support": 7
    },
    "bottle": {
        "precision": 1.0,
        "recall": 1.0,
        "f1-score": 1.0,
        "support": 11
    },
    "calculator": {
        "precision": 0.9615384615384616,
        "recall": 0.9615384615384616,
        "f1-score": 0.9615384615384616,
        "support": 26
    },
    "desk_chair": {
        "precision": 1.0,
        "recall": 1.0,
        "f1-score": 1.0,
        "support": 35
    },
    "desk_lamp": {
        "precision": 1.0,
        "recall": 1.0,
        "f1-score": 1.0,
        "support": 13
    },
    "desktop_computer": {
        "precision": 0.8333333333333334,
        "recall": 0.9375,
        "f1-score": 0.8823529411764706,
        "support": 16
    },
    "file_cabinet": {
        "precision": 0.9333333333333333,
        "recall": 1.0,
        "f1-score": 0.9655172413793104,
        "support": 14
    },
    "headphones": {
        "precision": 1.0,
        "recall": 1.0,
        "f1-score": 1.0,
        "support": 22
    },
    "keyboard": {
        "precision": 1.0,
        "recall": 0.8636363636363636,
        "f1-score": 0.9268292682926829,
        "support": 22
    },
    "laptop_computer": {
        "precision": 0.9230769230769231,
        "recall": 0.96,
        "f1-score": 0.9411764705882353,
        "support": 25
    },
    "letter_tray": {
        "precision": 1.0,
        "recall": 1.0,
        "f1-score": 1.0,
        "support": 14
    },
    "mobile_phone": {
        "precision": 0.8275862068965517,
        "recall": 0.96,
        "f1-score": 0.888888888888889,
        "support": 25
    },
    "monitor": {
        "precision": 0.9743589743589743,
        "recall": 1.0,
        "f1-score": 0.9870129870129869,
        "support": 38
    },
    "mouse": {
        "precision": 1.0,
        "recall": 0.88,
        "f1-score": 0.9361702127659575,
        "support": 25
    },
    "mug": {
        "precision": 1.0,
        "recall": 1.0,
        "f1-score": 1.0,
        "support": 22
    },
    "paper_notebook": {
        "precision": 0.8214285714285714,
        "recall": 1.0,
        "f1-score": 0.9019607843137255,
        "support": 23
    },
    "pen": {
        "precision": 0.8666666666666667,
        "recall": 0.9629629629629629,
        "f1-score": 0.912280701754386,
        "support": 27
    },
    "phone": {
        "precision": 1.0,
        "recall": 1.0,
        "f1-score": 1.0,
        "support": 11
    },
    "printer": {
        "precision": 1.0,
        "recall": 0.8,
        "f1-score": 0.888888888888889,
        "support": 15
    },
    "projector": {
        "precision": 0.8260869565217391,
        "recall": 0.76,
        "f1-score": 0.7916666666666667,
        "support": 25
    },
    "punchers": {
        "precision": 1.0,
        "recall": 0.6818181818181818,
        "f1-score": 0.8108108108108109,
        "support": 22
    },
    "ring_binder": {
        "precision": 0.9655172413793104,
        "recall": 0.8,
        "f1-score": 0.8750000000000001,
        "support": 35
    },
    "ruler": {
        "precision": 1.0,
        "recall": 0.16666666666666666,
        "f1-score": 0.2857142857142857,
        "support": 6
    },
    "scissors": {
        "precision": 0.8333333333333334,
        "recall": 1.0,
        "f1-score": 0.9090909090909091,
        "support": 20
    },
    "speaker": {
        "precision": 0.8214285714285714,
        "recall": 0.92,
        "f1-score": 0.8679245283018867,
        "support": 25
    },
    "stapler": {
        "precision": 0.8260869565217391,
        "recall": 1.0,
        "f1-score": 0.9047619047619047,
        "support": 19
    },
    "tape_dispenser": {
        "precision": 1.0,
        "recall": 1.0,
        "f1-score": 1.0,
        "support": 18
    },
    "trash_can": {
        "precision": 0.8333333333333334,
        "recall": 0.9375,
        "f1-score": 0.8823529411764706,
        "support": 16
    },
    "accuracy": 0.9328125,
    "macro avg": {
        "precision": 0.9434551246177691,
        "recall": 0.9209663216114831,
        "f1-score": 0.9193116870122017,
        "support": 640
    },
    "weighted avg": {
        "precision": 0.9393151878730963,
        "recall": 0.9328125,
        "f1-score": 0.9297558313010059,
        "support": 640
    }
}