{
    "back_pack": {
        "precision": 0.96,
        "recall": 1.0,
        "f1-score": 0.9795918367346939,
        "support": 24
    },
    "bike": {
        "precision": 1.0,
        "recall": 1.0,
        "f1-score": 1.0,
        "support": 16
    },
    "bike_helmet": {
        "precision": 1.0,
        "recall": 0.9565217391304348,
        "f1-score": 0.9777777777777777,
        "support": 23
    },
    "bookcase": {
        "precision": 1.0,
        "recall": 1.0,
        "f1-score": 1.0,
        "support": 7
    },
    "bottle": {
        "precision": 1.0,
        "recall": 1.0,
        "f1-score": 1.0,
        "support": 11
    },
    "calculator": {
        "precision": 0.9230769230769231,
        "recall": 0.9230769230769231,
        "f1-score": 0.9230769230769231,
        "support": 26
    },
    "desk_chair": {
        "precision": 1.0,
        "recall": 1.0,
        "f1-score": 1.0,
        "support": 35
    },
    "desk_lamp": {
        "precision": 0.8666666666666667,
        "recall": 1.0,
        "f1-score": 0.9285714285714286,
        "support": 13
    },
    "desktop_computer": {
        "precision": 0.8235294117647058,
        "recall": 0.875,
        "f1-score": 0.8484848484848485,
        "support": 16
    },
    "file_cabinet": {
        "precision": 0.9333333333333333,
        "recall": 1.0,
        "f1-score": 0.9655172413793104,
        "support": 14
    },
    "headphones": {
        "precision": 0.9565217391304348,
        "recall": 1.0,
        "f1-score": 0.9777777777777777,
        "support": 22
    },
    "keyboard": {
        "precision": 1.0,
        "recall": 1.0,
        "f1-score": 1.0,
        "support": 22
    },
    "laptop_computer": {
        "precision": 1.0,
        "recall": 0.88,
        "f1-score": 0.9361702127659575,
        "support": 25
    },
    "letter_tray": {
        "precision": 1.0,
        "recall": 0.8571428571428571,
        "f1-score": 0.923076923076923,
        "support": 14
    },
    "mobile_phone": {
        "precision": 0.8333333333333334,
        "recall": 0.8,
        "f1-score": 0.816326530612245,
        "support": 25
    },
    "monitor": {
        "precision": 1.0,
        "recall": 0.9210526315789473,
        "f1-score": 0.958904109589041,
        "support": 38
    },
    "mouse": {
        "precision": 0.92,
        "recall": 0.92,
        "f1-score": 0.92,
        "support": 25
    },
    "mug": {
        "precision": 0.9565217391304348,
        "recall": 1.0,
        "f1-score": 0.9777777777777777,
        "support": 22
    },
    "paper_notebook": {
        "precision": 0.6571428571428571,
        "recall": 1.0,
        "f1-score": 0.7931034482758621,
        "support": 23
    },
    "pen": {
        "precision": 0.75,
        "recall": 0.8888888888888888,
        "f1-score": 0.8135593220338982,
        "support": 27
    },
    "phone": {
        "precision": 0.8333333333333334,
        "recall": 0.9090909090909091,
        "f1-score": 0.8695652173913043,
        "support": 11
    },
    "printer": {
        "precision": 0.625,
        "recall": 1.0,
        "f1-score": 0.7692307692307693,
        "support": 15
    },
    "projector": {
        "precision": 1.0,
        "recall": 0.36,
        "f1-score": 0.5294117647058824,
        "support": 25
    },
    "punchers": {
        "precision": 0.7083333333333334,
        "recall": 0.7727272727272727,
        "f1-score": 0.7391304347826088,
        "support": 22
    },
    "ring_binder": {
        "precision": 0.78125,
        "recall": 0.7142857142857143,
        "f1-score": 0.7462686567164178,
        "support": 35
    },
    "ruler": {
        "precision": 0.4,
        "recall": 0.3333333333333333,
        "f1-score": 0.3636363636363636,
        "support": 6
    },
    "scissors": {
        "precision": 0.8095238095238095,
        "recall": 0.85,
        "f1-score": 0.8292682926829269,
        "support": 20
    },
    "speaker": {
        "precision": 0.9565217391304348,
        "recall": 0.88,
        "f1-score": 0.9166666666666666,
        "support": 25
    },
    "stapler": {
        "precision": 0.7142857142857143,
        "recall": 0.7894736842105263,
        "f1-score": 0.7500000000000001,
        "support": 19
    },
    "tape_dispenser": {
        "precision": 0.8333333333333334,
        "recall": 0.8333333333333334,
        "f1-score": 0.8333333333333334,
        "support": 18
    },
    "trash_can": {
        "precision": 1.0,
        "recall": 0.5625,
        "f1-score": 0.72,
        "support": 16
    },
    "accuracy": 0.8765625,
    "macro avg": {
        "precision": 0.8787647505328595,
        "recall": 0.8718202350580367,
        "f1-score": 0.8647170211961528,
        "support": 640
    },
    "weighted avg": {
        "precision": 0.8912157464548318,
        "recall": 0.8765625,
        "f1-score": 0.8730315182754127,
        "support": 640
    }
}