{
    "back_pack": {
        "precision": 0.7383177570093458,
        "recall": 0.9080459770114943,
        "f1-score": 0.8144329896907215,
        "support": 87
    },
    "bike": {
        "precision": 0.6972477064220184,
        "recall": 0.987012987012987,
        "f1-score": 0.8172043010752688,
        "support": 77
    },
    "bike_helmet": {
        "precision": 0.6666666666666666,
        "recall": 0.9850746268656716,
        "f1-score": 0.7951807228915662,
        "support": 67
    },
    "bookcase": {
        "precision": 0.7647058823529411,
        "recall": 0.6753246753246753,
        "f1-score": 0.7172413793103448,
        "support": 77
    },
    "bottle": {
        "precision": 0.5294117647058824,
        "recall": 0.5806451612903226,
        "f1-score": 0.5538461538461539,
        "support": 31
    },
    "calculator": {
        "precision": 0.8,
        "recall": 0.8539325842696629,
        "f1-score": 0.8260869565217391,
        "support": 89
    },
    "desk_chair": {
        "precision": 0.8539325842696629,
        "recall": 0.8837209302325582,
        "f1-score": 0.8685714285714285,
        "support": 86
    },
    "desk_lamp": {
        "precision": 0.9298245614035088,
        "recall": 0.5760869565217391,
        "f1-score": 0.7114093959731544,
        "support": 92
    },
    "desktop_computer": {
        "precision": 0.2608695652173913,
        "recall": 0.06521739130434782,
        "f1-score": 0.10434782608695652,
        "support": 92
    },
    "file_cabinet": {
        "precision": 0.1875,
        "recall": 0.7105263157894737,
        "f1-score": 0.29670329670329676,
        "support": 76
    },
    "headphones": {
        "precision": 0.83,
        "recall": 0.8829787234042553,
        "f1-score": 0.8556701030927835,
        "support": 94
    },
    "keyboard": {
        "precision": 0.8478260869565217,
        "recall": 0.8210526315789474,
        "f1-score": 0.8342245989304813,
        "support": 95
    },
    "laptop_computer": {
        "precision": 0.8620689655172413,
        "recall": 0.7894736842105263,
        "f1-score": 0.8241758241758242,
        "support": 95
    },
    "letter_tray": {
        "precision": 0.7228915662650602,
        "recall": 0.6451612903225806,
        "f1-score": 0.6818181818181818,
        "support": 93
    },
    "mobile_phone": {
        "precision": 0.5344827586206896,
        "recall": 0.9789473684210527,
        "f1-score": 0.6914498141263941,
        "support": 95
    },
    "monitor": {
        "precision": 0.73,
        "recall": 0.776595744680851,
        "f1-score": 0.7525773195876287,
        "support": 94
    },
    "mouse": {
        "precision": 0.8472222222222222,
        "recall": 0.6421052631578947,
        "f1-score": 0.7305389221556887,
        "support": 95
    },
    "mug": {
        "precision": 0.5227272727272727,
        "recall": 0.7752808988764045,
        "f1-score": 0.6244343891402714,
        "support": 89
    },
    "paper_notebook": {
        "precision": 0.5294117647058824,
        "recall": 0.4945054945054945,
        "f1-score": 0.5113636363636365,
        "support": 91
    },
    "pen": {
        "precision": 0.4077669902912621,
        "recall": 0.4666666666666667,
        "f1-score": 0.43523316062176165,
        "support": 90
    },
    "phone": {
        "precision": 0.8723404255319149,
        "recall": 0.4659090909090909,
        "f1-score": 0.6074074074074074,
        "support": 88
    },
    "printer": {
        "precision": 0.7808219178082192,
        "recall": 0.6,
        "f1-score": 0.6785714285714285,
        "support": 95
    },
    "projector": {
        "precision": 0.592,
        "recall": 0.7956989247311828,
        "f1-score": 0.6788990825688073,
        "support": 93
    },
    "punchers": {
        "precision": 0.1262135922330097,
        "recall": 0.13978494623655913,
        "f1-score": 0.1326530612244898,
        "support": 93
    },
    "ring_binder": {
        "precision": 1.0,
        "recall": 0.09411764705882353,
        "f1-score": 0.17204301075268816,
        "support": 85
    },
    "ruler": {
        "precision": 0.9210526315789473,
        "recall": 0.5,
        "f1-score": 0.6481481481481481,
        "support": 70
    },
    "scissors": {
        "precision": 0.6,
        "recall": 0.37894736842105264,
        "f1-score": 0.4645161290322581,
        "support": 95
    },
    "speaker": {
        "precision": 0.8571428571428571,
        "recall": 0.1276595744680851,
        "f1-score": 0.2222222222222222,
        "support": 94
    },
    "stapler": {
        "precision": 0.3565217391304348,
        "recall": 0.43617021276595747,
        "f1-score": 0.3923444976076555,
        "support": 94
    },
    "tape_dispenser": {
        "precision": 0.5675675675675675,
        "recall": 0.23076923076923078,
        "f1-score": 0.328125,
        "support": 91
    },
    "trash_can": {
        "precision": 0.13333333333333333,
        "recall": 0.1016949152542373,
        "f1-score": 0.11538461538461539,
        "support": 59
    },
    "accuracy": 0.5931630353117956,
    "macro avg": {
        "precision": 0.647415102570318,
        "recall": 0.5925518478084462,
        "f1-score": 0.5769943549549356,
        "support": 2662
    },
    "weighted avg": {
        "precision": 0.6548065685841655,
        "recall": 0.5931630353117956,
        "f1-score": 0.5806623827561299,
        "support": 2662
    }
}