{
    "back_pack": {
        "precision": 0.7777777777777778,
        "recall": 1.0,
        "f1-score": 0.8750000000000001,
        "support": 7
    },
    "bike": {
        "precision": 1.0,
        "recall": 0.9375,
        "f1-score": 0.967741935483871,
        "support": 16
    },
    "bike_helmet": {
        "precision": 0.8947368421052632,
        "recall": 0.8947368421052632,
        "f1-score": 0.8947368421052632,
        "support": 19
    },
    "bookcase": {
        "precision": 1.0,
        "recall": 0.2857142857142857,
        "f1-score": 0.4444444444444445,
        "support": 7
    },
    "bottle": {
        "precision": 1.0,
        "recall": 0.7272727272727273,
        "f1-score": 0.8421052631578948,
        "support": 11
    },
    "calculator": {
        "precision": 1.0,
        "recall": 0.7142857142857143,
        "f1-score": 0.8333333333333333,
        "support": 7
    },
    "desk_chair": {
        "precision": 1.0,
        "recall": 0.75,
        "f1-score": 0.8571428571428571,
        "support": 8
    },
    "desk_lamp": {
        "precision": 0.6666666666666666,
        "recall": 0.75,
        "f1-score": 0.7058823529411765,
        "support": 8
    },
    "desktop_computer": {
        "precision": 0.2,
        "recall": 0.1,
        "f1-score": 0.13333333333333333,
        "support": 10
    },
    "file_cabinet": {
        "precision": 0.5,
        "recall": 0.3,
        "f1-score": 0.37499999999999994,
        "support": 10
    },
    "headphones": {
        "precision": 1.0,
        "recall": 0.7142857142857143,
        "f1-score": 0.8333333333333333,
        "support": 7
    },
    "keyboard": {
        "precision": 0.6,
        "recall": 0.6,
        "f1-score": 0.6,
        "support": 5
    },
    "laptop_computer": {
        "precision": 1.0,
        "recall": 0.47058823529411764,
        "f1-score": 0.6399999999999999,
        "support": 17
    },
    "letter_tray": {
        "precision": 0.28,
        "recall": 0.6363636363636364,
        "f1-score": 0.3888888888888889,
        "support": 11
    },
    "mobile_phone": {
        "precision": 1.0,
        "recall": 0.16,
        "f1-score": 0.2758620689655173,
        "support": 25
    },
    "monitor": {
        "precision": 1.0,
        "recall": 0.058823529411764705,
        "f1-score": 0.1111111111111111,
        "support": 17
    },
    "mouse": {
        "precision": 0.7,
        "recall": 1.0,
        "f1-score": 0.8235294117647058,
        "support": 7
    },
    "mug": {
        "precision": 0.6,
        "recall": 1.0,
        "f1-score": 0.7499999999999999,
        "support": 3
    },
    "paper_notebook": {
        "precision": 0.3,
        "recall": 0.6,
        "f1-score": 0.4,
        "support": 5
    },
    "pen": {
        "precision": 0.5555555555555556,
        "recall": 1.0,
        "f1-score": 0.7142857142857143,
        "support": 5
    },
    "phone": {
        "precision": 0.875,
        "recall": 0.875,
        "f1-score": 0.875,
        "support": 8
    },
    "printer": {
        "precision": 0.2857142857142857,
        "recall": 0.4,
        "f1-score": 0.3333333333333333,
        "support": 10
    },
    "projector": {
        "precision": 0.5333333333333333,
        "recall": 0.47058823529411764,
        "f1-score": 0.5,
        "support": 17
    },
    "punchers": {
        "precision": 0.1724137931034483,
        "recall": 0.4166666666666667,
        "f1-score": 0.2439024390243903,
        "support": 12
    },
    "ring_binder": {
        "precision": 0.047619047619047616,
        "recall": 0.2,
        "f1-score": 0.07692307692307693,
        "support": 5
    },
    "ruler": {
        "precision": 0.25,
        "recall": 0.5,
        "f1-score": 0.3333333333333333,
        "support": 2
    },
    "scissors": {
        "precision": 0.9166666666666666,
        "recall": 0.8461538461538461,
        "f1-score": 0.8799999999999999,
        "support": 13
    },
    "speaker": {
        "precision": 0.2608695652173913,
        "recall": 0.2857142857142857,
        "f1-score": 0.2727272727272727,
        "support": 21
    },
    "stapler": {
        "precision": 0.5,
        "recall": 0.375,
        "f1-score": 0.42857142857142855,
        "support": 16
    },
    "tape_dispenser": {
        "precision": 0.6923076923076923,
        "recall": 0.5294117647058824,
        "f1-score": 0.5999999999999999,
        "support": 17
    },
    "trash_can": {
        "precision": 0.3157894736842105,
        "recall": 0.6,
        "f1-score": 0.41379310344827586,
        "support": 10
    },
    "accuracy": 0.5357142857142857,
    "macro avg": {
        "precision": 0.6427242161210109,
        "recall": 0.5870356607505813,
        "f1-score": 0.562042415408147,
        "support": 336
    },
    "weighted avg": {
        "precision": 0.6812157109434717,
        "recall": 0.5357142857142857,
        "f1-score": 0.5414895409840912,
        "support": 336
    }
}