{
    "back_pack": {
        "precision": 1.0,
        "recall": 0.7241379310344828,
        "f1-score": 0.8400000000000001,
        "support": 87
    },
    "bike": {
        "precision": 0.9863013698630136,
        "recall": 0.935064935064935,
        "f1-score": 0.9600000000000001,
        "support": 77
    },
    "bike_helmet": {
        "precision": 0.7159090909090909,
        "recall": 0.9402985074626866,
        "f1-score": 0.8129032258064516,
        "support": 67
    },
    "bookcase": {
        "precision": 0.4772727272727273,
        "recall": 0.8181818181818182,
        "f1-score": 0.6028708133971292,
        "support": 77
    },
    "bottle": {
        "precision": 0.5333333333333333,
        "recall": 0.5161290322580645,
        "f1-score": 0.5245901639344263,
        "support": 31
    },
    "calculator": {
        "precision": 0.717391304347826,
        "recall": 0.7415730337078652,
        "f1-score": 0.729281767955801,
        "support": 89
    },
    "desk_chair": {
        "precision": 0.7872340425531915,
        "recall": 0.8604651162790697,
        "f1-score": 0.8222222222222222,
        "support": 86
    },
    "desk_lamp": {
        "precision": 0.868421052631579,
        "recall": 0.358695652173913,
        "f1-score": 0.5076923076923077,
        "support": 92
    },
    "desktop_computer": {
        "precision": 0.6774193548387096,
        "recall": 0.22826086956521738,
        "f1-score": 0.3414634146341463,
        "support": 92
    },
    "file_cabinet": {
        "precision": 0.5,
        "recall": 0.42105263157894735,
        "f1-score": 0.45714285714285713,
        "support": 76
    },
    "headphones": {
        "precision": 0.7403846153846154,
        "recall": 0.8191489361702128,
        "f1-score": 0.7777777777777779,
        "support": 94
    },
    "keyboard": {
        "precision": 0.8023255813953488,
        "recall": 0.7263157894736842,
        "f1-score": 0.7624309392265194,
        "support": 95
    },
    "laptop_computer": {
        "precision": 0.8068181818181818,
        "recall": 0.7473684210526316,
        "f1-score": 0.7759562841530054,
        "support": 95
    },
    "letter_tray": {
        "precision": 0.6973684210526315,
        "recall": 0.5698924731182796,
        "f1-score": 0.6272189349112426,
        "support": 93
    },
    "mobile_phone": {
        "precision": 0.5602409638554217,
        "recall": 0.9789473684210527,
        "f1-score": 0.7126436781609194,
        "support": 95
    },
    "monitor": {
        "precision": 0.6590909090909091,
        "recall": 0.925531914893617,
        "f1-score": 0.7699115044247788,
        "support": 94
    },
    "mouse": {
        "precision": 0.5967741935483871,
        "recall": 0.7789473684210526,
        "f1-score": 0.6757990867579908,
        "support": 95
    },
    "mug": {
        "precision": 0.8701298701298701,
        "recall": 0.7528089887640449,
        "f1-score": 0.8072289156626504,
        "support": 89
    },
    "paper_notebook": {
        "precision": 0.52,
        "recall": 0.42857142857142855,
        "f1-score": 0.46987951807228917,
        "support": 91
    },
    "pen": {
        "precision": 0.3522727272727273,
        "recall": 0.34444444444444444,
        "f1-score": 0.34831460674157305,
        "support": 90
    },
    "phone": {
        "precision": 0.5833333333333334,
        "recall": 0.7159090909090909,
        "f1-score": 0.6428571428571429,
        "support": 88
    },
    "printer": {
        "precision": 0.7702702702702703,
        "recall": 0.6,
        "f1-score": 0.6745562130177515,
        "support": 95
    },
    "projector": {
        "precision": 0.660377358490566,
        "recall": 0.7526881720430108,
        "f1-score": 0.7035175879396985,
        "support": 93
    },
    "punchers": {
        "precision": 0.35135135135135137,
        "recall": 0.27956989247311825,
        "f1-score": 0.31137724550898205,
        "support": 93
    },
    "ring_binder": {
        "precision": 0.5138888888888888,
        "recall": 0.43529411764705883,
        "f1-score": 0.4713375796178344,
        "support": 85
    },
    "ruler": {
        "precision": 0.36082474226804123,
        "recall": 0.5,
        "f1-score": 0.41916167664670656,
        "support": 70
    },
    "scissors": {
        "precision": 0.5833333333333334,
        "recall": 0.3684210526315789,
        "f1-score": 0.4516129032258065,
        "support": 95
    },
    "speaker": {
        "precision": 0.46464646464646464,
        "recall": 0.48936170212765956,
        "f1-score": 0.47668393782383417,
        "support": 94
    },
    "stapler": {
        "precision": 0.34951456310679613,
        "recall": 0.3829787234042553,
        "f1-score": 0.3654822335025381,
        "support": 94
    },
    "tape_dispenser": {
        "precision": 0.38636363636363635,
        "recall": 0.37362637362637363,
        "f1-score": 0.37988826815642457,
        "support": 91
    },
    "trash_can": {
        "precision": 0.5333333333333333,
        "recall": 0.5423728813559322,
        "f1-score": 0.5378151260504201,
        "support": 59
    },
    "accuracy": 0.6141998497370398,
    "macro avg": {
        "precision": 0.6266427424091476,
        "recall": 0.6147115698985652,
        "f1-score": 0.6051489655813299,
        "support": 2662
    },
    "weighted avg": {
        "precision": 0.6302518821715605,
        "recall": 0.6141998497370398,
        "f1-score": 0.6060316428279666,
        "support": 2662
    }
}