{
    "0": {
        "precision": 0.8013803680981595,
        "recall": 0.9508644222020018,
        "f1-score": 0.8697461506450269,
        "support": 1099
    },
    "1": {
        "precision": 0.6602941176470588,
        "recall": 0.8171064604185623,
        "f1-score": 0.7303782025213502,
        "support": 1099
    },
    "2": {
        "precision": 0.8234750462107209,
        "recall": 0.8107370336669699,
        "f1-score": 0.8170563961485556,
        "support": 1099
    },
    "3": {
        "precision": 0.6049213943950786,
        "recall": 0.805277525022748,
        "f1-score": 0.6908665105386417,
        "support": 1099
    },
    "4": {
        "precision": 0.577724836212031,
        "recall": 0.8826205641492265,
        "f1-score": 0.6983441324694024,
        "support": 1099
    },
    "5": {
        "precision": 0.6139240506329114,
        "recall": 0.26478616924476794,
        "f1-score": 0.3699936427209154,
        "support": 1099
    },
    "6": {
        "precision": 0.7907801418439716,
        "recall": 0.8116469517743403,
        "f1-score": 0.8010776829815895,
        "support": 1099
    },
    "7": {
        "precision": 0.8413793103448276,
        "recall": 0.3330300272975432,
        "f1-score": 0.47718383311603657,
        "support": 1099
    },
    "8": {
        "precision": 0.48006509357200977,
        "recall": 0.5368516833484986,
        "f1-score": 0.506872852233677,
        "support": 1099
    },
    "9": {
        "precision": 0.6016746411483254,
        "recall": 0.45768880800727935,
        "f1-score": 0.5198966408268733,
        "support": 1099
    },
    "accuracy": 0.6670609645131939,
    "macro avg": {
        "precision": 0.6795619000105095,
        "recall": 0.6670609645131937,
        "f1-score": 0.6481416044202069,
        "support": 10990
    },
    "weighted avg": {
        "precision": 0.6795619000105094,
        "recall": 0.6670609645131939,
        "f1-score": 0.6481416044202067,
        "support": 10990
    }
}