{
    "back_pack": {
        "precision": 1.0,
        "recall": 1.0,
        "f1-score": 1.0,
        "support": 24
    },
    "bike": {
        "precision": 1.0,
        "recall": 1.0,
        "f1-score": 1.0,
        "support": 16
    },
    "bike_helmet": {
        "precision": 1.0,
        "recall": 0.8695652173913043,
        "f1-score": 0.9302325581395349,
        "support": 23
    },
    "bookcase": {
        "precision": 1.0,
        "recall": 1.0,
        "f1-score": 1.0,
        "support": 7
    },
    "bottle": {
        "precision": 1.0,
        "recall": 0.8181818181818182,
        "f1-score": 0.9,
        "support": 11
    },
    "calculator": {
        "precision": 0.75,
        "recall": 0.9230769230769231,
        "f1-score": 0.8275862068965517,
        "support": 26
    },
    "desk_chair": {
        "precision": 1.0,
        "recall": 1.0,
        "f1-score": 1.0,
        "support": 35
    },
    "desk_lamp": {
        "precision": 0.6111111111111112,
        "recall": 0.8461538461538461,
        "f1-score": 0.7096774193548387,
        "support": 13
    },
    "desktop_computer": {
        "precision": 0.6923076923076923,
        "recall": 0.5625,
        "f1-score": 0.6206896551724138,
        "support": 16
    },
    "file_cabinet": {
        "precision": 0.875,
        "recall": 1.0,
        "f1-score": 0.9333333333333333,
        "support": 14
    },
    "headphones": {
        "precision": 0.8461538461538461,
        "recall": 1.0,
        "f1-score": 0.9166666666666666,
        "support": 22
    },
    "keyboard": {
        "precision": 0.9,
        "recall": 0.8181818181818182,
        "f1-score": 0.8571428571428572,
        "support": 22
    },
    "laptop_computer": {
        "precision": 0.71875,
        "recall": 0.92,
        "f1-score": 0.8070175438596492,
        "support": 25
    },
    "letter_tray": {
        "precision": 0.631578947368421,
        "recall": 0.8571428571428571,
        "f1-score": 0.7272727272727273,
        "support": 14
    },
    "mobile_phone": {
        "precision": 0.9166666666666666,
        "recall": 0.44,
        "f1-score": 0.5945945945945945,
        "support": 25
    },
    "monitor": {
        "precision": 0.9615384615384616,
        "recall": 0.6578947368421053,
        "f1-score": 0.78125,
        "support": 38
    },
    "mouse": {
        "precision": 0.8333333333333334,
        "recall": 1.0,
        "f1-score": 0.9090909090909091,
        "support": 25
    },
    "mug": {
        "precision": 0.9,
        "recall": 0.8181818181818182,
        "f1-score": 0.8571428571428572,
        "support": 22
    },
    "paper_notebook": {
        "precision": 0.9565217391304348,
        "recall": 0.9565217391304348,
        "f1-score": 0.9565217391304348,
        "support": 23
    },
    "pen": {
        "precision": 1.0,
        "recall": 0.9629629629629629,
        "f1-score": 0.9811320754716981,
        "support": 27
    },
    "phone": {
        "precision": 1.0,
        "recall": 0.9090909090909091,
        "f1-score": 0.9523809523809523,
        "support": 11
    },
    "printer": {
        "precision": 0.6190476190476191,
        "recall": 0.8666666666666667,
        "f1-score": 0.7222222222222222,
        "support": 15
    },
    "projector": {
        "precision": 0.5555555555555556,
        "recall": 0.8,
        "f1-score": 0.6557377049180328,
        "support": 25
    },
    "punchers": {
        "precision": 0.782608695652174,
        "recall": 0.8181818181818182,
        "f1-score": 0.8,
        "support": 22
    },
    "ring_binder": {
        "precision": 0.8787878787878788,
        "recall": 0.8285714285714286,
        "f1-score": 0.8529411764705883,
        "support": 35
    },
    "ruler": {
        "precision": 0.8333333333333334,
        "recall": 0.8333333333333334,
        "f1-score": 0.8333333333333334,
        "support": 6
    },
    "scissors": {
        "precision": 1.0,
        "recall": 1.0,
        "f1-score": 1.0,
        "support": 20
    },
    "speaker": {
        "precision": 0.88,
        "recall": 0.88,
        "f1-score": 0.88,
        "support": 25
    },
    "stapler": {
        "precision": 0.8888888888888888,
        "recall": 0.42105263157894735,
        "f1-score": 0.5714285714285714,
        "support": 19
    },
    "tape_dispenser": {
        "precision": 0.7272727272727273,
        "recall": 0.8888888888888888,
        "f1-score": 0.7999999999999999,
        "support": 18
    },
    "trash_can": {
        "precision": 0.9090909090909091,
        "recall": 0.625,
        "f1-score": 0.7407407407407406,
        "support": 16
    },
    "accuracy": 0.846875,
    "macro avg": {
        "precision": 0.8602434646851307,
        "recall": 0.849069335921222,
        "f1-score": 0.8425205111214035,
        "support": 640
    },
    "weighted avg": {
        "precision": 0.8668138932814857,
        "recall": 0.846875,
        "f1-score": 0.844233457694739,
        "support": 640
    }
}