{
    "back_pack": {
        "precision": 0.8888888888888888,
        "recall": 1.0,
        "f1-score": 0.9411764705882353,
        "support": 24
    },
    "bike": {
        "precision": 1.0,
        "recall": 1.0,
        "f1-score": 1.0,
        "support": 16
    },
    "bike_helmet": {
        "precision": 0.9166666666666666,
        "recall": 0.9565217391304348,
        "f1-score": 0.9361702127659574,
        "support": 23
    },
    "bookcase": {
        "precision": 1.0,
        "recall": 0.8571428571428571,
        "f1-score": 0.923076923076923,
        "support": 7
    },
    "bottle": {
        "precision": 0.7857142857142857,
        "recall": 1.0,
        "f1-score": 0.88,
        "support": 11
    },
    "calculator": {
        "precision": 0.8214285714285714,
        "recall": 0.8846153846153846,
        "f1-score": 0.8518518518518519,
        "support": 26
    },
    "desk_chair": {
        "precision": 1.0,
        "recall": 0.9714285714285714,
        "f1-score": 0.9855072463768115,
        "support": 35
    },
    "desk_lamp": {
        "precision": 1.0,
        "recall": 1.0,
        "f1-score": 1.0,
        "support": 13
    },
    "desktop_computer": {
        "precision": 0.5217391304347826,
        "recall": 0.75,
        "f1-score": 0.6153846153846153,
        "support": 16
    },
    "file_cabinet": {
        "precision": 1.0,
        "recall": 0.7857142857142857,
        "f1-score": 0.88,
        "support": 14
    },
    "headphones": {
        "precision": 0.9545454545454546,
        "recall": 0.9545454545454546,
        "f1-score": 0.9545454545454546,
        "support": 22
    },
    "keyboard": {
        "precision": 1.0,
        "recall": 0.5,
        "f1-score": 0.6666666666666666,
        "support": 22
    },
    "laptop_computer": {
        "precision": 1.0,
        "recall": 0.68,
        "f1-score": 0.8095238095238095,
        "support": 25
    },
    "letter_tray": {
        "precision": 0.7272727272727273,
        "recall": 0.5714285714285714,
        "f1-score": 0.64,
        "support": 14
    },
    "mobile_phone": {
        "precision": 0.6363636363636364,
        "recall": 0.56,
        "f1-score": 0.5957446808510639,
        "support": 25
    },
    "monitor": {
        "precision": 0.925,
        "recall": 0.9736842105263158,
        "f1-score": 0.9487179487179489,
        "support": 38
    },
    "mouse": {
        "precision": 0.9,
        "recall": 0.72,
        "f1-score": 0.7999999999999999,
        "support": 25
    },
    "mug": {
        "precision": 0.7333333333333333,
        "recall": 1.0,
        "f1-score": 0.846153846153846,
        "support": 22
    },
    "paper_notebook": {
        "precision": 0.72,
        "recall": 0.782608695652174,
        "f1-score": 0.7499999999999999,
        "support": 23
    },
    "pen": {
        "precision": 0.8275862068965517,
        "recall": 0.8888888888888888,
        "f1-score": 0.8571428571428572,
        "support": 27
    },
    "phone": {
        "precision": 0.9166666666666666,
        "recall": 1.0,
        "f1-score": 0.9565217391304348,
        "support": 11
    },
    "printer": {
        "precision": 0.56,
        "recall": 0.9333333333333333,
        "f1-score": 0.7000000000000001,
        "support": 15
    },
    "projector": {
        "precision": 0.8,
        "recall": 0.48,
        "f1-score": 0.6,
        "support": 25
    },
    "punchers": {
        "precision": 0.7142857142857143,
        "recall": 0.22727272727272727,
        "f1-score": 0.3448275862068965,
        "support": 22
    },
    "ring_binder": {
        "precision": 0.7317073170731707,
        "recall": 0.8571428571428571,
        "f1-score": 0.7894736842105263,
        "support": 35
    },
    "ruler": {
        "precision": 0.26666666666666666,
        "recall": 0.6666666666666666,
        "f1-score": 0.3809523809523809,
        "support": 6
    },
    "scissors": {
        "precision": 0.8421052631578947,
        "recall": 0.8,
        "f1-score": 0.8205128205128205,
        "support": 20
    },
    "speaker": {
        "precision": 1.0,
        "recall": 0.4,
        "f1-score": 0.5714285714285715,
        "support": 25
    },
    "stapler": {
        "precision": 0.5217391304347826,
        "recall": 0.631578947368421,
        "f1-score": 0.5714285714285715,
        "support": 19
    },
    "tape_dispenser": {
        "precision": 0.48484848484848486,
        "recall": 0.8888888888888888,
        "f1-score": 0.6274509803921569,
        "support": 18
    },
    "trash_can": {
        "precision": 0.7058823529411765,
        "recall": 0.75,
        "f1-score": 0.7272727272727272,
        "support": 16
    },
    "accuracy": 0.7875,
    "macro avg": {
        "precision": 0.8033045321812726,
        "recall": 0.7894020025724463,
        "f1-score": 0.7732752143606816,
        "support": 640
    },
    "weighted avg": {
        "precision": 0.8214491828515671,
        "recall": 0.7875,
        "f1-score": 0.7826491892170797,
        "support": 640
    }
}