{
    "back_pack": {
        "precision": 0.5384615384615384,
        "recall": 1.0,
        "f1-score": 0.7000000000000001,
        "support": 7
    },
    "bike": {
        "precision": 1.0,
        "recall": 0.9375,
        "f1-score": 0.967741935483871,
        "support": 16
    },
    "bike_helmet": {
        "precision": 1.0,
        "recall": 0.7894736842105263,
        "f1-score": 0.8823529411764706,
        "support": 19
    },
    "bookcase": {
        "precision": 0.6666666666666666,
        "recall": 0.2857142857142857,
        "f1-score": 0.4,
        "support": 7
    },
    "bottle": {
        "precision": 1.0,
        "recall": 1.0,
        "f1-score": 1.0,
        "support": 11
    },
    "calculator": {
        "precision": 0.6666666666666666,
        "recall": 0.2857142857142857,
        "f1-score": 0.4,
        "support": 7
    },
    "desk_chair": {
        "precision": 0.8571428571428571,
        "recall": 0.75,
        "f1-score": 0.7999999999999999,
        "support": 8
    },
    "desk_lamp": {
        "precision": 0.7272727272727273,
        "recall": 0.8888888888888888,
        "f1-score": 0.7999999999999999,
        "support": 9
    },
    "desktop_computer": {
        "precision": 0.0,
        "recall": 0.0,
        "f1-score": 0.0,
        "support": 10
    },
    "file_cabinet": {
        "precision": 0.4375,
        "recall": 0.7,
        "f1-score": 0.5384615384615384,
        "support": 10
    },
    "headphones": {
        "precision": 1.0,
        "recall": 0.5,
        "f1-score": 0.6666666666666666,
        "support": 8
    },
    "keyboard": {
        "precision": 0.45454545454545453,
        "recall": 1.0,
        "f1-score": 0.625,
        "support": 5
    },
    "laptop_computer": {
        "precision": 1.0,
        "recall": 0.3684210526315789,
        "f1-score": 0.5384615384615384,
        "support": 19
    },
    "letter_tray": {
        "precision": 0.29411764705882354,
        "recall": 0.9090909090909091,
        "f1-score": 0.4444444444444445,
        "support": 11
    },
    "mobile_phone": {
        "precision": 1.0,
        "recall": 0.11538461538461539,
        "f1-score": 0.20689655172413793,
        "support": 26
    },
    "monitor": {
        "precision": 1.0,
        "recall": 0.35294117647058826,
        "f1-score": 0.5217391304347826,
        "support": 17
    },
    "mouse": {
        "precision": 0.5384615384615384,
        "recall": 1.0,
        "f1-score": 0.7000000000000001,
        "support": 7
    },
    "mug": {
        "precision": 0.5,
        "recall": 0.6666666666666666,
        "f1-score": 0.5714285714285715,
        "support": 3
    },
    "paper_notebook": {
        "precision": 0.3333333333333333,
        "recall": 0.6,
        "f1-score": 0.42857142857142855,
        "support": 5
    },
    "pen": {
        "precision": 0.8333333333333334,
        "recall": 1.0,
        "f1-score": 0.9090909090909091,
        "support": 5
    },
    "phone": {
        "precision": 0.7777777777777778,
        "recall": 0.875,
        "f1-score": 0.823529411764706,
        "support": 8
    },
    "printer": {
        "precision": 0.5555555555555556,
        "recall": 0.5,
        "f1-score": 0.5263157894736842,
        "support": 10
    },
    "projector": {
        "precision": 0.375,
        "recall": 0.5,
        "f1-score": 0.42857142857142855,
        "support": 18
    },
    "punchers": {
        "precision": 0.4375,
        "recall": 0.5384615384615384,
        "f1-score": 0.4827586206896552,
        "support": 13
    },
    "ring_binder": {
        "precision": 0.2,
        "recall": 0.2,
        "f1-score": 0.20000000000000004,
        "support": 5
    },
    "ruler": {
        "precision": 1.0,
        "recall": 1.0,
        "f1-score": 1.0,
        "support": 2
    },
    "scissors": {
        "precision": 0.8125,
        "recall": 1.0,
        "f1-score": 0.896551724137931,
        "support": 13
    },
    "speaker": {
        "precision": 0.3333333333333333,
        "recall": 0.42857142857142855,
        "f1-score": 0.375,
        "support": 21
    },
    "stapler": {
        "precision": 0.875,
        "recall": 0.4375,
        "f1-score": 0.5833333333333334,
        "support": 16
    },
    "tape_dispenser": {
        "precision": 0.6666666666666666,
        "recall": 0.9411764705882353,
        "f1-score": 0.7804878048780487,
        "support": 17
    },
    "trash_can": {
        "precision": 0.45454545454545453,
        "recall": 0.5,
        "f1-score": 0.47619047619047616,
        "support": 10
    },
    "accuracy": 0.6005830903790087,
    "macro avg": {
        "precision": 0.6559800177684427,
        "recall": 0.6474356452385015,
        "f1-score": 0.6023740079026974,
        "support": 343
    },
    "weighted avg": {
        "precision": 0.6943070339786169,
        "recall": 0.6005830903790087,
        "f1-score": 0.5819180781824542,
        "support": 343
    }
}