{
    "back_pack": {
        "precision": 1.0,
        "recall": 1.0,
        "f1-score": 1.0,
        "support": 24
    },
    "bike": {
        "precision": 1.0,
        "recall": 1.0,
        "f1-score": 1.0,
        "support": 16
    },
    "bike_helmet": {
        "precision": 1.0,
        "recall": 0.7391304347826086,
        "f1-score": 0.85,
        "support": 23
    },
    "bookcase": {
        "precision": 0.875,
        "recall": 1.0,
        "f1-score": 0.9333333333333333,
        "support": 7
    },
    "bottle": {
        "precision": 0.8461538461538461,
        "recall": 1.0,
        "f1-score": 0.9166666666666666,
        "support": 11
    },
    "calculator": {
        "precision": 0.7666666666666667,
        "recall": 0.8846153846153846,
        "f1-score": 0.8214285714285715,
        "support": 26
    },
    "desk_chair": {
        "precision": 1.0,
        "recall": 0.9714285714285714,
        "f1-score": 0.9855072463768115,
        "support": 35
    },
    "desk_lamp": {
        "precision": 1.0,
        "recall": 0.6153846153846154,
        "f1-score": 0.761904761904762,
        "support": 13
    },
    "desktop_computer": {
        "precision": 0.5416666666666666,
        "recall": 0.8125,
        "f1-score": 0.65,
        "support": 16
    },
    "file_cabinet": {
        "precision": 0.8125,
        "recall": 0.9285714285714286,
        "f1-score": 0.8666666666666666,
        "support": 14
    },
    "headphones": {
        "precision": 0.9545454545454546,
        "recall": 0.9545454545454546,
        "f1-score": 0.9545454545454546,
        "support": 22
    },
    "keyboard": {
        "precision": 1.0,
        "recall": 0.45454545454545453,
        "f1-score": 0.625,
        "support": 22
    },
    "laptop_computer": {
        "precision": 1.0,
        "recall": 0.68,
        "f1-score": 0.8095238095238095,
        "support": 25
    },
    "letter_tray": {
        "precision": 1.0,
        "recall": 0.2857142857142857,
        "f1-score": 0.4444444444444445,
        "support": 14
    },
    "mobile_phone": {
        "precision": 0.5294117647058824,
        "recall": 0.36,
        "f1-score": 0.42857142857142855,
        "support": 25
    },
    "monitor": {
        "precision": 0.8780487804878049,
        "recall": 0.9473684210526315,
        "f1-score": 0.9113924050632912,
        "support": 38
    },
    "mouse": {
        "precision": 0.8181818181818182,
        "recall": 0.72,
        "f1-score": 0.7659574468085107,
        "support": 25
    },
    "mug": {
        "precision": 0.8461538461538461,
        "recall": 1.0,
        "f1-score": 0.9166666666666666,
        "support": 22
    },
    "paper_notebook": {
        "precision": 0.8125,
        "recall": 0.5652173913043478,
        "f1-score": 0.6666666666666667,
        "support": 23
    },
    "pen": {
        "precision": 0.6052631578947368,
        "recall": 0.8518518518518519,
        "f1-score": 0.7076923076923076,
        "support": 27
    },
    "phone": {
        "precision": 0.6470588235294118,
        "recall": 1.0,
        "f1-score": 0.7857142857142858,
        "support": 11
    },
    "printer": {
        "precision": 0.5,
        "recall": 0.8666666666666667,
        "f1-score": 0.6341463414634146,
        "support": 15
    },
    "projector": {
        "precision": 0.8333333333333334,
        "recall": 0.4,
        "f1-score": 0.5405405405405406,
        "support": 25
    },
    "punchers": {
        "precision": 0.5,
        "recall": 0.09090909090909091,
        "f1-score": 0.15384615384615385,
        "support": 22
    },
    "ring_binder": {
        "precision": 0.6153846153846154,
        "recall": 0.9142857142857143,
        "f1-score": 0.7356321839080461,
        "support": 35
    },
    "ruler": {
        "precision": 0.25,
        "recall": 0.6666666666666666,
        "f1-score": 0.36363636363636365,
        "support": 6
    },
    "scissors": {
        "precision": 0.8125,
        "recall": 0.65,
        "f1-score": 0.7222222222222223,
        "support": 20
    },
    "speaker": {
        "precision": 0.7647058823529411,
        "recall": 0.52,
        "f1-score": 0.6190476190476191,
        "support": 25
    },
    "stapler": {
        "precision": 0.45454545454545453,
        "recall": 0.5263157894736842,
        "f1-score": 0.4878048780487805,
        "support": 19
    },
    "tape_dispenser": {
        "precision": 0.37777777777777777,
        "recall": 0.9444444444444444,
        "f1-score": 0.5396825396825397,
        "support": 18
    },
    "trash_can": {
        "precision": 1.0,
        "recall": 0.625,
        "f1-score": 0.7692307692307693,
        "support": 16
    },
    "accuracy": 0.740625,
    "macro avg": {
        "precision": 0.7755289641412985,
        "recall": 0.7411342472981581,
        "f1-score": 0.721531347538714,
        "support": 640
    },
    "weighted avg": {
        "precision": 0.7896903563168274,
        "recall": 0.740625,
        "f1-score": 0.7327528638079428,
        "support": 640
    }
}