{
    "back_pack": {
        "precision": 0.9833333333333333,
        "recall": 0.6781609195402298,
        "f1-score": 0.802721088435374,
        "support": 87
    },
    "bike": {
        "precision": 0.9058823529411765,
        "recall": 1.0,
        "f1-score": 0.9506172839506173,
        "support": 77
    },
    "bike_helmet": {
        "precision": 0.9230769230769231,
        "recall": 0.7164179104477612,
        "f1-score": 0.8067226890756303,
        "support": 67
    },
    "bookcase": {
        "precision": 0.42207792207792205,
        "recall": 0.8441558441558441,
        "f1-score": 0.5627705627705627,
        "support": 77
    },
    "bottle": {
        "precision": 0.4318181818181818,
        "recall": 0.6129032258064516,
        "f1-score": 0.5066666666666667,
        "support": 31
    },
    "calculator": {
        "precision": 0.675,
        "recall": 0.9101123595505618,
        "f1-score": 0.7751196172248804,
        "support": 89
    },
    "desk_chair": {
        "precision": 0.7934782608695652,
        "recall": 0.8488372093023255,
        "f1-score": 0.8202247191011235,
        "support": 86
    },
    "desk_lamp": {
        "precision": 0.6923076923076923,
        "recall": 0.4891304347826087,
        "f1-score": 0.5732484076433121,
        "support": 92
    },
    "desktop_computer": {
        "precision": 0.3023255813953488,
        "recall": 0.14130434782608695,
        "f1-score": 0.1925925925925926,
        "support": 92
    },
    "file_cabinet": {
        "precision": 0.6290322580645161,
        "recall": 0.5131578947368421,
        "f1-score": 0.5652173913043479,
        "support": 76
    },
    "headphones": {
        "precision": 0.8444444444444444,
        "recall": 0.8085106382978723,
        "f1-score": 0.8260869565217391,
        "support": 94
    },
    "keyboard": {
        "precision": 0.8315789473684211,
        "recall": 0.8315789473684211,
        "f1-score": 0.8315789473684211,
        "support": 95
    },
    "laptop_computer": {
        "precision": 0.7614678899082569,
        "recall": 0.8736842105263158,
        "f1-score": 0.8137254901960783,
        "support": 95
    },
    "letter_tray": {
        "precision": 0.5428571428571428,
        "recall": 0.40860215053763443,
        "f1-score": 0.46625766871165647,
        "support": 93
    },
    "mobile_phone": {
        "precision": 0.7981651376146789,
        "recall": 0.9157894736842105,
        "f1-score": 0.8529411764705882,
        "support": 95
    },
    "monitor": {
        "precision": 0.68,
        "recall": 0.9042553191489362,
        "f1-score": 0.776255707762557,
        "support": 94
    },
    "mouse": {
        "precision": 0.6837606837606838,
        "recall": 0.8421052631578947,
        "f1-score": 0.7547169811320755,
        "support": 95
    },
    "mug": {
        "precision": 0.8309859154929577,
        "recall": 0.6629213483146067,
        "f1-score": 0.7374999999999999,
        "support": 89
    },
    "paper_notebook": {
        "precision": 0.4819277108433735,
        "recall": 0.43956043956043955,
        "f1-score": 0.45977011494252873,
        "support": 91
    },
    "pen": {
        "precision": 0.5352112676056338,
        "recall": 0.4222222222222222,
        "f1-score": 0.4720496894409938,
        "support": 90
    },
    "phone": {
        "precision": 0.8529411764705882,
        "recall": 0.6590909090909091,
        "f1-score": 0.7435897435897436,
        "support": 88
    },
    "printer": {
        "precision": 0.7654320987654321,
        "recall": 0.6526315789473685,
        "f1-score": 0.7045454545454545,
        "support": 95
    },
    "projector": {
        "precision": 0.8,
        "recall": 0.6451612903225806,
        "f1-score": 0.7142857142857142,
        "support": 93
    },
    "punchers": {
        "precision": 0.20588235294117646,
        "recall": 0.15053763440860216,
        "f1-score": 0.17391304347826086,
        "support": 93
    },
    "ring_binder": {
        "precision": 0.38461538461538464,
        "recall": 0.23529411764705882,
        "f1-score": 0.291970802919708,
        "support": 85
    },
    "ruler": {
        "precision": 0.5185185185185185,
        "recall": 0.6,
        "f1-score": 0.5562913907284768,
        "support": 70
    },
    "scissors": {
        "precision": 0.37606837606837606,
        "recall": 0.4631578947368421,
        "f1-score": 0.41509433962264153,
        "support": 95
    },
    "speaker": {
        "precision": 0.5180722891566265,
        "recall": 0.4574468085106383,
        "f1-score": 0.4858757062146893,
        "support": 94
    },
    "stapler": {
        "precision": 0.46601941747572817,
        "recall": 0.5106382978723404,
        "f1-score": 0.4873096446700507,
        "support": 94
    },
    "tape_dispenser": {
        "precision": 0.3076923076923077,
        "recall": 0.5274725274725275,
        "f1-score": 0.38866396761133604,
        "support": 91
    },
    "trash_can": {
        "precision": 0.45901639344262296,
        "recall": 0.4745762711864407,
        "f1-score": 0.4666666666666667,
        "support": 59
    },
    "accuracy": 0.6202103681442525,
    "macro avg": {
        "precision": 0.6259029019653874,
        "recall": 0.6206263706181475,
        "f1-score": 0.6120964588917575,
        "support": 2662
    },
    "weighted avg": {
        "precision": 0.6296671667393802,
        "recall": 0.6202103681442525,
        "f1-score": 0.6140426293268784,
        "support": 2662
    }
}