{
    "back_pack": {
        "precision": 0.5833333333333334,
        "recall": 1.0,
        "f1-score": 0.7368421052631579,
        "support": 7
    },
    "bike": {
        "precision": 1.0,
        "recall": 0.8125,
        "f1-score": 0.896551724137931,
        "support": 16
    },
    "bike_helmet": {
        "precision": 0.9444444444444444,
        "recall": 0.8947368421052632,
        "f1-score": 0.918918918918919,
        "support": 19
    },
    "bookcase": {
        "precision": 0.8,
        "recall": 0.5714285714285714,
        "f1-score": 0.6666666666666666,
        "support": 7
    },
    "bottle": {
        "precision": 1.0,
        "recall": 1.0,
        "f1-score": 1.0,
        "support": 11
    },
    "calculator": {
        "precision": 0.8,
        "recall": 0.5714285714285714,
        "f1-score": 0.6666666666666666,
        "support": 7
    },
    "desk_chair": {
        "precision": 1.0,
        "recall": 1.0,
        "f1-score": 1.0,
        "support": 8
    },
    "desk_lamp": {
        "precision": 0.8333333333333334,
        "recall": 0.5555555555555556,
        "f1-score": 0.6666666666666667,
        "support": 9
    },
    "desktop_computer": {
        "precision": 0.0,
        "recall": 0.0,
        "f1-score": 0.0,
        "support": 10
    },
    "file_cabinet": {
        "precision": 0.35,
        "recall": 0.7,
        "f1-score": 0.4666666666666667,
        "support": 10
    },
    "headphones": {
        "precision": 1.0,
        "recall": 0.625,
        "f1-score": 0.7692307692307693,
        "support": 8
    },
    "keyboard": {
        "precision": 0.5714285714285714,
        "recall": 0.8,
        "f1-score": 0.6666666666666666,
        "support": 5
    },
    "laptop_computer": {
        "precision": 1.0,
        "recall": 0.3157894736842105,
        "f1-score": 0.4799999999999999,
        "support": 19
    },
    "letter_tray": {
        "precision": 0.24324324324324326,
        "recall": 0.8181818181818182,
        "f1-score": 0.375,
        "support": 11
    },
    "mobile_phone": {
        "precision": 1.0,
        "recall": 0.07692307692307693,
        "f1-score": 0.14285714285714288,
        "support": 26
    },
    "monitor": {
        "precision": 1.0,
        "recall": 0.35294117647058826,
        "f1-score": 0.5217391304347826,
        "support": 17
    },
    "mouse": {
        "precision": 0.75,
        "recall": 0.8571428571428571,
        "f1-score": 0.7999999999999999,
        "support": 7
    },
    "mug": {
        "precision": 1.0,
        "recall": 1.0,
        "f1-score": 1.0,
        "support": 3
    },
    "paper_notebook": {
        "precision": 0.3076923076923077,
        "recall": 0.8,
        "f1-score": 0.4444444444444444,
        "support": 5
    },
    "pen": {
        "precision": 0.8,
        "recall": 0.8,
        "f1-score": 0.8000000000000002,
        "support": 5
    },
    "phone": {
        "precision": 0.8571428571428571,
        "recall": 0.75,
        "f1-score": 0.7999999999999999,
        "support": 8
    },
    "printer": {
        "precision": 0.2857142857142857,
        "recall": 0.4,
        "f1-score": 0.3333333333333333,
        "support": 10
    },
    "projector": {
        "precision": 0.42105263157894735,
        "recall": 0.4444444444444444,
        "f1-score": 0.43243243243243246,
        "support": 18
    },
    "punchers": {
        "precision": 0.35,
        "recall": 0.5384615384615384,
        "f1-score": 0.4242424242424242,
        "support": 13
    },
    "ring_binder": {
        "precision": 0.14285714285714285,
        "recall": 0.2,
        "f1-score": 0.16666666666666666,
        "support": 5
    },
    "ruler": {
        "precision": 0.6666666666666666,
        "recall": 1.0,
        "f1-score": 0.8,
        "support": 2
    },
    "scissors": {
        "precision": 0.8666666666666667,
        "recall": 1.0,
        "f1-score": 0.9285714285714286,
        "support": 13
    },
    "speaker": {
        "precision": 0.3076923076923077,
        "recall": 0.19047619047619047,
        "f1-score": 0.23529411764705882,
        "support": 21
    },
    "stapler": {
        "precision": 0.4666666666666667,
        "recall": 0.4375,
        "f1-score": 0.45161290322580644,
        "support": 16
    },
    "tape_dispenser": {
        "precision": 0.75,
        "recall": 0.7058823529411765,
        "f1-score": 0.7272727272727272,
        "support": 17
    },
    "trash_can": {
        "precision": 0.29411764705882354,
        "recall": 0.5,
        "f1-score": 0.37037037037037035,
        "support": 10
    },
    "accuracy": 0.565597667638484,
    "macro avg": {
        "precision": 0.657808132436116,
        "recall": 0.6360771764272214,
        "f1-score": 0.602861741044604,
        "support": 343
    },
    "weighted avg": {
        "precision": 0.6802506071278243,
        "recall": 0.565597667638484,
        "f1-score": 0.5593929677847199,
        "support": 343
    }
}