{
    "back_pack": {
        "precision": 0.875,
        "recall": 1.0,
        "f1-score": 0.9333333333333333,
        "support": 7
    },
    "bike": {
        "precision": 1.0,
        "recall": 1.0,
        "f1-score": 1.0,
        "support": 16
    },
    "bike_helmet": {
        "precision": 0.9473684210526315,
        "recall": 0.9473684210526315,
        "f1-score": 0.9473684210526315,
        "support": 19
    },
    "bookcase": {
        "precision": 0.35714285714285715,
        "recall": 0.7142857142857143,
        "f1-score": 0.4761904761904762,
        "support": 7
    },
    "bottle": {
        "precision": 0.7333333333333333,
        "recall": 1.0,
        "f1-score": 0.846153846153846,
        "support": 11
    },
    "calculator": {
        "precision": 0.5555555555555556,
        "recall": 0.7142857142857143,
        "f1-score": 0.6250000000000001,
        "support": 7
    },
    "desk_chair": {
        "precision": 0.8888888888888888,
        "recall": 1.0,
        "f1-score": 0.9411764705882353,
        "support": 8
    },
    "desk_lamp": {
        "precision": 1.0,
        "recall": 0.5555555555555556,
        "f1-score": 0.7142857142857143,
        "support": 9
    },
    "desktop_computer": {
        "precision": 0.7142857142857143,
        "recall": 0.5,
        "f1-score": 0.588235294117647,
        "support": 10
    },
    "file_cabinet": {
        "precision": 1.0,
        "recall": 0.4,
        "f1-score": 0.5714285714285715,
        "support": 10
    },
    "headphones": {
        "precision": 1.0,
        "recall": 0.875,
        "f1-score": 0.9333333333333333,
        "support": 8
    },
    "keyboard": {
        "precision": 0.75,
        "recall": 0.6,
        "f1-score": 0.6666666666666665,
        "support": 5
    },
    "laptop_computer": {
        "precision": 0.7777777777777778,
        "recall": 0.7368421052631579,
        "f1-score": 0.7567567567567567,
        "support": 19
    },
    "letter_tray": {
        "precision": 0.75,
        "recall": 0.2727272727272727,
        "f1-score": 0.39999999999999997,
        "support": 11
    },
    "mobile_phone": {
        "precision": 0.65,
        "recall": 0.5,
        "f1-score": 0.5652173913043479,
        "support": 26
    },
    "monitor": {
        "precision": 0.85,
        "recall": 1.0,
        "f1-score": 0.9189189189189189,
        "support": 17
    },
    "mouse": {
        "precision": 1.0,
        "recall": 0.8571428571428571,
        "f1-score": 0.923076923076923,
        "support": 7
    },
    "mug": {
        "precision": 1.0,
        "recall": 1.0,
        "f1-score": 1.0,
        "support": 3
    },
    "paper_notebook": {
        "precision": 0.3333333333333333,
        "recall": 1.0,
        "f1-score": 0.5,
        "support": 5
    },
    "pen": {
        "precision": 0.5555555555555556,
        "recall": 1.0,
        "f1-score": 0.7142857142857143,
        "support": 5
    },
    "phone": {
        "precision": 0.6666666666666666,
        "recall": 1.0,
        "f1-score": 0.8,
        "support": 8
    },
    "printer": {
        "precision": 0.6666666666666666,
        "recall": 0.8,
        "f1-score": 0.7272727272727272,
        "support": 10
    },
    "projector": {
        "precision": 0.6086956521739131,
        "recall": 0.7777777777777778,
        "f1-score": 0.6829268292682927,
        "support": 18
    },
    "punchers": {
        "precision": 0.9,
        "recall": 0.6923076923076923,
        "f1-score": 0.7826086956521738,
        "support": 13
    },
    "ring_binder": {
        "precision": 0.6666666666666666,
        "recall": 0.8,
        "f1-score": 0.7272727272727272,
        "support": 5
    },
    "ruler": {
        "precision": 1.0,
        "recall": 0.5,
        "f1-score": 0.6666666666666666,
        "support": 2
    },
    "scissors": {
        "precision": 1.0,
        "recall": 0.7692307692307693,
        "f1-score": 0.8695652173913044,
        "support": 13
    },
    "speaker": {
        "precision": 1.0,
        "recall": 0.8095238095238095,
        "f1-score": 0.8947368421052632,
        "support": 21
    },
    "stapler": {
        "precision": 0.45454545454545453,
        "recall": 0.3125,
        "f1-score": 0.3703703703703703,
        "support": 16
    },
    "tape_dispenser": {
        "precision": 0.6,
        "recall": 0.7058823529411765,
        "f1-score": 0.6486486486486486,
        "support": 17
    },
    "trash_can": {
        "precision": 0.6666666666666666,
        "recall": 0.6,
        "f1-score": 0.631578947368421,
        "support": 10
    },
    "accuracy": 0.7405247813411079,
    "macro avg": {
        "precision": 0.7731661035584415,
        "recall": 0.7561429045836817,
        "f1-score": 0.7362282420487004,
        "support": 343
    },
    "weighted avg": {
        "precision": 0.7770728718472413,
        "recall": 0.7405247813411079,
        "f1-score": 0.7376215282205394,
        "support": 343
    }
}