{
    "back_pack": {
        "precision": 0.7102803738317757,
        "recall": 0.8735632183908046,
        "f1-score": 0.7835051546391752,
        "support": 87
    },
    "bike": {
        "precision": 0.7857142857142857,
        "recall": 1.0,
        "f1-score": 0.88,
        "support": 77
    },
    "bike_helmet": {
        "precision": 0.4634146341463415,
        "recall": 0.8507462686567164,
        "f1-score": 0.6000000000000001,
        "support": 67
    },
    "bookcase": {
        "precision": 0.5161290322580645,
        "recall": 0.8311688311688312,
        "f1-score": 0.6368159203980099,
        "support": 77
    },
    "bottle": {
        "precision": 0.38636363636363635,
        "recall": 0.5483870967741935,
        "f1-score": 0.4533333333333333,
        "support": 31
    },
    "calculator": {
        "precision": 0.9130434782608695,
        "recall": 0.7078651685393258,
        "f1-score": 0.7974683544303798,
        "support": 89
    },
    "desk_chair": {
        "precision": 0.8674698795180723,
        "recall": 0.8372093023255814,
        "f1-score": 0.8520710059171598,
        "support": 86
    },
    "desk_lamp": {
        "precision": 0.9117647058823529,
        "recall": 0.33695652173913043,
        "f1-score": 0.49206349206349204,
        "support": 92
    },
    "desktop_computer": {
        "precision": 0.7045454545454546,
        "recall": 0.33695652173913043,
        "f1-score": 0.4558823529411765,
        "support": 92
    },
    "file_cabinet": {
        "precision": 0.2535211267605634,
        "recall": 0.47368421052631576,
        "f1-score": 0.33027522935779813,
        "support": 76
    },
    "headphones": {
        "precision": 0.7745098039215687,
        "recall": 0.8404255319148937,
        "f1-score": 0.806122448979592,
        "support": 94
    },
    "keyboard": {
        "precision": 0.6062992125984252,
        "recall": 0.8105263157894737,
        "f1-score": 0.6936936936936936,
        "support": 95
    },
    "laptop_computer": {
        "precision": 0.4853801169590643,
        "recall": 0.8736842105263158,
        "f1-score": 0.6240601503759398,
        "support": 95
    },
    "letter_tray": {
        "precision": 0.72,
        "recall": 0.5806451612903226,
        "f1-score": 0.6428571428571428,
        "support": 93
    },
    "mobile_phone": {
        "precision": 0.8090909090909091,
        "recall": 0.9368421052631579,
        "f1-score": 0.8682926829268293,
        "support": 95
    },
    "monitor": {
        "precision": 0.8207547169811321,
        "recall": 0.925531914893617,
        "f1-score": 0.8700000000000001,
        "support": 94
    },
    "mouse": {
        "precision": 0.4864864864864865,
        "recall": 0.5684210526315789,
        "f1-score": 0.5242718446601943,
        "support": 95
    },
    "mug": {
        "precision": 0.6944444444444444,
        "recall": 0.5617977528089888,
        "f1-score": 0.6211180124223603,
        "support": 89
    },
    "paper_notebook": {
        "precision": 0.620253164556962,
        "recall": 0.5384615384615384,
        "f1-score": 0.5764705882352941,
        "support": 91
    },
    "pen": {
        "precision": 0.6557377049180327,
        "recall": 0.4444444444444444,
        "f1-score": 0.5298013245033112,
        "support": 90
    },
    "phone": {
        "precision": 0.7236842105263158,
        "recall": 0.625,
        "f1-score": 0.6707317073170731,
        "support": 88
    },
    "printer": {
        "precision": 0.5310344827586206,
        "recall": 0.8105263157894737,
        "f1-score": 0.6416666666666667,
        "support": 95
    },
    "projector": {
        "precision": 0.5354330708661418,
        "recall": 0.7311827956989247,
        "f1-score": 0.6181818181818182,
        "support": 93
    },
    "punchers": {
        "precision": 0.6,
        "recall": 0.12903225806451613,
        "f1-score": 0.21238938053097342,
        "support": 93
    },
    "ring_binder": {
        "precision": 0.3761467889908257,
        "recall": 0.4823529411764706,
        "f1-score": 0.4226804123711341,
        "support": 85
    },
    "ruler": {
        "precision": 0.5263157894736842,
        "recall": 0.5714285714285714,
        "f1-score": 0.547945205479452,
        "support": 70
    },
    "scissors": {
        "precision": 0.5636363636363636,
        "recall": 0.3263157894736842,
        "f1-score": 0.41333333333333333,
        "support": 95
    },
    "speaker": {
        "precision": 0.65,
        "recall": 0.2765957446808511,
        "f1-score": 0.3880597014925373,
        "support": 94
    },
    "stapler": {
        "precision": 0.62,
        "recall": 0.32978723404255317,
        "f1-score": 0.4305555555555555,
        "support": 94
    },
    "tape_dispenser": {
        "precision": 0.4444444444444444,
        "recall": 0.26373626373626374,
        "f1-score": 0.33103448275862074,
        "support": 91
    },
    "trash_can": {
        "precision": 0.6071428571428571,
        "recall": 0.288135593220339,
        "f1-score": 0.39080459770114945,
        "support": 59
    },
    "accuracy": 0.6040570999248686,
    "macro avg": {
        "precision": 0.624614231454119,
        "recall": 0.6035938927482583,
        "f1-score": 0.5840479223588129,
        "support": 2662
    },
    "weighted avg": {
        "precision": 0.6339581944073693,
        "recall": 0.6040570999248686,
        "f1-score": 0.5886279876172394,
        "support": 2662
    }
}