{
    "back_pack": {
        "precision": 0.8571428571428571,
        "recall": 1.0,
        "f1-score": 0.923076923076923,
        "support": 24
    },
    "bike": {
        "precision": 1.0,
        "recall": 1.0,
        "f1-score": 1.0,
        "support": 16
    },
    "bike_helmet": {
        "precision": 1.0,
        "recall": 0.9565217391304348,
        "f1-score": 0.9777777777777777,
        "support": 23
    },
    "bookcase": {
        "precision": 1.0,
        "recall": 0.7142857142857143,
        "f1-score": 0.8333333333333333,
        "support": 7
    },
    "bottle": {
        "precision": 0.7333333333333333,
        "recall": 1.0,
        "f1-score": 0.846153846153846,
        "support": 11
    },
    "calculator": {
        "precision": 0.8620689655172413,
        "recall": 0.9615384615384616,
        "f1-score": 0.9090909090909091,
        "support": 26
    },
    "desk_chair": {
        "precision": 1.0,
        "recall": 0.9142857142857143,
        "f1-score": 0.955223880597015,
        "support": 35
    },
    "desk_lamp": {
        "precision": 0.8666666666666667,
        "recall": 1.0,
        "f1-score": 0.9285714285714286,
        "support": 13
    },
    "desktop_computer": {
        "precision": 0.8125,
        "recall": 0.8125,
        "f1-score": 0.8125,
        "support": 16
    },
    "file_cabinet": {
        "precision": 1.0,
        "recall": 0.9285714285714286,
        "f1-score": 0.962962962962963,
        "support": 14
    },
    "headphones": {
        "precision": 0.9565217391304348,
        "recall": 1.0,
        "f1-score": 0.9777777777777777,
        "support": 22
    },
    "keyboard": {
        "precision": 0.9230769230769231,
        "recall": 0.5454545454545454,
        "f1-score": 0.6857142857142856,
        "support": 22
    },
    "laptop_computer": {
        "precision": 1.0,
        "recall": 0.68,
        "f1-score": 0.8095238095238095,
        "support": 25
    },
    "letter_tray": {
        "precision": 0.5294117647058824,
        "recall": 0.6428571428571429,
        "f1-score": 0.5806451612903226,
        "support": 14
    },
    "mobile_phone": {
        "precision": 1.0,
        "recall": 0.32,
        "f1-score": 0.48484848484848486,
        "support": 25
    },
    "monitor": {
        "precision": 0.9473684210526315,
        "recall": 0.9473684210526315,
        "f1-score": 0.9473684210526315,
        "support": 38
    },
    "mouse": {
        "precision": 0.95,
        "recall": 0.76,
        "f1-score": 0.8444444444444444,
        "support": 25
    },
    "mug": {
        "precision": 0.8461538461538461,
        "recall": 1.0,
        "f1-score": 0.9166666666666666,
        "support": 22
    },
    "paper_notebook": {
        "precision": 0.75,
        "recall": 0.9130434782608695,
        "f1-score": 0.8235294117647057,
        "support": 23
    },
    "pen": {
        "precision": 0.7931034482758621,
        "recall": 0.8518518518518519,
        "f1-score": 0.8214285714285715,
        "support": 27
    },
    "phone": {
        "precision": 0.9166666666666666,
        "recall": 1.0,
        "f1-score": 0.9565217391304348,
        "support": 11
    },
    "printer": {
        "precision": 0.5833333333333334,
        "recall": 0.9333333333333333,
        "f1-score": 0.7179487179487181,
        "support": 15
    },
    "projector": {
        "precision": 0.55,
        "recall": 0.44,
        "f1-score": 0.48888888888888893,
        "support": 25
    },
    "punchers": {
        "precision": 0.42857142857142855,
        "recall": 0.4090909090909091,
        "f1-score": 0.4186046511627907,
        "support": 22
    },
    "ring_binder": {
        "precision": 0.5862068965517241,
        "recall": 0.9714285714285714,
        "f1-score": 0.7311827956989247,
        "support": 35
    },
    "ruler": {
        "precision": 0.2777777777777778,
        "recall": 0.8333333333333334,
        "f1-score": 0.4166666666666667,
        "support": 6
    },
    "scissors": {
        "precision": 1.0,
        "recall": 0.85,
        "f1-score": 0.9189189189189189,
        "support": 20
    },
    "speaker": {
        "precision": 0.7857142857142857,
        "recall": 0.44,
        "f1-score": 0.5641025641025641,
        "support": 25
    },
    "stapler": {
        "precision": 0.47368421052631576,
        "recall": 0.47368421052631576,
        "f1-score": 0.47368421052631576,
        "support": 19
    },
    "tape_dispenser": {
        "precision": 0.6111111111111112,
        "recall": 0.6111111111111112,
        "f1-score": 0.6111111111111112,
        "support": 18
    },
    "trash_can": {
        "precision": 1.0,
        "recall": 0.5625,
        "f1-score": 0.72,
        "support": 16
    },
    "accuracy": 0.7875,
    "macro avg": {
        "precision": 0.8077552798486555,
        "recall": 0.7894438698745926,
        "f1-score": 0.7760731729106849,
        "support": 640
    },
    "weighted avg": {
        "precision": 0.8217958405503534,
        "recall": 0.7875,
        "f1-score": 0.7839115557233416,
        "support": 640
    }
}