{
    "back_pack": {
        "precision": 0.8625,
        "recall": 0.7931034482758621,
        "f1-score": 0.8263473053892216,
        "support": 87
    },
    "bike": {
        "precision": 0.9036144578313253,
        "recall": 0.974025974025974,
        "f1-score": 0.9375,
        "support": 77
    },
    "bike_helmet": {
        "precision": 0.5727272727272728,
        "recall": 0.9402985074626866,
        "f1-score": 0.711864406779661,
        "support": 67
    },
    "bookcase": {
        "precision": 0.2807017543859649,
        "recall": 0.6233766233766234,
        "f1-score": 0.3870967741935484,
        "support": 77
    },
    "bottle": {
        "precision": 0.3269230769230769,
        "recall": 0.5483870967741935,
        "f1-score": 0.4096385542168675,
        "support": 31
    },
    "calculator": {
        "precision": 0.6,
        "recall": 0.9101123595505618,
        "f1-score": 0.7232142857142857,
        "support": 89
    },
    "desk_chair": {
        "precision": 0.7446808510638298,
        "recall": 0.813953488372093,
        "f1-score": 0.7777777777777778,
        "support": 86
    },
    "desk_lamp": {
        "precision": 0.5573770491803278,
        "recall": 0.3695652173913043,
        "f1-score": 0.4444444444444444,
        "support": 92
    },
    "desktop_computer": {
        "precision": 0.0,
        "recall": 0.0,
        "f1-score": 0.0,
        "support": 92
    },
    "file_cabinet": {
        "precision": 0.37142857142857144,
        "recall": 0.34210526315789475,
        "f1-score": 0.35616438356164387,
        "support": 76
    },
    "headphones": {
        "precision": 0.7764705882352941,
        "recall": 0.7021276595744681,
        "f1-score": 0.7374301675977653,
        "support": 94
    },
    "keyboard": {
        "precision": 0.6916666666666667,
        "recall": 0.8736842105263158,
        "f1-score": 0.772093023255814,
        "support": 95
    },
    "laptop_computer": {
        "precision": 0.46706586826347307,
        "recall": 0.8210526315789474,
        "f1-score": 0.5954198473282443,
        "support": 95
    },
    "letter_tray": {
        "precision": 0.3684210526315789,
        "recall": 0.3010752688172043,
        "f1-score": 0.3313609467455621,
        "support": 93
    },
    "mobile_phone": {
        "precision": 0.35658914728682173,
        "recall": 0.4842105263157895,
        "f1-score": 0.41071428571428575,
        "support": 95
    },
    "monitor": {
        "precision": 0.6260869565217392,
        "recall": 0.7659574468085106,
        "f1-score": 0.6889952153110047,
        "support": 94
    },
    "mouse": {
        "precision": 0.6635514018691588,
        "recall": 0.7473684210526316,
        "f1-score": 0.7029702970297029,
        "support": 95
    },
    "mug": {
        "precision": 0.8095238095238095,
        "recall": 0.19101123595505617,
        "f1-score": 0.3090909090909091,
        "support": 89
    },
    "paper_notebook": {
        "precision": 0.35,
        "recall": 0.07692307692307693,
        "f1-score": 0.12612612612612614,
        "support": 91
    },
    "pen": {
        "precision": 0.6086956521739131,
        "recall": 0.4666666666666667,
        "f1-score": 0.5283018867924527,
        "support": 90
    },
    "phone": {
        "precision": 0.7777777777777778,
        "recall": 0.23863636363636365,
        "f1-score": 0.3652173913043478,
        "support": 88
    },
    "printer": {
        "precision": 0.5227272727272727,
        "recall": 0.24210526315789474,
        "f1-score": 0.33093525179856115,
        "support": 95
    },
    "projector": {
        "precision": 0.3422818791946309,
        "recall": 0.5483870967741935,
        "f1-score": 0.4214876033057851,
        "support": 93
    },
    "punchers": {
        "precision": 0.35,
        "recall": 0.15053763440860216,
        "f1-score": 0.2105263157894737,
        "support": 93
    },
    "ring_binder": {
        "precision": 0.2037037037037037,
        "recall": 0.12941176470588237,
        "f1-score": 0.15827338129496404,
        "support": 85
    },
    "ruler": {
        "precision": 0.75,
        "recall": 0.34285714285714286,
        "f1-score": 0.47058823529411753,
        "support": 70
    },
    "scissors": {
        "precision": 0.43157894736842106,
        "recall": 0.43157894736842106,
        "f1-score": 0.4315789473684211,
        "support": 95
    },
    "speaker": {
        "precision": 0.14893617021276595,
        "recall": 0.22340425531914893,
        "f1-score": 0.17872340425531916,
        "support": 94
    },
    "stapler": {
        "precision": 0.29365079365079366,
        "recall": 0.39361702127659576,
        "f1-score": 0.33636363636363636,
        "support": 94
    },
    "tape_dispenser": {
        "precision": 0.272,
        "recall": 0.37362637362637363,
        "f1-score": 0.3148148148148148,
        "support": 91
    },
    "trash_can": {
        "precision": 0.34615384615384615,
        "recall": 0.3050847457627119,
        "f1-score": 0.32432432432432434,
        "support": 59
    },
    "accuracy": 0.4838467317806161,
    "macro avg": {
        "precision": 0.49602692153232375,
        "recall": 0.4878790881128771,
        "f1-score": 0.4619156110639704,
        "support": 2662
    },
    "weighted avg": {
        "precision": 0.49719855688797066,
        "recall": 0.4838467317806161,
        "f1-score": 0.4607781454140516,
        "support": 2662
    }
}