{
    "0": {
        "precision": 0.8156892612338157,
        "recall": 0.9745222929936306,
        "f1-score": 0.8880597014925373,
        "support": 1099
    },
    "1": {
        "precision": 0.5729032258064516,
        "recall": 0.8080072793448589,
        "f1-score": 0.6704416761041901,
        "support": 1099
    },
    "2": {
        "precision": 0.7962466487935657,
        "recall": 0.8107370336669699,
        "f1-score": 0.8034265103697024,
        "support": 1099
    },
    "3": {
        "precision": 0.8448660714285714,
        "recall": 0.6888080072793449,
        "f1-score": 0.7588972431077695,
        "support": 1099
    },
    "4": {
        "precision": 0.48496796451453916,
        "recall": 0.8953594176524113,
        "f1-score": 0.6291560102301791,
        "support": 1099
    },
    "5": {
        "precision": 0.651392632524708,
        "recall": 0.6596906278434941,
        "f1-score": 0.6555153707052441,
        "support": 1099
    },
    "6": {
        "precision": 0.8352490421455939,
        "recall": 0.7934485896269335,
        "f1-score": 0.813812412505833,
        "support": 1099
    },
    "7": {
        "precision": 0.51165371809101,
        "recall": 0.4194722474977252,
        "f1-score": 0.461,
        "support": 1099
    },
    "8": {
        "precision": 0.8640275387263339,
        "recall": 0.456778889899909,
        "f1-score": 0.5976190476190476,
        "support": 1099
    },
    "9": {
        "precision": 0.4797297297297297,
        "recall": 0.19381255686988172,
        "f1-score": 0.2760855476344783,
        "support": 1099
    },
    "accuracy": 0.6700636942675159,
    "macro avg": {
        "precision": 0.6856725832994319,
        "recall": 0.670063694267516,
        "f1-score": 0.6554013519768981,
        "support": 10990
    },
    "weighted avg": {
        "precision": 0.6856725832994318,
        "recall": 0.6700636942675159,
        "f1-score": 0.6554013519768982,
        "support": 10990
    }
}