{
    "back_pack": {
        "precision": 0.96,
        "recall": 1.0,
        "f1-score": 0.9795918367346939,
        "support": 24
    },
    "bike": {
        "precision": 0.9411764705882353,
        "recall": 1.0,
        "f1-score": 0.9696969696969697,
        "support": 16
    },
    "bike_helmet": {
        "precision": 1.0,
        "recall": 1.0,
        "f1-score": 1.0,
        "support": 23
    },
    "bookcase": {
        "precision": 0.5384615384615384,
        "recall": 1.0,
        "f1-score": 0.7000000000000001,
        "support": 7
    },
    "bottle": {
        "precision": 0.9166666666666666,
        "recall": 1.0,
        "f1-score": 0.9565217391304348,
        "support": 11
    },
    "calculator": {
        "precision": 0.6857142857142857,
        "recall": 0.9230769230769231,
        "f1-score": 0.7868852459016394,
        "support": 26
    },
    "desk_chair": {
        "precision": 0.9714285714285714,
        "recall": 0.9714285714285714,
        "f1-score": 0.9714285714285714,
        "support": 35
    },
    "desk_lamp": {
        "precision": 1.0,
        "recall": 0.6923076923076923,
        "f1-score": 0.8181818181818181,
        "support": 13
    },
    "desktop_computer": {
        "precision": 0.5714285714285714,
        "recall": 0.75,
        "f1-score": 0.6486486486486486,
        "support": 16
    },
    "file_cabinet": {
        "precision": 1.0,
        "recall": 0.9285714285714286,
        "f1-score": 0.962962962962963,
        "support": 14
    },
    "headphones": {
        "precision": 0.875,
        "recall": 0.9545454545454546,
        "f1-score": 0.9130434782608695,
        "support": 22
    },
    "keyboard": {
        "precision": 0.9444444444444444,
        "recall": 0.7727272727272727,
        "f1-score": 0.85,
        "support": 22
    },
    "laptop_computer": {
        "precision": 1.0,
        "recall": 0.72,
        "f1-score": 0.8372093023255813,
        "support": 25
    },
    "letter_tray": {
        "precision": 0.8571428571428571,
        "recall": 0.8571428571428571,
        "f1-score": 0.8571428571428571,
        "support": 14
    },
    "mobile_phone": {
        "precision": 0.65,
        "recall": 0.52,
        "f1-score": 0.5777777777777778,
        "support": 25
    },
    "monitor": {
        "precision": 0.7708333333333334,
        "recall": 0.9736842105263158,
        "f1-score": 0.8604651162790697,
        "support": 38
    },
    "mouse": {
        "precision": 0.8,
        "recall": 0.64,
        "f1-score": 0.7111111111111111,
        "support": 25
    },
    "mug": {
        "precision": 1.0,
        "recall": 1.0,
        "f1-score": 1.0,
        "support": 22
    },
    "paper_notebook": {
        "precision": 0.7419354838709677,
        "recall": 1.0,
        "f1-score": 0.8518518518518519,
        "support": 23
    },
    "pen": {
        "precision": 0.5666666666666667,
        "recall": 0.6296296296296297,
        "f1-score": 0.5964912280701755,
        "support": 27
    },
    "phone": {
        "precision": 1.0,
        "recall": 0.8181818181818182,
        "f1-score": 0.9,
        "support": 11
    },
    "printer": {
        "precision": 0.6,
        "recall": 1.0,
        "f1-score": 0.7499999999999999,
        "support": 15
    },
    "projector": {
        "precision": 0.7142857142857143,
        "recall": 0.4,
        "f1-score": 0.5128205128205129,
        "support": 25
    },
    "punchers": {
        "precision": 0.6428571428571429,
        "recall": 0.4090909090909091,
        "f1-score": 0.5000000000000001,
        "support": 22
    },
    "ring_binder": {
        "precision": 0.8695652173913043,
        "recall": 0.5714285714285714,
        "f1-score": 0.689655172413793,
        "support": 35
    },
    "ruler": {
        "precision": 0.15384615384615385,
        "recall": 0.3333333333333333,
        "f1-score": 0.21052631578947367,
        "support": 6
    },
    "scissors": {
        "precision": 1.0,
        "recall": 0.35,
        "f1-score": 0.5185185185185185,
        "support": 20
    },
    "speaker": {
        "precision": 0.8181818181818182,
        "recall": 0.72,
        "f1-score": 0.7659574468085107,
        "support": 25
    },
    "stapler": {
        "precision": 0.75,
        "recall": 0.631578947368421,
        "f1-score": 0.6857142857142857,
        "support": 19
    },
    "tape_dispenser": {
        "precision": 0.42105263157894735,
        "recall": 0.8888888888888888,
        "f1-score": 0.5714285714285714,
        "support": 18
    },
    "trash_can": {
        "precision": 1.0,
        "recall": 0.6875,
        "f1-score": 0.8148148148148148,
        "support": 16
    },
    "accuracy": 0.778125,
    "macro avg": {
        "precision": 0.7987318570286199,
        "recall": 0.7788102099434867,
        "f1-score": 0.7667240694778553,
        "support": 640
    },
    "weighted avg": {
        "precision": 0.8148408267681564,
        "recall": 0.778125,
        "f1-score": 0.7765304798901815,
        "support": 640
    }
}