{
    "back_pack": {
        "precision": 1.0,
        "recall": 1.0,
        "f1-score": 1.0,
        "support": 24
    },
    "bike": {
        "precision": 1.0,
        "recall": 1.0,
        "f1-score": 1.0,
        "support": 16
    },
    "bike_helmet": {
        "precision": 1.0,
        "recall": 0.9130434782608695,
        "f1-score": 0.9545454545454545,
        "support": 23
    },
    "bookcase": {
        "precision": 1.0,
        "recall": 1.0,
        "f1-score": 1.0,
        "support": 7
    },
    "bottle": {
        "precision": 1.0,
        "recall": 1.0,
        "f1-score": 1.0,
        "support": 11
    },
    "calculator": {
        "precision": 0.8666666666666667,
        "recall": 1.0,
        "f1-score": 0.9285714285714286,
        "support": 26
    },
    "desk_chair": {
        "precision": 1.0,
        "recall": 1.0,
        "f1-score": 1.0,
        "support": 35
    },
    "desk_lamp": {
        "precision": 1.0,
        "recall": 0.9230769230769231,
        "f1-score": 0.9600000000000001,
        "support": 13
    },
    "desktop_computer": {
        "precision": 0.8888888888888888,
        "recall": 1.0,
        "f1-score": 0.9411764705882353,
        "support": 16
    },
    "file_cabinet": {
        "precision": 1.0,
        "recall": 1.0,
        "f1-score": 1.0,
        "support": 14
    },
    "headphones": {
        "precision": 0.9565217391304348,
        "recall": 1.0,
        "f1-score": 0.9777777777777777,
        "support": 22
    },
    "keyboard": {
        "precision": 1.0,
        "recall": 0.8636363636363636,
        "f1-score": 0.9268292682926829,
        "support": 22
    },
    "laptop_computer": {
        "precision": 1.0,
        "recall": 0.96,
        "f1-score": 0.9795918367346939,
        "support": 25
    },
    "letter_tray": {
        "precision": 1.0,
        "recall": 0.9285714285714286,
        "f1-score": 0.962962962962963,
        "support": 14
    },
    "mobile_phone": {
        "precision": 0.85,
        "recall": 0.68,
        "f1-score": 0.7555555555555556,
        "support": 25
    },
    "monitor": {
        "precision": 0.9230769230769231,
        "recall": 0.9473684210526315,
        "f1-score": 0.935064935064935,
        "support": 38
    },
    "mouse": {
        "precision": 0.8620689655172413,
        "recall": 1.0,
        "f1-score": 0.9259259259259259,
        "support": 25
    },
    "mug": {
        "precision": 1.0,
        "recall": 1.0,
        "f1-score": 1.0,
        "support": 22
    },
    "paper_notebook": {
        "precision": 0.8214285714285714,
        "recall": 1.0,
        "f1-score": 0.9019607843137255,
        "support": 23
    },
    "pen": {
        "precision": 0.7105263157894737,
        "recall": 1.0,
        "f1-score": 0.8307692307692308,
        "support": 27
    },
    "phone": {
        "precision": 1.0,
        "recall": 0.9090909090909091,
        "f1-score": 0.9523809523809523,
        "support": 11
    },
    "printer": {
        "precision": 0.8181818181818182,
        "recall": 0.6,
        "f1-score": 0.6923076923076923,
        "support": 15
    },
    "projector": {
        "precision": 0.7,
        "recall": 0.56,
        "f1-score": 0.6222222222222222,
        "support": 25
    },
    "punchers": {
        "precision": 0.875,
        "recall": 0.6363636363636364,
        "f1-score": 0.7368421052631579,
        "support": 22
    },
    "ring_binder": {
        "precision": 0.8648648648648649,
        "recall": 0.9142857142857143,
        "f1-score": 0.888888888888889,
        "support": 35
    },
    "ruler": {
        "precision": 0.7142857142857143,
        "recall": 0.8333333333333334,
        "f1-score": 0.7692307692307692,
        "support": 6
    },
    "scissors": {
        "precision": 0.8823529411764706,
        "recall": 0.75,
        "f1-score": 0.8108108108108107,
        "support": 20
    },
    "speaker": {
        "precision": 0.9523809523809523,
        "recall": 0.8,
        "f1-score": 0.8695652173913043,
        "support": 25
    },
    "stapler": {
        "precision": 0.6666666666666666,
        "recall": 0.9473684210526315,
        "f1-score": 0.782608695652174,
        "support": 19
    },
    "tape_dispenser": {
        "precision": 0.9411764705882353,
        "recall": 0.8888888888888888,
        "f1-score": 0.9142857142857143,
        "support": 18
    },
    "trash_can": {
        "precision": 1.0,
        "recall": 0.875,
        "f1-score": 0.9333333333333333,
        "support": 16
    },
    "accuracy": 0.9015625,
    "macro avg": {
        "precision": 0.9127124999562235,
        "recall": 0.90096862960043,
        "f1-score": 0.9017163881570849,
        "support": 640
    },
    "weighted avg": {
        "precision": 0.9084341973429252,
        "recall": 0.9015625,
        "f1-score": 0.8997234404643992,
        "support": 640
    }
}