{
    "back_pack": {
        "precision": 0.7,
        "recall": 1.0,
        "f1-score": 0.8235294117647058,
        "support": 7
    },
    "bike": {
        "precision": 1.0,
        "recall": 1.0,
        "f1-score": 1.0,
        "support": 16
    },
    "bike_helmet": {
        "precision": 1.0,
        "recall": 0.8421052631578947,
        "f1-score": 0.9142857142857143,
        "support": 19
    },
    "bookcase": {
        "precision": 1.0,
        "recall": 0.7142857142857143,
        "f1-score": 0.8333333333333333,
        "support": 7
    },
    "bottle": {
        "precision": 1.0,
        "recall": 1.0,
        "f1-score": 1.0,
        "support": 11
    },
    "calculator": {
        "precision": 0.7142857142857143,
        "recall": 0.7142857142857143,
        "f1-score": 0.7142857142857143,
        "support": 7
    },
    "desk_chair": {
        "precision": 1.0,
        "recall": 1.0,
        "f1-score": 1.0,
        "support": 8
    },
    "desk_lamp": {
        "precision": 0.8181818181818182,
        "recall": 1.0,
        "f1-score": 0.9,
        "support": 9
    },
    "desktop_computer": {
        "precision": 0.5454545454545454,
        "recall": 0.6,
        "f1-score": 0.5714285714285713,
        "support": 10
    },
    "file_cabinet": {
        "precision": 0.47058823529411764,
        "recall": 0.8,
        "f1-score": 0.5925925925925927,
        "support": 10
    },
    "headphones": {
        "precision": 0.8888888888888888,
        "recall": 1.0,
        "f1-score": 0.9411764705882353,
        "support": 8
    },
    "keyboard": {
        "precision": 0.625,
        "recall": 1.0,
        "f1-score": 0.7692307692307693,
        "support": 5
    },
    "laptop_computer": {
        "precision": 0.9230769230769231,
        "recall": 0.631578947368421,
        "f1-score": 0.7499999999999999,
        "support": 19
    },
    "letter_tray": {
        "precision": 0.75,
        "recall": 0.8181818181818182,
        "f1-score": 0.7826086956521738,
        "support": 11
    },
    "mobile_phone": {
        "precision": 0.9333333333333333,
        "recall": 0.5384615384615384,
        "f1-score": 0.6829268292682926,
        "support": 26
    },
    "monitor": {
        "precision": 1.0,
        "recall": 0.7058823529411765,
        "f1-score": 0.8275862068965517,
        "support": 17
    },
    "mouse": {
        "precision": 0.5,
        "recall": 0.8571428571428571,
        "f1-score": 0.631578947368421,
        "support": 7
    },
    "mug": {
        "precision": 1.0,
        "recall": 1.0,
        "f1-score": 1.0,
        "support": 3
    },
    "paper_notebook": {
        "precision": 0.38461538461538464,
        "recall": 1.0,
        "f1-score": 0.5555555555555556,
        "support": 5
    },
    "pen": {
        "precision": 0.625,
        "recall": 1.0,
        "f1-score": 0.7692307692307693,
        "support": 5
    },
    "phone": {
        "precision": 1.0,
        "recall": 0.875,
        "f1-score": 0.9333333333333333,
        "support": 8
    },
    "printer": {
        "precision": 0.45454545454545453,
        "recall": 0.5,
        "f1-score": 0.47619047619047616,
        "support": 10
    },
    "projector": {
        "precision": 0.7222222222222222,
        "recall": 0.7222222222222222,
        "f1-score": 0.7222222222222222,
        "support": 18
    },
    "punchers": {
        "precision": 0.875,
        "recall": 0.5384615384615384,
        "f1-score": 0.6666666666666667,
        "support": 13
    },
    "ring_binder": {
        "precision": 0.5,
        "recall": 0.6,
        "f1-score": 0.5454545454545454,
        "support": 5
    },
    "ruler": {
        "precision": 1.0,
        "recall": 0.5,
        "f1-score": 0.6666666666666666,
        "support": 2
    },
    "scissors": {
        "precision": 0.9285714285714286,
        "recall": 1.0,
        "f1-score": 0.962962962962963,
        "support": 13
    },
    "speaker": {
        "precision": 0.68,
        "recall": 0.8095238095238095,
        "f1-score": 0.7391304347826089,
        "support": 21
    },
    "stapler": {
        "precision": 0.5882352941176471,
        "recall": 0.625,
        "f1-score": 0.6060606060606061,
        "support": 16
    },
    "tape_dispenser": {
        "precision": 0.7857142857142857,
        "recall": 0.6470588235294118,
        "f1-score": 0.7096774193548386,
        "support": 17
    },
    "trash_can": {
        "precision": 1.0,
        "recall": 0.5,
        "f1-score": 0.6666666666666666,
        "support": 10
    },
    "accuracy": 0.7638483965014577,
    "macro avg": {
        "precision": 0.7875068880097342,
        "recall": 0.7915867935342619,
        "f1-score": 0.7662703736078387,
        "support": 343
    },
    "weighted avg": {
        "precision": 0.8099246970564069,
        "recall": 0.7638483965014577,
        "f1-score": 0.767458432424355,
        "support": 343
    }
}