{
    "back_pack": {
        "precision": 0.8383838383838383,
        "recall": 0.9540229885057471,
        "f1-score": 0.8924731182795698,
        "support": 87
    },
    "bike": {
        "precision": 0.9375,
        "recall": 0.974025974025974,
        "f1-score": 0.9554140127388535,
        "support": 77
    },
    "bike_helmet": {
        "precision": 0.8028169014084507,
        "recall": 0.8507462686567164,
        "f1-score": 0.8260869565217391,
        "support": 67
    },
    "bookcase": {
        "precision": 0.3626373626373626,
        "recall": 0.8571428571428571,
        "f1-score": 0.5096525096525096,
        "support": 77
    },
    "bottle": {
        "precision": 0.3488372093023256,
        "recall": 0.4838709677419355,
        "f1-score": 0.4054054054054055,
        "support": 31
    },
    "calculator": {
        "precision": 0.9024390243902439,
        "recall": 0.8314606741573034,
        "f1-score": 0.8654970760233918,
        "support": 89
    },
    "desk_chair": {
        "precision": 0.6377952755905512,
        "recall": 0.9418604651162791,
        "f1-score": 0.76056338028169,
        "support": 86
    },
    "desk_lamp": {
        "precision": 0.9574468085106383,
        "recall": 0.4891304347826087,
        "f1-score": 0.6474820143884892,
        "support": 92
    },
    "desktop_computer": {
        "precision": 0.17857142857142858,
        "recall": 0.10869565217391304,
        "f1-score": 0.13513513513513511,
        "support": 92
    },
    "file_cabinet": {
        "precision": 0.8,
        "recall": 0.3684210526315789,
        "f1-score": 0.5045045045045045,
        "support": 76
    },
    "headphones": {
        "precision": 0.8387096774193549,
        "recall": 0.8297872340425532,
        "f1-score": 0.8342245989304814,
        "support": 94
    },
    "keyboard": {
        "precision": 0.75,
        "recall": 0.8526315789473684,
        "f1-score": 0.7980295566502463,
        "support": 95
    },
    "laptop_computer": {
        "precision": 0.6015037593984962,
        "recall": 0.8421052631578947,
        "f1-score": 0.7017543859649121,
        "support": 95
    },
    "letter_tray": {
        "precision": 0.6923076923076923,
        "recall": 0.5806451612903226,
        "f1-score": 0.631578947368421,
        "support": 93
    },
    "mobile_phone": {
        "precision": 0.514792899408284,
        "recall": 0.9157894736842105,
        "f1-score": 0.6590909090909091,
        "support": 95
    },
    "monitor": {
        "precision": 0.8018867924528302,
        "recall": 0.9042553191489362,
        "f1-score": 0.8500000000000001,
        "support": 94
    },
    "mouse": {
        "precision": 0.6356589147286822,
        "recall": 0.8631578947368421,
        "f1-score": 0.7321428571428572,
        "support": 95
    },
    "mug": {
        "precision": 0.8928571428571429,
        "recall": 0.5617977528089888,
        "f1-score": 0.6896551724137933,
        "support": 89
    },
    "paper_notebook": {
        "precision": 0.43333333333333335,
        "recall": 0.5714285714285714,
        "f1-score": 0.49289099526066354,
        "support": 91
    },
    "pen": {
        "precision": 0.4482758620689655,
        "recall": 0.43333333333333335,
        "f1-score": 0.44067796610169496,
        "support": 90
    },
    "phone": {
        "precision": 0.8983050847457628,
        "recall": 0.6022727272727273,
        "f1-score": 0.7210884353741497,
        "support": 88
    },
    "printer": {
        "precision": 0.8571428571428571,
        "recall": 0.4421052631578947,
        "f1-score": 0.5833333333333334,
        "support": 95
    },
    "projector": {
        "precision": 0.7808219178082192,
        "recall": 0.6129032258064516,
        "f1-score": 0.6867469879518072,
        "support": 93
    },
    "punchers": {
        "precision": 0.5757575757575758,
        "recall": 0.20430107526881722,
        "f1-score": 0.30158730158730157,
        "support": 93
    },
    "ring_binder": {
        "precision": 0.4878048780487805,
        "recall": 0.47058823529411764,
        "f1-score": 0.47904191616766467,
        "support": 85
    },
    "ruler": {
        "precision": 0.575,
        "recall": 0.6571428571428571,
        "f1-score": 0.6133333333333333,
        "support": 70
    },
    "scissors": {
        "precision": 0.5606060606060606,
        "recall": 0.3894736842105263,
        "f1-score": 0.45962732919254656,
        "support": 95
    },
    "speaker": {
        "precision": 0.44047619047619047,
        "recall": 0.39361702127659576,
        "f1-score": 0.4157303370786517,
        "support": 94
    },
    "stapler": {
        "precision": 0.4636363636363636,
        "recall": 0.5425531914893617,
        "f1-score": 0.4999999999999999,
        "support": 94
    },
    "tape_dispenser": {
        "precision": 0.4268292682926829,
        "recall": 0.38461538461538464,
        "f1-score": 0.40462427745664736,
        "support": 91
    },
    "trash_can": {
        "precision": 0.46511627906976744,
        "recall": 0.3389830508474576,
        "f1-score": 0.3921568627450981,
        "support": 59
    },
    "accuracy": 0.6232156273478587,
    "macro avg": {
        "precision": 0.6421693676888348,
        "recall": 0.6210601494805201,
        "f1-score": 0.6093396650347033,
        "support": 2662
    },
    "weighted avg": {
        "precision": 0.6485893753743215,
        "recall": 0.6232156273478587,
        "f1-score": 0.613405814639142,
        "support": 2662
    }
}