{
    "0": {
        "precision": 0.9882845188284519,
        "recall": 0.9891122278056952,
        "f1-score": 0.988698200083717,
        "support": 1194
    },
    "1": {
        "precision": 0.962607861936721,
        "recall": 0.9990049751243781,
        "f1-score": 0.98046875,
        "support": 1005
    },
    "2": {
        "precision": 0.9361393323657474,
        "recall": 0.8823529411764706,
        "f1-score": 0.908450704225352,
        "support": 731
    },
    "3": {
        "precision": 0.9455081001472754,
        "recall": 0.9756838905775076,
        "f1-score": 0.9603590127150337,
        "support": 658
    },
    "4": {
        "precision": 0.9644012944983819,
        "recall": 0.9141104294478528,
        "f1-score": 0.9385826771653545,
        "support": 652
    },
    "5": {
        "precision": 0.8954954954954955,
        "recall": 0.8938848920863309,
        "f1-score": 0.8946894689468947,
        "support": 556
    },
    "6": {
        "precision": 0.9418604651162791,
        "recall": 0.9759036144578314,
        "f1-score": 0.9585798816568047,
        "support": 664
    },
    "7": {
        "precision": 0.845108695652174,
        "recall": 0.9643410852713178,
        "f1-score": 0.9007965242577842,
        "support": 645
    },
    "8": {
        "precision": 0.9576427255985267,
        "recall": 0.959409594095941,
        "f1-score": 0.9585253456221197,
        "support": 542
    },
    "9": {
        "precision": 0.9504587155963303,
        "recall": 0.8043478260869565,
        "f1-score": 0.8713204373423044,
        "support": 644
    },
    "accuracy": 0.9426690440268825,
    "macro avg": {
        "precision": 0.9387507205235381,
        "recall": 0.9358151476130283,
        "f1-score": 0.9360471002015365,
        "support": 7291
    },
    "weighted avg": {
        "precision": 0.9439319936556831,
        "recall": 0.9426690440268825,
        "f1-score": 0.9421801657651198,
        "support": 7291
    }
}