{
    "back_pack": {
        "precision": 0.6,
        "recall": 0.8571428571428571,
        "f1-score": 0.7058823529411764,
        "support": 7
    },
    "bike": {
        "precision": 1.0,
        "recall": 0.8125,
        "f1-score": 0.896551724137931,
        "support": 16
    },
    "bike_helmet": {
        "precision": 1.0,
        "recall": 0.7894736842105263,
        "f1-score": 0.8823529411764706,
        "support": 19
    },
    "bookcase": {
        "precision": 0.8,
        "recall": 0.5714285714285714,
        "f1-score": 0.6666666666666666,
        "support": 7
    },
    "bottle": {
        "precision": 1.0,
        "recall": 1.0,
        "f1-score": 1.0,
        "support": 11
    },
    "calculator": {
        "precision": 0.75,
        "recall": 0.42857142857142855,
        "f1-score": 0.5454545454545454,
        "support": 7
    },
    "desk_chair": {
        "precision": 0.7272727272727273,
        "recall": 1.0,
        "f1-score": 0.8421052631578948,
        "support": 8
    },
    "desk_lamp": {
        "precision": 0.75,
        "recall": 0.6666666666666666,
        "f1-score": 0.7058823529411765,
        "support": 9
    },
    "desktop_computer": {
        "precision": 0.0,
        "recall": 0.0,
        "f1-score": 0.0,
        "support": 10
    },
    "file_cabinet": {
        "precision": 0.43478260869565216,
        "recall": 1.0,
        "f1-score": 0.6060606060606061,
        "support": 10
    },
    "headphones": {
        "precision": 1.0,
        "recall": 0.625,
        "f1-score": 0.7692307692307693,
        "support": 8
    },
    "keyboard": {
        "precision": 0.45454545454545453,
        "recall": 1.0,
        "f1-score": 0.625,
        "support": 5
    },
    "laptop_computer": {
        "precision": 1.0,
        "recall": 0.3684210526315789,
        "f1-score": 0.5384615384615384,
        "support": 19
    },
    "letter_tray": {
        "precision": 0.32142857142857145,
        "recall": 0.8181818181818182,
        "f1-score": 0.46153846153846156,
        "support": 11
    },
    "mobile_phone": {
        "precision": 1.0,
        "recall": 0.07692307692307693,
        "f1-score": 0.14285714285714288,
        "support": 26
    },
    "monitor": {
        "precision": 1.0,
        "recall": 0.29411764705882354,
        "f1-score": 0.45454545454545453,
        "support": 17
    },
    "mouse": {
        "precision": 0.5,
        "recall": 0.8571428571428571,
        "f1-score": 0.631578947368421,
        "support": 7
    },
    "mug": {
        "precision": 0.5,
        "recall": 0.6666666666666666,
        "f1-score": 0.5714285714285715,
        "support": 3
    },
    "paper_notebook": {
        "precision": 0.3,
        "recall": 0.6,
        "f1-score": 0.4,
        "support": 5
    },
    "pen": {
        "precision": 1.0,
        "recall": 0.8,
        "f1-score": 0.888888888888889,
        "support": 5
    },
    "phone": {
        "precision": 0.6666666666666666,
        "recall": 1.0,
        "f1-score": 0.8,
        "support": 8
    },
    "printer": {
        "precision": 0.3,
        "recall": 0.3,
        "f1-score": 0.3,
        "support": 10
    },
    "projector": {
        "precision": 0.6470588235294118,
        "recall": 0.6111111111111112,
        "f1-score": 0.6285714285714287,
        "support": 18
    },
    "punchers": {
        "precision": 0.4444444444444444,
        "recall": 0.6153846153846154,
        "f1-score": 0.5161290322580646,
        "support": 13
    },
    "ring_binder": {
        "precision": 0.14285714285714285,
        "recall": 0.2,
        "f1-score": 0.16666666666666666,
        "support": 5
    },
    "ruler": {
        "precision": 1.0,
        "recall": 1.0,
        "f1-score": 1.0,
        "support": 2
    },
    "scissors": {
        "precision": 0.9285714285714286,
        "recall": 1.0,
        "f1-score": 0.962962962962963,
        "support": 13
    },
    "speaker": {
        "precision": 0.35714285714285715,
        "recall": 0.23809523809523808,
        "f1-score": 0.2857142857142857,
        "support": 21
    },
    "stapler": {
        "precision": 0.5,
        "recall": 0.625,
        "f1-score": 0.5555555555555556,
        "support": 16
    },
    "tape_dispenser": {
        "precision": 0.6363636363636364,
        "recall": 0.8235294117647058,
        "f1-score": 0.717948717948718,
        "support": 17
    },
    "trash_can": {
        "precision": 0.375,
        "recall": 0.6,
        "f1-score": 0.4615384615384615,
        "support": 10
    },
    "accuracy": 0.597667638483965,
    "macro avg": {
        "precision": 0.6495527213392901,
        "recall": 0.6530760226767918,
        "f1-score": 0.6041797850990922,
        "support": 343
    },
    "weighted avg": {
        "precision": 0.6877157886359083,
        "recall": 0.597667638483965,
        "f1-score": 0.5766152890805728,
        "support": 343
    }
}