{
    "back_pack": {
        "precision": 1.0,
        "recall": 1.0,
        "f1-score": 1.0,
        "support": 7
    },
    "bike": {
        "precision": 1.0,
        "recall": 1.0,
        "f1-score": 1.0,
        "support": 16
    },
    "bike_helmet": {
        "precision": 1.0,
        "recall": 1.0,
        "f1-score": 1.0,
        "support": 19
    },
    "bookcase": {
        "precision": 1.0,
        "recall": 0.8571428571428571,
        "f1-score": 0.923076923076923,
        "support": 7
    },
    "bottle": {
        "precision": 1.0,
        "recall": 1.0,
        "f1-score": 1.0,
        "support": 11
    },
    "calculator": {
        "precision": 0.7,
        "recall": 1.0,
        "f1-score": 0.8235294117647058,
        "support": 7
    },
    "desk_chair": {
        "precision": 1.0,
        "recall": 1.0,
        "f1-score": 1.0,
        "support": 8
    },
    "desk_lamp": {
        "precision": 0.6428571428571429,
        "recall": 1.0,
        "f1-score": 0.782608695652174,
        "support": 9
    },
    "desktop_computer": {
        "precision": 0.8333333333333334,
        "recall": 1.0,
        "f1-score": 0.9090909090909091,
        "support": 10
    },
    "file_cabinet": {
        "precision": 1.0,
        "recall": 1.0,
        "f1-score": 1.0,
        "support": 10
    },
    "headphones": {
        "precision": 1.0,
        "recall": 1.0,
        "f1-score": 1.0,
        "support": 8
    },
    "keyboard": {
        "precision": 1.0,
        "recall": 1.0,
        "f1-score": 1.0,
        "support": 5
    },
    "laptop_computer": {
        "precision": 0.95,
        "recall": 1.0,
        "f1-score": 0.9743589743589743,
        "support": 19
    },
    "letter_tray": {
        "precision": 0.875,
        "recall": 0.6363636363636364,
        "f1-score": 0.7368421052631579,
        "support": 11
    },
    "mobile_phone": {
        "precision": 0.95,
        "recall": 0.7307692307692307,
        "f1-score": 0.8260869565217392,
        "support": 26
    },
    "monitor": {
        "precision": 1.0,
        "recall": 0.7058823529411765,
        "f1-score": 0.8275862068965517,
        "support": 17
    },
    "mouse": {
        "precision": 0.7777777777777778,
        "recall": 1.0,
        "f1-score": 0.8750000000000001,
        "support": 7
    },
    "mug": {
        "precision": 1.0,
        "recall": 1.0,
        "f1-score": 1.0,
        "support": 3
    },
    "paper_notebook": {
        "precision": 0.7142857142857143,
        "recall": 1.0,
        "f1-score": 0.8333333333333333,
        "support": 5
    },
    "pen": {
        "precision": 1.0,
        "recall": 1.0,
        "f1-score": 1.0,
        "support": 5
    },
    "phone": {
        "precision": 0.7272727272727273,
        "recall": 1.0,
        "f1-score": 0.8421052631578948,
        "support": 8
    },
    "printer": {
        "precision": 0.6666666666666666,
        "recall": 1.0,
        "f1-score": 0.8,
        "support": 10
    },
    "projector": {
        "precision": 0.8947368421052632,
        "recall": 0.9444444444444444,
        "f1-score": 0.918918918918919,
        "support": 18
    },
    "punchers": {
        "precision": 1.0,
        "recall": 0.7692307692307693,
        "f1-score": 0.8695652173913044,
        "support": 13
    },
    "ring_binder": {
        "precision": 0.6666666666666666,
        "recall": 0.4,
        "f1-score": 0.5,
        "support": 5
    },
    "ruler": {
        "precision": 1.0,
        "recall": 1.0,
        "f1-score": 1.0,
        "support": 2
    },
    "scissors": {
        "precision": 1.0,
        "recall": 1.0,
        "f1-score": 1.0,
        "support": 13
    },
    "speaker": {
        "precision": 1.0,
        "recall": 1.0,
        "f1-score": 1.0,
        "support": 21
    },
    "stapler": {
        "precision": 0.8666666666666667,
        "recall": 0.8125,
        "f1-score": 0.8387096774193549,
        "support": 16
    },
    "tape_dispenser": {
        "precision": 0.8666666666666667,
        "recall": 0.7647058823529411,
        "f1-score": 0.8125,
        "support": 17
    },
    "trash_can": {
        "precision": 1.0,
        "recall": 0.9,
        "f1-score": 0.9473684210526316,
        "support": 10
    },
    "accuracy": 0.9067055393586005,
    "macro avg": {
        "precision": 0.907481619493504,
        "recall": 0.9200335217175823,
        "f1-score": 0.9045380972225346,
        "support": 343
    },
    "weighted avg": {
        "precision": 0.9210885294781261,
        "recall": 0.9067055393586005,
        "f1-score": 0.9055535800028723,
        "support": 343
    }
}