{
    "0": {
        "precision": 0.9808970099667774,
        "recall": 0.9891122278056952,
        "f1-score": 0.9849874895746455,
        "support": 1194
    },
    "1": {
        "precision": 0.9768844221105528,
        "recall": 0.9671641791044776,
        "f1-score": 0.972,
        "support": 1005
    },
    "2": {
        "precision": 0.8893333333333333,
        "recall": 0.9124487004103967,
        "f1-score": 0.9007427413909521,
        "support": 731
    },
    "3": {
        "precision": 0.9607535321821036,
        "recall": 0.9300911854103343,
        "f1-score": 0.9451737451737452,
        "support": 658
    },
    "4": {
        "precision": 0.9813874788494078,
        "recall": 0.8895705521472392,
        "f1-score": 0.9332260659694289,
        "support": 652
    },
    "5": {
        "precision": 0.878003696857671,
        "recall": 0.85431654676259,
        "f1-score": 0.8659981768459435,
        "support": 556
    },
    "6": {
        "precision": 0.9243085880640466,
        "recall": 0.9563253012048193,
        "f1-score": 0.9400444115470022,
        "support": 664
    },
    "7": {
        "precision": 0.8401122019635343,
        "recall": 0.9286821705426357,
        "f1-score": 0.882179675994109,
        "support": 645
    },
    "8": {
        "precision": 0.8898305084745762,
        "recall": 0.9686346863468634,
        "f1-score": 0.9275618374558304,
        "support": 542
    },
    "9": {
        "precision": 0.8987993138936535,
        "recall": 0.8136645962732919,
        "f1-score": 0.8541157294213528,
        "support": 644
    },
    "accuracy": 0.9285420381292003,
    "macro avg": {
        "precision": 0.9220310085695657,
        "recall": 0.9210010146008342,
        "f1-score": 0.9206029873373008,
        "support": 7291
    },
    "weighted avg": {
        "precision": 0.9299137598557602,
        "recall": 0.9285420381292003,
        "f1-score": 0.9284385047460526,
        "support": 7291
    }
}