{
    "back_pack": {
        "precision": 0.896551724137931,
        "recall": 0.8764044943820225,
        "f1-score": 0.8863636363636365,
        "support": 89
    },
    "bike": {
        "precision": 0.9506172839506173,
        "recall": 0.9746835443037974,
        "f1-score": 0.9625,
        "support": 79
    },
    "bike_helmet": {
        "precision": 0.8857142857142857,
        "recall": 0.8985507246376812,
        "f1-score": 0.8920863309352518,
        "support": 69
    },
    "bookcase": {
        "precision": 0.5132743362831859,
        "recall": 0.7341772151898734,
        "f1-score": 0.6041666666666667,
        "support": 79
    },
    "bottle": {
        "precision": 0.5806451612903226,
        "recall": 0.5454545454545454,
        "f1-score": 0.5625,
        "support": 33
    },
    "calculator": {
        "precision": 0.6461538461538462,
        "recall": 0.9230769230769231,
        "f1-score": 0.7601809954751132,
        "support": 91
    },
    "desk_chair": {
        "precision": 0.961038961038961,
        "recall": 0.8409090909090909,
        "f1-score": 0.896969696969697,
        "support": 88
    },
    "desk_lamp": {
        "precision": 0.875,
        "recall": 0.5957446808510638,
        "f1-score": 0.7088607594936708,
        "support": 94
    },
    "desktop_computer": {
        "precision": 0.09929078014184398,
        "recall": 0.14893617021276595,
        "f1-score": 0.11914893617021277,
        "support": 94
    },
    "file_cabinet": {
        "precision": 0.42990654205607476,
        "recall": 0.5897435897435898,
        "f1-score": 0.4972972972972974,
        "support": 78
    },
    "headphones": {
        "precision": 0.9101123595505618,
        "recall": 0.84375,
        "f1-score": 0.8756756756756756,
        "support": 96
    },
    "keyboard": {
        "precision": 0.8252427184466019,
        "recall": 0.8762886597938144,
        "f1-score": 0.85,
        "support": 97
    },
    "laptop_computer": {
        "precision": 0.7033898305084746,
        "recall": 0.8556701030927835,
        "f1-score": 0.7720930232558139,
        "support": 97
    },
    "letter_tray": {
        "precision": 0.6116504854368932,
        "recall": 0.6631578947368421,
        "f1-score": 0.6363636363636362,
        "support": 95
    },
    "mobile_phone": {
        "precision": 0.7307692307692307,
        "recall": 0.7835051546391752,
        "f1-score": 0.7562189054726368,
        "support": 97
    },
    "monitor": {
        "precision": 0.7387387387387387,
        "recall": 0.8541666666666666,
        "f1-score": 0.7922705314009663,
        "support": 96
    },
    "mouse": {
        "precision": 0.7572815533980582,
        "recall": 0.8041237113402062,
        "f1-score": 0.78,
        "support": 97
    },
    "mug": {
        "precision": 0.7373737373737373,
        "recall": 0.8021978021978022,
        "f1-score": 0.768421052631579,
        "support": 91
    },
    "paper_notebook": {
        "precision": 0.49640287769784175,
        "recall": 0.7419354838709677,
        "f1-score": 0.5948275862068966,
        "support": 93
    },
    "pen": {
        "precision": 0.6779661016949152,
        "recall": 0.43478260869565216,
        "f1-score": 0.5298013245033112,
        "support": 92
    },
    "phone": {
        "precision": 0.8409090909090909,
        "recall": 0.4111111111111111,
        "f1-score": 0.5522388059701492,
        "support": 90
    },
    "printer": {
        "precision": 0.6372549019607843,
        "recall": 0.6701030927835051,
        "f1-score": 0.6532663316582914,
        "support": 97
    },
    "projector": {
        "precision": 0.6846846846846847,
        "recall": 0.8,
        "f1-score": 0.737864077669903,
        "support": 95
    },
    "punchers": {
        "precision": 0.39215686274509803,
        "recall": 0.42105263157894735,
        "f1-score": 0.4060913705583757,
        "support": 95
    },
    "ring_binder": {
        "precision": 0.44,
        "recall": 0.3793103448275862,
        "f1-score": 0.4074074074074074,
        "support": 87
    },
    "ruler": {
        "precision": 0.8301886792452831,
        "recall": 0.6111111111111112,
        "f1-score": 0.7040000000000001,
        "support": 72
    },
    "scissors": {
        "precision": 0.6538461538461539,
        "recall": 0.35051546391752575,
        "f1-score": 0.4563758389261745,
        "support": 97
    },
    "speaker": {
        "precision": 0.4418604651162791,
        "recall": 0.19791666666666666,
        "f1-score": 0.2733812949640288,
        "support": 96
    },
    "stapler": {
        "precision": 0.35714285714285715,
        "recall": 0.3645833333333333,
        "f1-score": 0.3608247422680413,
        "support": 96
    },
    "tape_dispenser": {
        "precision": 0.532258064516129,
        "recall": 0.3548387096774194,
        "f1-score": 0.42580645161290326,
        "support": 93
    },
    "trash_can": {
        "precision": 0.2641509433962264,
        "recall": 0.22950819672131148,
        "f1-score": 0.2456140350877193,
        "support": 61
    },
    "accuracy": 0.6339941262848752,
    "macro avg": {
        "precision": 0.6484378470304746,
        "recall": 0.6315261201781865,
        "f1-score": 0.6280198842259695,
        "support": 2724
    },
    "weighted avg": {
        "precision": 0.6506781984608535,
        "recall": 0.6339941262848752,
        "f1-score": 0.6299681586075899,
        "support": 2724
    }
}