{
    "back_pack": {
        "precision": 0.875,
        "recall": 1.0,
        "f1-score": 0.9333333333333333,
        "support": 7
    },
    "bike": {
        "precision": 1.0,
        "recall": 1.0,
        "f1-score": 1.0,
        "support": 16
    },
    "bike_helmet": {
        "precision": 1.0,
        "recall": 0.7894736842105263,
        "f1-score": 0.8823529411764706,
        "support": 19
    },
    "bookcase": {
        "precision": 1.0,
        "recall": 0.5714285714285714,
        "f1-score": 0.7272727272727273,
        "support": 7
    },
    "bottle": {
        "precision": 1.0,
        "recall": 1.0,
        "f1-score": 1.0,
        "support": 11
    },
    "calculator": {
        "precision": 0.6666666666666666,
        "recall": 0.8571428571428571,
        "f1-score": 0.75,
        "support": 7
    },
    "desk_chair": {
        "precision": 1.0,
        "recall": 1.0,
        "f1-score": 1.0,
        "support": 8
    },
    "desk_lamp": {
        "precision": 1.0,
        "recall": 1.0,
        "f1-score": 1.0,
        "support": 9
    },
    "desktop_computer": {
        "precision": 0.5,
        "recall": 0.8,
        "f1-score": 0.6153846153846154,
        "support": 10
    },
    "file_cabinet": {
        "precision": 0.8888888888888888,
        "recall": 0.8,
        "f1-score": 0.8421052631578948,
        "support": 10
    },
    "headphones": {
        "precision": 1.0,
        "recall": 1.0,
        "f1-score": 1.0,
        "support": 8
    },
    "keyboard": {
        "precision": 0.5555555555555556,
        "recall": 1.0,
        "f1-score": 0.7142857142857143,
        "support": 5
    },
    "laptop_computer": {
        "precision": 1.0,
        "recall": 0.631578947368421,
        "f1-score": 0.7741935483870968,
        "support": 19
    },
    "letter_tray": {
        "precision": 0.6923076923076923,
        "recall": 0.8181818181818182,
        "f1-score": 0.7500000000000001,
        "support": 11
    },
    "mobile_phone": {
        "precision": 1.0,
        "recall": 0.5769230769230769,
        "f1-score": 0.7317073170731707,
        "support": 26
    },
    "monitor": {
        "precision": 1.0,
        "recall": 0.8235294117647058,
        "f1-score": 0.9032258064516129,
        "support": 17
    },
    "mouse": {
        "precision": 0.6,
        "recall": 0.8571428571428571,
        "f1-score": 0.7058823529411764,
        "support": 7
    },
    "mug": {
        "precision": 1.0,
        "recall": 1.0,
        "f1-score": 1.0,
        "support": 3
    },
    "paper_notebook": {
        "precision": 0.7142857142857143,
        "recall": 1.0,
        "f1-score": 0.8333333333333333,
        "support": 5
    },
    "pen": {
        "precision": 0.6666666666666666,
        "recall": 0.8,
        "f1-score": 0.7272727272727272,
        "support": 5
    },
    "phone": {
        "precision": 1.0,
        "recall": 0.875,
        "f1-score": 0.9333333333333333,
        "support": 8
    },
    "printer": {
        "precision": 0.625,
        "recall": 0.5,
        "f1-score": 0.5555555555555556,
        "support": 10
    },
    "projector": {
        "precision": 0.75,
        "recall": 0.8333333333333334,
        "f1-score": 0.7894736842105262,
        "support": 18
    },
    "punchers": {
        "precision": 1.0,
        "recall": 0.3076923076923077,
        "f1-score": 0.47058823529411764,
        "support": 13
    },
    "ring_binder": {
        "precision": 0.3,
        "recall": 0.6,
        "f1-score": 0.4,
        "support": 5
    },
    "ruler": {
        "precision": 0.2,
        "recall": 0.5,
        "f1-score": 0.28571428571428575,
        "support": 2
    },
    "scissors": {
        "precision": 0.9285714285714286,
        "recall": 1.0,
        "f1-score": 0.962962962962963,
        "support": 13
    },
    "speaker": {
        "precision": 0.9047619047619048,
        "recall": 0.9047619047619048,
        "f1-score": 0.9047619047619048,
        "support": 21
    },
    "stapler": {
        "precision": 0.3783783783783784,
        "recall": 0.875,
        "f1-score": 0.5283018867924528,
        "support": 16
    },
    "tape_dispenser": {
        "precision": 0.8888888888888888,
        "recall": 0.47058823529411764,
        "f1-score": 0.6153846153846153,
        "support": 17
    },
    "trash_can": {
        "precision": 1.0,
        "recall": 0.6,
        "f1-score": 0.7499999999999999,
        "support": 10
    },
    "accuracy": 0.7813411078717201,
    "macro avg": {
        "precision": 0.8108055414507027,
        "recall": 0.7997347421046612,
        "f1-score": 0.7769814885186975,
        "support": 343
    },
    "weighted avg": {
        "precision": 0.8573325760643544,
        "recall": 0.7813411078717201,
        "f1-score": 0.789280175355692,
        "support": 343
    }
}