{
    "0": {
        "precision": 0.823960880195599,
        "recall": 0.7676537585421412,
        "f1-score": 0.7948113207547169,
        "support": 878
    },
    "1": {
        "precision": 0.8121149897330595,
        "recall": 0.7785433070866141,
        "f1-score": 0.7949748743718592,
        "support": 1016
    },
    "2": {
        "precision": 0.7854630715123095,
        "recall": 0.7181136120042872,
        "f1-score": 0.7502799552071667,
        "support": 933
    },
    "3": {
        "precision": 0.7306791569086651,
        "recall": 0.6872246696035242,
        "f1-score": 0.7082860385925086,
        "support": 908
    },
    "4": {
        "precision": 0.8328690807799443,
        "recall": 0.6719101123595506,
        "f1-score": 0.7437810945273633,
        "support": 890
    },
    "5": {
        "precision": 0.7821917808219178,
        "recall": 0.7075588599752168,
        "f1-score": 0.7430058555627846,
        "support": 807
    },
    "6": {
        "precision": 0.8832214765100671,
        "recall": 0.7686915887850467,
        "f1-score": 0.8219862585883823,
        "support": 856
    },
    "7": {
        "precision": 0.7413793103448276,
        "recall": 0.7527352297592997,
        "f1-score": 0.747014115092291,
        "support": 914
    },
    "8": {
        "precision": 0.45241379310344826,
        "recall": 0.7454545454545455,
        "f1-score": 0.5630901287553648,
        "support": 880
    },
    "9": {
        "precision": 0.7293233082706767,
        "recall": 0.7388465723612623,
        "f1-score": 0.7340540540540541,
        "support": 919
    },
    "accuracy": 0.7342517498055772,
    "macro avg": {
        "precision": 0.7573616848180514,
        "recall": 0.7336732255931488,
        "f1-score": 0.7401283695506491,
        "support": 9001
    },
    "weighted avg": {
        "precision": 0.7576217068516378,
        "recall": 0.7342517498055772,
        "f1-score": 0.740667788060178,
        "support": 9001
    }
}