{
    "back_pack": {
        "precision": 0.9696969696969697,
        "recall": 0.735632183908046,
        "f1-score": 0.8366013071895425,
        "support": 87
    },
    "bike": {
        "precision": 0.925,
        "recall": 0.961038961038961,
        "f1-score": 0.9426751592356688,
        "support": 77
    },
    "bike_helmet": {
        "precision": 0.4827586206896552,
        "recall": 0.835820895522388,
        "f1-score": 0.6120218579234973,
        "support": 67
    },
    "bookcase": {
        "precision": 0.29245283018867924,
        "recall": 0.8051948051948052,
        "f1-score": 0.42906574394463665,
        "support": 77
    },
    "bottle": {
        "precision": 0.5172413793103449,
        "recall": 0.4838709677419355,
        "f1-score": 0.5000000000000001,
        "support": 31
    },
    "calculator": {
        "precision": 0.49019607843137253,
        "recall": 0.5617977528089888,
        "f1-score": 0.5235602094240838,
        "support": 89
    },
    "desk_chair": {
        "precision": 0.8690476190476191,
        "recall": 0.8488372093023255,
        "f1-score": 0.8588235294117648,
        "support": 86
    },
    "desk_lamp": {
        "precision": 0.8846153846153846,
        "recall": 0.25,
        "f1-score": 0.3898305084745763,
        "support": 92
    },
    "desktop_computer": {
        "precision": 0.5333333333333333,
        "recall": 0.2608695652173913,
        "f1-score": 0.35036496350364965,
        "support": 92
    },
    "file_cabinet": {
        "precision": 0.3469387755102041,
        "recall": 0.4473684210526316,
        "f1-score": 0.39080459770114945,
        "support": 76
    },
    "headphones": {
        "precision": 0.6967213114754098,
        "recall": 0.9042553191489362,
        "f1-score": 0.7870370370370371,
        "support": 94
    },
    "keyboard": {
        "precision": 0.8243243243243243,
        "recall": 0.6421052631578947,
        "f1-score": 0.7218934911242604,
        "support": 95
    },
    "laptop_computer": {
        "precision": 0.8021978021978022,
        "recall": 0.7684210526315789,
        "f1-score": 0.7849462365591398,
        "support": 95
    },
    "letter_tray": {
        "precision": 0.6179775280898876,
        "recall": 0.5913978494623656,
        "f1-score": 0.6043956043956045,
        "support": 93
    },
    "mobile_phone": {
        "precision": 0.676923076923077,
        "recall": 0.9263157894736842,
        "f1-score": 0.7822222222222223,
        "support": 95
    },
    "monitor": {
        "precision": 0.6692913385826772,
        "recall": 0.9042553191489362,
        "f1-score": 0.7692307692307692,
        "support": 94
    },
    "mouse": {
        "precision": 0.6972477064220184,
        "recall": 0.8,
        "f1-score": 0.7450980392156863,
        "support": 95
    },
    "mug": {
        "precision": 0.9607843137254902,
        "recall": 0.550561797752809,
        "f1-score": 0.7000000000000001,
        "support": 89
    },
    "paper_notebook": {
        "precision": 0.4868421052631579,
        "recall": 0.4065934065934066,
        "f1-score": 0.4431137724550898,
        "support": 91
    },
    "pen": {
        "precision": 0.25806451612903225,
        "recall": 0.26666666666666666,
        "f1-score": 0.26229508196721313,
        "support": 90
    },
    "phone": {
        "precision": 0.9230769230769231,
        "recall": 0.4090909090909091,
        "f1-score": 0.5669291338582677,
        "support": 88
    },
    "printer": {
        "precision": 0.4930555555555556,
        "recall": 0.7473684210526316,
        "f1-score": 0.594142259414226,
        "support": 95
    },
    "projector": {
        "precision": 0.5909090909090909,
        "recall": 0.6989247311827957,
        "f1-score": 0.6403940886699507,
        "support": 93
    },
    "punchers": {
        "precision": 0.296875,
        "recall": 0.20430107526881722,
        "f1-score": 0.24203821656050953,
        "support": 93
    },
    "ring_binder": {
        "precision": 0.5897435897435898,
        "recall": 0.27058823529411763,
        "f1-score": 0.3709677419354838,
        "support": 85
    },
    "ruler": {
        "precision": 0.3565217391304348,
        "recall": 0.5857142857142857,
        "f1-score": 0.4432432432432432,
        "support": 70
    },
    "scissors": {
        "precision": 0.2903225806451613,
        "recall": 0.28421052631578947,
        "f1-score": 0.28723404255319157,
        "support": 95
    },
    "speaker": {
        "precision": 0.6065573770491803,
        "recall": 0.39361702127659576,
        "f1-score": 0.4774193548387097,
        "support": 94
    },
    "stapler": {
        "precision": 0.4107142857142857,
        "recall": 0.24468085106382978,
        "f1-score": 0.30666666666666664,
        "support": 94
    },
    "tape_dispenser": {
        "precision": 0.4722222222222222,
        "recall": 0.18681318681318682,
        "f1-score": 0.2677165354330709,
        "support": 91
    },
    "trash_can": {
        "precision": 0.3176470588235294,
        "recall": 0.4576271186440678,
        "f1-score": 0.375,
        "support": 59
    },
    "accuracy": 0.5612321562734786,
    "macro avg": {
        "precision": 0.591912917316981,
        "recall": 0.5623851479851865,
        "f1-score": 0.5485719811028681,
        "support": 2662
    },
    "weighted avg": {
        "precision": 0.5996579383670798,
        "recall": 0.5612321562734786,
        "f1-score": 0.5516825732877393,
        "support": 2662
    }
}