{
    "back_pack": {
        "precision": 0.7777777777777778,
        "recall": 1.0,
        "f1-score": 0.8750000000000001,
        "support": 7
    },
    "bike": {
        "precision": 0.9411764705882353,
        "recall": 1.0,
        "f1-score": 0.9696969696969697,
        "support": 16
    },
    "bike_helmet": {
        "precision": 1.0,
        "recall": 0.8421052631578947,
        "f1-score": 0.9142857142857143,
        "support": 19
    },
    "bookcase": {
        "precision": 1.0,
        "recall": 0.5714285714285714,
        "f1-score": 0.7272727272727273,
        "support": 7
    },
    "bottle": {
        "precision": 1.0,
        "recall": 1.0,
        "f1-score": 1.0,
        "support": 11
    },
    "calculator": {
        "precision": 1.0,
        "recall": 0.7142857142857143,
        "f1-score": 0.8333333333333333,
        "support": 7
    },
    "desk_chair": {
        "precision": 1.0,
        "recall": 1.0,
        "f1-score": 1.0,
        "support": 8
    },
    "desk_lamp": {
        "precision": 1.0,
        "recall": 0.6666666666666666,
        "f1-score": 0.8,
        "support": 9
    },
    "desktop_computer": {
        "precision": 0.5384615384615384,
        "recall": 0.7,
        "f1-score": 0.608695652173913,
        "support": 10
    },
    "file_cabinet": {
        "precision": 1.0,
        "recall": 0.9,
        "f1-score": 0.9473684210526316,
        "support": 10
    },
    "headphones": {
        "precision": 0.8888888888888888,
        "recall": 1.0,
        "f1-score": 0.9411764705882353,
        "support": 8
    },
    "keyboard": {
        "precision": 1.0,
        "recall": 1.0,
        "f1-score": 1.0,
        "support": 5
    },
    "laptop_computer": {
        "precision": 0.9285714285714286,
        "recall": 0.6842105263157895,
        "f1-score": 0.7878787878787878,
        "support": 19
    },
    "letter_tray": {
        "precision": 0.8571428571428571,
        "recall": 0.5454545454545454,
        "f1-score": 0.6666666666666665,
        "support": 11
    },
    "mobile_phone": {
        "precision": 1.0,
        "recall": 0.34615384615384615,
        "f1-score": 0.5142857142857142,
        "support": 26
    },
    "monitor": {
        "precision": 0.8421052631578947,
        "recall": 0.9411764705882353,
        "f1-score": 0.8888888888888888,
        "support": 17
    },
    "mouse": {
        "precision": 0.6,
        "recall": 0.8571428571428571,
        "f1-score": 0.7058823529411764,
        "support": 7
    },
    "mug": {
        "precision": 1.0,
        "recall": 0.6666666666666666,
        "f1-score": 0.8,
        "support": 3
    },
    "paper_notebook": {
        "precision": 0.625,
        "recall": 1.0,
        "f1-score": 0.7692307692307693,
        "support": 5
    },
    "pen": {
        "precision": 1.0,
        "recall": 0.6,
        "f1-score": 0.7499999999999999,
        "support": 5
    },
    "phone": {
        "precision": 0.8888888888888888,
        "recall": 1.0,
        "f1-score": 0.9411764705882353,
        "support": 8
    },
    "printer": {
        "precision": 0.47058823529411764,
        "recall": 0.8,
        "f1-score": 0.5925925925925927,
        "support": 10
    },
    "projector": {
        "precision": 0.625,
        "recall": 0.8333333333333334,
        "f1-score": 0.7142857142857143,
        "support": 18
    },
    "punchers": {
        "precision": 0.4166666666666667,
        "recall": 0.38461538461538464,
        "f1-score": 0.4,
        "support": 13
    },
    "ring_binder": {
        "precision": 0.5,
        "recall": 1.0,
        "f1-score": 0.6666666666666666,
        "support": 5
    },
    "ruler": {
        "precision": 0.18181818181818182,
        "recall": 1.0,
        "f1-score": 0.3076923076923077,
        "support": 2
    },
    "scissors": {
        "precision": 1.0,
        "recall": 0.8461538461538461,
        "f1-score": 0.9166666666666666,
        "support": 13
    },
    "speaker": {
        "precision": 0.8823529411764706,
        "recall": 0.7142857142857143,
        "f1-score": 0.7894736842105262,
        "support": 21
    },
    "stapler": {
        "precision": 0.34782608695652173,
        "recall": 0.5,
        "f1-score": 0.41025641025641024,
        "support": 16
    },
    "tape_dispenser": {
        "precision": 0.7894736842105263,
        "recall": 0.8823529411764706,
        "f1-score": 0.8333333333333333,
        "support": 17
    },
    "trash_can": {
        "precision": 1.0,
        "recall": 0.6,
        "f1-score": 0.7499999999999999,
        "support": 10
    },
    "accuracy": 0.7580174927113703,
    "macro avg": {
        "precision": 0.8097335132129032,
        "recall": 0.7934203983040498,
        "f1-score": 0.7684453649867092,
        "support": 343
    },
    "weighted avg": {
        "precision": 0.826746911943557,
        "recall": 0.7580174927113703,
        "f1-score": 0.7642459389867505,
        "support": 343
    }
}