{
    "back_pack": {
        "precision": 1.0,
        "recall": 0.9583333333333334,
        "f1-score": 0.9787234042553191,
        "support": 24
    },
    "bike": {
        "precision": 1.0,
        "recall": 1.0,
        "f1-score": 1.0,
        "support": 16
    },
    "bike_helmet": {
        "precision": 1.0,
        "recall": 1.0,
        "f1-score": 1.0,
        "support": 23
    },
    "bookcase": {
        "precision": 1.0,
        "recall": 1.0,
        "f1-score": 1.0,
        "support": 7
    },
    "bottle": {
        "precision": 1.0,
        "recall": 1.0,
        "f1-score": 1.0,
        "support": 11
    },
    "calculator": {
        "precision": 1.0,
        "recall": 0.8846153846153846,
        "f1-score": 0.9387755102040816,
        "support": 26
    },
    "desk_chair": {
        "precision": 1.0,
        "recall": 1.0,
        "f1-score": 1.0,
        "support": 35
    },
    "desk_lamp": {
        "precision": 1.0,
        "recall": 1.0,
        "f1-score": 1.0,
        "support": 13
    },
    "desktop_computer": {
        "precision": 0.9285714285714286,
        "recall": 0.8125,
        "f1-score": 0.8666666666666666,
        "support": 16
    },
    "file_cabinet": {
        "precision": 0.875,
        "recall": 1.0,
        "f1-score": 0.9333333333333333,
        "support": 14
    },
    "headphones": {
        "precision": 1.0,
        "recall": 1.0,
        "f1-score": 1.0,
        "support": 22
    },
    "keyboard": {
        "precision": 1.0,
        "recall": 0.8636363636363636,
        "f1-score": 0.9268292682926829,
        "support": 22
    },
    "laptop_computer": {
        "precision": 0.8888888888888888,
        "recall": 0.96,
        "f1-score": 0.923076923076923,
        "support": 25
    },
    "letter_tray": {
        "precision": 0.875,
        "recall": 1.0,
        "f1-score": 0.9333333333333333,
        "support": 14
    },
    "mobile_phone": {
        "precision": 0.7272727272727273,
        "recall": 0.96,
        "f1-score": 0.8275862068965517,
        "support": 25
    },
    "monitor": {
        "precision": 0.9487179487179487,
        "recall": 0.9736842105263158,
        "f1-score": 0.9610389610389611,
        "support": 38
    },
    "mouse": {
        "precision": 0.96,
        "recall": 0.96,
        "f1-score": 0.96,
        "support": 25
    },
    "mug": {
        "precision": 1.0,
        "recall": 1.0,
        "f1-score": 1.0,
        "support": 22
    },
    "paper_notebook": {
        "precision": 0.9047619047619048,
        "recall": 0.8260869565217391,
        "f1-score": 0.8636363636363636,
        "support": 23
    },
    "pen": {
        "precision": 0.9,
        "recall": 1.0,
        "f1-score": 0.9473684210526316,
        "support": 27
    },
    "phone": {
        "precision": 0.9090909090909091,
        "recall": 0.9090909090909091,
        "f1-score": 0.9090909090909091,
        "support": 11
    },
    "printer": {
        "precision": 1.0,
        "recall": 0.8,
        "f1-score": 0.888888888888889,
        "support": 15
    },
    "projector": {
        "precision": 0.9444444444444444,
        "recall": 0.68,
        "f1-score": 0.7906976744186047,
        "support": 25
    },
    "punchers": {
        "precision": 0.7391304347826086,
        "recall": 0.7727272727272727,
        "f1-score": 0.7555555555555555,
        "support": 22
    },
    "ring_binder": {
        "precision": 0.875,
        "recall": 0.8,
        "f1-score": 0.8358208955223881,
        "support": 35
    },
    "ruler": {
        "precision": 1.0,
        "recall": 0.3333333333333333,
        "f1-score": 0.5,
        "support": 6
    },
    "scissors": {
        "precision": 0.9047619047619048,
        "recall": 0.95,
        "f1-score": 0.9268292682926829,
        "support": 20
    },
    "speaker": {
        "precision": 0.8275862068965517,
        "recall": 0.96,
        "f1-score": 0.888888888888889,
        "support": 25
    },
    "stapler": {
        "precision": 0.8260869565217391,
        "recall": 1.0,
        "f1-score": 0.9047619047619047,
        "support": 19
    },
    "tape_dispenser": {
        "precision": 1.0,
        "recall": 0.8888888888888888,
        "f1-score": 0.9411764705882353,
        "support": 18
    },
    "trash_can": {
        "precision": 0.8333333333333334,
        "recall": 0.9375,
        "f1-score": 0.8823529411764706,
        "support": 16
    },
    "accuracy": 0.9203125,
    "macro avg": {
        "precision": 0.9312144221949803,
        "recall": 0.9106579565378562,
        "f1-score": 0.9124010254506897,
        "support": 640
    },
    "weighted avg": {
        "precision": 0.9269263258956499,
        "recall": 0.9203125,
        "f1-score": 0.9187519491218994,
        "support": 640
    }
}