{
    "back_pack": {
        "precision": 0.810126582278481,
        "recall": 0.735632183908046,
        "f1-score": 0.7710843373493976,
        "support": 87
    },
    "bike": {
        "precision": 0.9736842105263158,
        "recall": 0.961038961038961,
        "f1-score": 0.9673202614379085,
        "support": 77
    },
    "bike_helmet": {
        "precision": 0.6451612903225806,
        "recall": 0.8955223880597015,
        "f1-score": 0.75,
        "support": 67
    },
    "bookcase": {
        "precision": 0.3523809523809524,
        "recall": 0.4805194805194805,
        "f1-score": 0.4065934065934066,
        "support": 77
    },
    "bottle": {
        "precision": 0.24691358024691357,
        "recall": 0.6451612903225806,
        "f1-score": 0.35714285714285715,
        "support": 31
    },
    "calculator": {
        "precision": 0.5714285714285714,
        "recall": 0.898876404494382,
        "f1-score": 0.6986899563318777,
        "support": 89
    },
    "desk_chair": {
        "precision": 0.6732673267326733,
        "recall": 0.8,
        "f1-score": 0.7311827956989247,
        "support": 85
    },
    "desk_lamp": {
        "precision": 0.5121951219512195,
        "recall": 0.45652173913043476,
        "f1-score": 0.48275862068965514,
        "support": 92
    },
    "desktop_computer": {
        "precision": 0.2857142857142857,
        "recall": 0.06521739130434782,
        "f1-score": 0.10619469026548671,
        "support": 92
    },
    "file_cabinet": {
        "precision": 0.323943661971831,
        "recall": 0.30666666666666664,
        "f1-score": 0.3150684931506849,
        "support": 75
    },
    "headphones": {
        "precision": 0.7808219178082192,
        "recall": 0.6063829787234043,
        "f1-score": 0.6826347305389222,
        "support": 94
    },
    "keyboard": {
        "precision": 0.6822429906542056,
        "recall": 0.7684210526315789,
        "f1-score": 0.7227722772277226,
        "support": 95
    },
    "laptop_computer": {
        "precision": 0.603448275862069,
        "recall": 0.7368421052631579,
        "f1-score": 0.6635071090047393,
        "support": 95
    },
    "letter_tray": {
        "precision": 0.3880597014925373,
        "recall": 0.27956989247311825,
        "f1-score": 0.325,
        "support": 93
    },
    "mobile_phone": {
        "precision": 0.4025974025974026,
        "recall": 0.6595744680851063,
        "f1-score": 0.5,
        "support": 94
    },
    "monitor": {
        "precision": 0.696969696969697,
        "recall": 0.7340425531914894,
        "f1-score": 0.7150259067357513,
        "support": 94
    },
    "mouse": {
        "precision": 0.6699029126213593,
        "recall": 0.7263157894736842,
        "f1-score": 0.6969696969696969,
        "support": 95
    },
    "mug": {
        "precision": 0.6825396825396826,
        "recall": 0.48314606741573035,
        "f1-score": 0.5657894736842105,
        "support": 89
    },
    "paper_notebook": {
        "precision": 0.09090909090909091,
        "recall": 0.01098901098901099,
        "f1-score": 0.0196078431372549,
        "support": 91
    },
    "pen": {
        "precision": 0.42574257425742573,
        "recall": 0.4777777777777778,
        "f1-score": 0.450261780104712,
        "support": 90
    },
    "phone": {
        "precision": 0.7115384615384616,
        "recall": 0.42528735632183906,
        "f1-score": 0.5323741007194245,
        "support": 87
    },
    "printer": {
        "precision": 0.40625,
        "recall": 0.1368421052631579,
        "f1-score": 0.20472440944881892,
        "support": 95
    },
    "projector": {
        "precision": 0.3793103448275862,
        "recall": 0.5913978494623656,
        "f1-score": 0.46218487394957986,
        "support": 93
    },
    "punchers": {
        "precision": 0.2033898305084746,
        "recall": 0.12903225806451613,
        "f1-score": 0.15789473684210528,
        "support": 93
    },
    "ring_binder": {
        "precision": 0.30666666666666664,
        "recall": 0.27058823529411763,
        "f1-score": 0.2875,
        "support": 85
    },
    "ruler": {
        "precision": 0.5526315789473685,
        "recall": 0.3,
        "f1-score": 0.38888888888888895,
        "support": 70
    },
    "scissors": {
        "precision": 0.36507936507936506,
        "recall": 0.4842105263157895,
        "f1-score": 0.416289592760181,
        "support": 95
    },
    "speaker": {
        "precision": 0.32967032967032966,
        "recall": 0.3191489361702128,
        "f1-score": 0.3243243243243243,
        "support": 94
    },
    "stapler": {
        "precision": 0.2708333333333333,
        "recall": 0.41935483870967744,
        "f1-score": 0.3291139240506329,
        "support": 93
    },
    "tape_dispenser": {
        "precision": 0.5581395348837209,
        "recall": 0.26666666666666666,
        "f1-score": 0.3609022556390977,
        "support": 90
    },
    "trash_can": {
        "precision": 0.2037037037037037,
        "recall": 0.3728813559322034,
        "f1-score": 0.2634730538922156,
        "support": 59
    },
    "accuracy": 0.4928463855421687,
    "macro avg": {
        "precision": 0.4872665476911137,
        "recall": 0.49818155902158745,
        "f1-score": 0.4727507869864025,
        "support": 2656
    },
    "weighted avg": {
        "precision": 0.4923830338850389,
        "recall": 0.4928463855421687,
        "f1-score": 0.47412725949203305,
        "support": 2656
    }
}