{
    "0": {
        "precision": 0.6760691537761602,
        "recall": 0.8462414578587699,
        "f1-score": 0.7516439049064239,
        "support": 878
    },
    "1": {
        "precision": 0.8111888111888111,
        "recall": 0.6850393700787402,
        "f1-score": 0.7427961579509071,
        "support": 1016
    },
    "2": {
        "precision": 0.6901960784313725,
        "recall": 0.7545551982851019,
        "f1-score": 0.720942140296979,
        "support": 933
    },
    "3": {
        "precision": 0.7013669821240799,
        "recall": 0.7345814977973568,
        "f1-score": 0.7175901022054868,
        "support": 908
    },
    "4": {
        "precision": 0.7721354166666666,
        "recall": 0.6662921348314607,
        "f1-score": 0.715319662243667,
        "support": 890
    },
    "5": {
        "precision": 0.9538784067085954,
        "recall": 0.563816604708798,
        "f1-score": 0.7087227414330217,
        "support": 807
    },
    "6": {
        "precision": 0.9069767441860465,
        "recall": 0.7289719626168224,
        "f1-score": 0.8082901554404145,
        "support": 856
    },
    "7": {
        "precision": 0.75,
        "recall": 0.7680525164113785,
        "f1-score": 0.7589189189189189,
        "support": 914
    },
    "8": {
        "precision": 0.532617671345995,
        "recall": 0.7329545454545454,
        "f1-score": 0.6169296987087518,
        "support": 880
    },
    "9": {
        "precision": 0.6858006042296072,
        "recall": 0.7410228509249184,
        "f1-score": 0.7123430962343096,
        "support": 919
    },
    "accuracy": 0.723252971892012,
    "macro avg": {
        "precision": 0.7480229868657334,
        "recall": 0.7221528138967892,
        "f1-score": 0.725349657833888,
        "support": 9001
    },
    "weighted avg": {
        "precision": 0.7461790361371343,
        "recall": 0.723252971892012,
        "f1-score": 0.7255303334819305,
        "support": 9001
    }
}