{
    "back_pack": {
        "precision": 0.5454545454545454,
        "recall": 0.8571428571428571,
        "f1-score": 0.6666666666666665,
        "support": 7
    },
    "bike": {
        "precision": 1.0,
        "recall": 0.9375,
        "f1-score": 0.967741935483871,
        "support": 16
    },
    "bike_helmet": {
        "precision": 1.0,
        "recall": 0.8421052631578947,
        "f1-score": 0.9142857142857143,
        "support": 19
    },
    "bookcase": {
        "precision": 0.6666666666666666,
        "recall": 0.2857142857142857,
        "f1-score": 0.4,
        "support": 7
    },
    "bottle": {
        "precision": 0.7857142857142857,
        "recall": 1.0,
        "f1-score": 0.88,
        "support": 11
    },
    "calculator": {
        "precision": 1.0,
        "recall": 0.5714285714285714,
        "f1-score": 0.7272727272727273,
        "support": 7
    },
    "desk_chair": {
        "precision": 1.0,
        "recall": 0.875,
        "f1-score": 0.9333333333333333,
        "support": 8
    },
    "desk_lamp": {
        "precision": 0.6363636363636364,
        "recall": 0.7777777777777778,
        "f1-score": 0.7000000000000001,
        "support": 9
    },
    "desktop_computer": {
        "precision": 0.0,
        "recall": 0.0,
        "f1-score": 0.0,
        "support": 10
    },
    "file_cabinet": {
        "precision": 0.5,
        "recall": 0.9,
        "f1-score": 0.6428571428571429,
        "support": 10
    },
    "headphones": {
        "precision": 1.0,
        "recall": 0.625,
        "f1-score": 0.7692307692307693,
        "support": 8
    },
    "keyboard": {
        "precision": 0.625,
        "recall": 1.0,
        "f1-score": 0.7692307692307693,
        "support": 5
    },
    "laptop_computer": {
        "precision": 1.0,
        "recall": 0.47368421052631576,
        "f1-score": 0.6428571428571429,
        "support": 19
    },
    "letter_tray": {
        "precision": 0.36,
        "recall": 0.8181818181818182,
        "f1-score": 0.5,
        "support": 11
    },
    "mobile_phone": {
        "precision": 1.0,
        "recall": 0.038461538461538464,
        "f1-score": 0.07407407407407407,
        "support": 26
    },
    "monitor": {
        "precision": 1.0,
        "recall": 0.35294117647058826,
        "f1-score": 0.5217391304347826,
        "support": 17
    },
    "mouse": {
        "precision": 0.5454545454545454,
        "recall": 0.8571428571428571,
        "f1-score": 0.6666666666666665,
        "support": 7
    },
    "mug": {
        "precision": 0.5,
        "recall": 0.6666666666666666,
        "f1-score": 0.5714285714285715,
        "support": 3
    },
    "paper_notebook": {
        "precision": 0.38461538461538464,
        "recall": 1.0,
        "f1-score": 0.5555555555555556,
        "support": 5
    },
    "pen": {
        "precision": 0.3333333333333333,
        "recall": 0.6,
        "f1-score": 0.42857142857142855,
        "support": 5
    },
    "phone": {
        "precision": 0.7777777777777778,
        "recall": 0.875,
        "f1-score": 0.823529411764706,
        "support": 8
    },
    "printer": {
        "precision": 0.2,
        "recall": 0.1,
        "f1-score": 0.13333333333333333,
        "support": 10
    },
    "projector": {
        "precision": 0.43478260869565216,
        "recall": 0.5555555555555556,
        "f1-score": 0.4878048780487805,
        "support": 18
    },
    "punchers": {
        "precision": 0.3888888888888889,
        "recall": 0.5384615384615384,
        "f1-score": 0.45161290322580644,
        "support": 13
    },
    "ring_binder": {
        "precision": 0.038461538461538464,
        "recall": 0.2,
        "f1-score": 0.06451612903225806,
        "support": 5
    },
    "ruler": {
        "precision": 0.25,
        "recall": 0.5,
        "f1-score": 0.3333333333333333,
        "support": 2
    },
    "scissors": {
        "precision": 0.8461538461538461,
        "recall": 0.8461538461538461,
        "f1-score": 0.8461538461538461,
        "support": 13
    },
    "speaker": {
        "precision": 0.8,
        "recall": 0.19047619047619047,
        "f1-score": 0.3076923076923077,
        "support": 21
    },
    "stapler": {
        "precision": 0.7777777777777778,
        "recall": 0.4375,
        "f1-score": 0.56,
        "support": 16
    },
    "tape_dispenser": {
        "precision": 0.39285714285714285,
        "recall": 0.6470588235294118,
        "f1-score": 0.4888888888888888,
        "support": 17
    },
    "trash_can": {
        "precision": 0.25,
        "recall": 0.3,
        "f1-score": 0.2727272727272727,
        "support": 10
    },
    "accuracy": 0.5568513119533528,
    "macro avg": {
        "precision": 0.6141710315553233,
        "recall": 0.6022242895757328,
        "f1-score": 0.5516485139403144,
        "support": 343
    },
    "weighted avg": {
        "precision": 0.6853267990161132,
        "recall": 0.5568513119533528,
        "f1-score": 0.5426287794087153,
        "support": 343
    }
}