{
    "back_pack": {
        "precision": 1.0,
        "recall": 1.0,
        "f1-score": 1.0,
        "support": 24
    },
    "bike": {
        "precision": 1.0,
        "recall": 1.0,
        "f1-score": 1.0,
        "support": 16
    },
    "bike_helmet": {
        "precision": 1.0,
        "recall": 0.8260869565217391,
        "f1-score": 0.9047619047619047,
        "support": 23
    },
    "bookcase": {
        "precision": 1.0,
        "recall": 1.0,
        "f1-score": 1.0,
        "support": 7
    },
    "bottle": {
        "precision": 0.7333333333333333,
        "recall": 1.0,
        "f1-score": 0.846153846153846,
        "support": 11
    },
    "calculator": {
        "precision": 0.7333333333333333,
        "recall": 0.8461538461538461,
        "f1-score": 0.7857142857142856,
        "support": 26
    },
    "desk_chair": {
        "precision": 1.0,
        "recall": 0.9428571428571428,
        "f1-score": 0.9705882352941176,
        "support": 35
    },
    "desk_lamp": {
        "precision": 0.8333333333333334,
        "recall": 0.7692307692307693,
        "f1-score": 0.8,
        "support": 13
    },
    "desktop_computer": {
        "precision": 0.7647058823529411,
        "recall": 0.8125,
        "f1-score": 0.787878787878788,
        "support": 16
    },
    "file_cabinet": {
        "precision": 0.9333333333333333,
        "recall": 1.0,
        "f1-score": 0.9655172413793104,
        "support": 14
    },
    "headphones": {
        "precision": 1.0,
        "recall": 0.9090909090909091,
        "f1-score": 0.9523809523809523,
        "support": 22
    },
    "keyboard": {
        "precision": 0.9,
        "recall": 0.4090909090909091,
        "f1-score": 0.5625000000000001,
        "support": 22
    },
    "laptop_computer": {
        "precision": 1.0,
        "recall": 0.64,
        "f1-score": 0.7804878048780487,
        "support": 25
    },
    "letter_tray": {
        "precision": 0.6923076923076923,
        "recall": 0.6428571428571429,
        "f1-score": 0.6666666666666666,
        "support": 14
    },
    "mobile_phone": {
        "precision": 0.42857142857142855,
        "recall": 0.48,
        "f1-score": 0.4528301886792452,
        "support": 25
    },
    "monitor": {
        "precision": 0.8636363636363636,
        "recall": 1.0,
        "f1-score": 0.9268292682926829,
        "support": 38
    },
    "mouse": {
        "precision": 0.7037037037037037,
        "recall": 0.76,
        "f1-score": 0.7307692307692308,
        "support": 25
    },
    "mug": {
        "precision": 0.9565217391304348,
        "recall": 1.0,
        "f1-score": 0.9777777777777777,
        "support": 22
    },
    "paper_notebook": {
        "precision": 0.75,
        "recall": 0.5217391304347826,
        "f1-score": 0.6153846153846153,
        "support": 23
    },
    "pen": {
        "precision": 0.7692307692307693,
        "recall": 0.7407407407407407,
        "f1-score": 0.7547169811320754,
        "support": 27
    },
    "phone": {
        "precision": 0.9166666666666666,
        "recall": 1.0,
        "f1-score": 0.9565217391304348,
        "support": 11
    },
    "printer": {
        "precision": 0.625,
        "recall": 1.0,
        "f1-score": 0.7692307692307693,
        "support": 15
    },
    "projector": {
        "precision": 0.8,
        "recall": 0.48,
        "f1-score": 0.6,
        "support": 25
    },
    "punchers": {
        "precision": 0.5,
        "recall": 0.09090909090909091,
        "f1-score": 0.15384615384615385,
        "support": 22
    },
    "ring_binder": {
        "precision": 0.6590909090909091,
        "recall": 0.8285714285714286,
        "f1-score": 0.7341772151898734,
        "support": 35
    },
    "ruler": {
        "precision": 0.25,
        "recall": 0.8333333333333334,
        "f1-score": 0.3846153846153846,
        "support": 6
    },
    "scissors": {
        "precision": 0.7894736842105263,
        "recall": 0.75,
        "f1-score": 0.7692307692307692,
        "support": 20
    },
    "speaker": {
        "precision": 0.8235294117647058,
        "recall": 0.56,
        "f1-score": 0.6666666666666666,
        "support": 25
    },
    "stapler": {
        "precision": 0.46153846153846156,
        "recall": 0.631578947368421,
        "f1-score": 0.5333333333333333,
        "support": 19
    },
    "tape_dispenser": {
        "precision": 0.48484848484848486,
        "recall": 0.8888888888888888,
        "f1-score": 0.6274509803921569,
        "support": 18
    },
    "trash_can": {
        "precision": 0.8666666666666667,
        "recall": 0.8125,
        "f1-score": 0.8387096774193549,
        "support": 16
    },
    "accuracy": 0.765625,
    "macro avg": {
        "precision": 0.7818975870017125,
        "recall": 0.7798751366467466,
        "f1-score": 0.7585400153612403,
        "support": 640
    },
    "weighted avg": {
        "precision": 0.7933064040491594,
        "recall": 0.765625,
        "f1-score": 0.7600174990222012,
        "support": 640
    }
}