{
    "back_pack": {
        "precision": 0.8636363636363636,
        "recall": 0.8260869565217391,
        "f1-score": 0.8444444444444444,
        "support": 23
    },
    "bike": {
        "precision": 1.0,
        "recall": 1.0,
        "f1-score": 1.0,
        "support": 28
    },
    "bike_helmet": {
        "precision": 1.0,
        "recall": 0.8260869565217391,
        "f1-score": 0.9047619047619047,
        "support": 23
    },
    "bookcase": {
        "precision": 0.8421052631578947,
        "recall": 0.64,
        "f1-score": 0.7272727272727272,
        "support": 25
    },
    "bottle": {
        "precision": 0.15384615384615385,
        "recall": 0.4444444444444444,
        "f1-score": 0.2285714285714286,
        "support": 9
    },
    "calculator": {
        "precision": 0.7878787878787878,
        "recall": 0.7647058823529411,
        "f1-score": 0.7761194029850745,
        "support": 34
    },
    "desk_chair": {
        "precision": 0.9354838709677419,
        "recall": 0.7435897435897436,
        "f1-score": 0.8285714285714285,
        "support": 39
    },
    "desk_lamp": {
        "precision": 0.8,
        "recall": 0.5714285714285714,
        "f1-score": 0.6666666666666666,
        "support": 28
    },
    "desktop_computer": {
        "precision": 0.08333333333333333,
        "recall": 0.06060606060606061,
        "f1-score": 0.07017543859649122,
        "support": 33
    },
    "file_cabinet": {
        "precision": 0.25,
        "recall": 0.46153846153846156,
        "f1-score": 0.32432432432432434,
        "support": 13
    },
    "headphones": {
        "precision": 0.9411764705882353,
        "recall": 0.9696969696969697,
        "f1-score": 0.955223880597015,
        "support": 33
    },
    "keyboard": {
        "precision": 0.7575757575757576,
        "recall": 0.8928571428571429,
        "f1-score": 0.819672131147541,
        "support": 28
    },
    "laptop_computer": {
        "precision": 0.40816326530612246,
        "recall": 0.7407407407407407,
        "f1-score": 0.5263157894736843,
        "support": 27
    },
    "letter_tray": {
        "precision": 0.6666666666666666,
        "recall": 0.3076923076923077,
        "f1-score": 0.42105263157894735,
        "support": 26
    },
    "mobile_phone": {
        "precision": 0.5348837209302325,
        "recall": 0.8214285714285714,
        "f1-score": 0.647887323943662,
        "support": 28
    },
    "monitor": {
        "precision": 0.9090909090909091,
        "recall": 0.7142857142857143,
        "f1-score": 0.8,
        "support": 28
    },
    "mouse": {
        "precision": 0.8518518518518519,
        "recall": 0.6388888888888888,
        "f1-score": 0.7301587301587301,
        "support": 36
    },
    "mug": {
        "precision": 0.625,
        "recall": 0.5555555555555556,
        "f1-score": 0.5882352941176471,
        "support": 27
    },
    "paper_notebook": {
        "precision": 0.5192307692307693,
        "recall": 0.7941176470588235,
        "f1-score": 0.627906976744186,
        "support": 34
    },
    "pen": {
        "precision": 0.8125,
        "recall": 0.48148148148148145,
        "f1-score": 0.6046511627906976,
        "support": 27
    },
    "phone": {
        "precision": 0.6956521739130435,
        "recall": 0.5714285714285714,
        "f1-score": 0.6274509803921569,
        "support": 28
    },
    "printer": {
        "precision": 0.6666666666666666,
        "recall": 0.5,
        "f1-score": 0.5714285714285715,
        "support": 28
    },
    "projector": {
        "precision": 0.6875,
        "recall": 0.7096774193548387,
        "f1-score": 0.6984126984126984,
        "support": 31
    },
    "punchers": {
        "precision": 0.32142857142857145,
        "recall": 0.391304347826087,
        "f1-score": 0.35294117647058826,
        "support": 23
    },
    "ring_binder": {
        "precision": 0.375,
        "recall": 0.5357142857142857,
        "f1-score": 0.44117647058823534,
        "support": 28
    },
    "ruler": {
        "precision": 0.6176470588235294,
        "recall": 0.875,
        "f1-score": 0.7241379310344829,
        "support": 24
    },
    "scissors": {
        "precision": 0.7647058823529411,
        "recall": 0.4482758620689655,
        "f1-score": 0.5652173913043479,
        "support": 29
    },
    "speaker": {
        "precision": 0.25925925925925924,
        "recall": 0.22580645161290322,
        "f1-score": 0.24137931034482757,
        "support": 31
    },
    "stapler": {
        "precision": 0.18518518518518517,
        "recall": 0.4,
        "f1-score": 0.2531645569620253,
        "support": 25
    },
    "tape_dispenser": {
        "precision": 0.6666666666666666,
        "recall": 0.07407407407407407,
        "f1-score": 0.13333333333333333,
        "support": 27
    },
    "trash_can": {
        "precision": 0.625,
        "recall": 0.22727272727272727,
        "f1-score": 0.3333333333333333,
        "support": 22
    },
    "accuracy": 0.5976331360946746,
    "macro avg": {
        "precision": 0.632488214463119,
        "recall": 0.5875414785820112,
        "f1-score": 0.5817415303339099,
        "support": 845
    },
    "weighted avg": {
        "precision": 0.6531699090269965,
        "recall": 0.5976331360946746,
        "f1-score": 0.5995171457059019,
        "support": 845
    }
}