{
    "back_pack": {
        "precision": 0.875,
        "recall": 1.0,
        "f1-score": 0.9333333333333333,
        "support": 7
    },
    "bike": {
        "precision": 1.0,
        "recall": 1.0,
        "f1-score": 1.0,
        "support": 16
    },
    "bike_helmet": {
        "precision": 1.0,
        "recall": 1.0,
        "f1-score": 1.0,
        "support": 19
    },
    "bookcase": {
        "precision": 0.5833333333333334,
        "recall": 1.0,
        "f1-score": 0.7368421052631579,
        "support": 7
    },
    "bottle": {
        "precision": 1.0,
        "recall": 1.0,
        "f1-score": 1.0,
        "support": 11
    },
    "calculator": {
        "precision": 0.6666666666666666,
        "recall": 0.8571428571428571,
        "f1-score": 0.75,
        "support": 7
    },
    "desk_chair": {
        "precision": 1.0,
        "recall": 1.0,
        "f1-score": 1.0,
        "support": 8
    },
    "desk_lamp": {
        "precision": 0.5833333333333334,
        "recall": 0.7777777777777778,
        "f1-score": 0.6666666666666666,
        "support": 9
    },
    "desktop_computer": {
        "precision": 0.8571428571428571,
        "recall": 0.6,
        "f1-score": 0.7058823529411764,
        "support": 10
    },
    "file_cabinet": {
        "precision": 0.6666666666666666,
        "recall": 0.8,
        "f1-score": 0.7272727272727272,
        "support": 10
    },
    "headphones": {
        "precision": 1.0,
        "recall": 1.0,
        "f1-score": 1.0,
        "support": 8
    },
    "keyboard": {
        "precision": 0.8333333333333334,
        "recall": 1.0,
        "f1-score": 0.9090909090909091,
        "support": 5
    },
    "laptop_computer": {
        "precision": 1.0,
        "recall": 0.7894736842105263,
        "f1-score": 0.8823529411764706,
        "support": 19
    },
    "letter_tray": {
        "precision": 0.8888888888888888,
        "recall": 0.7272727272727273,
        "f1-score": 0.7999999999999999,
        "support": 11
    },
    "mobile_phone": {
        "precision": 1.0,
        "recall": 0.46153846153846156,
        "f1-score": 0.631578947368421,
        "support": 26
    },
    "monitor": {
        "precision": 1.0,
        "recall": 0.5882352941176471,
        "f1-score": 0.7407407407407407,
        "support": 17
    },
    "mouse": {
        "precision": 0.875,
        "recall": 1.0,
        "f1-score": 0.9333333333333333,
        "support": 7
    },
    "mug": {
        "precision": 1.0,
        "recall": 1.0,
        "f1-score": 1.0,
        "support": 3
    },
    "paper_notebook": {
        "precision": 0.45454545454545453,
        "recall": 1.0,
        "f1-score": 0.625,
        "support": 5
    },
    "pen": {
        "precision": 1.0,
        "recall": 0.8,
        "f1-score": 0.888888888888889,
        "support": 5
    },
    "phone": {
        "precision": 1.0,
        "recall": 1.0,
        "f1-score": 1.0,
        "support": 8
    },
    "printer": {
        "precision": 0.9,
        "recall": 0.9,
        "f1-score": 0.9,
        "support": 10
    },
    "projector": {
        "precision": 1.0,
        "recall": 0.8888888888888888,
        "f1-score": 0.9411764705882353,
        "support": 18
    },
    "punchers": {
        "precision": 0.7777777777777778,
        "recall": 0.5384615384615384,
        "f1-score": 0.6363636363636364,
        "support": 13
    },
    "ring_binder": {
        "precision": 0.5,
        "recall": 0.2,
        "f1-score": 0.28571428571428575,
        "support": 5
    },
    "ruler": {
        "precision": 0.5,
        "recall": 1.0,
        "f1-score": 0.6666666666666666,
        "support": 2
    },
    "scissors": {
        "precision": 0.9285714285714286,
        "recall": 1.0,
        "f1-score": 0.962962962962963,
        "support": 13
    },
    "speaker": {
        "precision": 0.95,
        "recall": 0.9047619047619048,
        "f1-score": 0.9268292682926829,
        "support": 21
    },
    "stapler": {
        "precision": 0.5,
        "recall": 0.6875,
        "f1-score": 0.5789473684210527,
        "support": 16
    },
    "tape_dispenser": {
        "precision": 0.7083333333333334,
        "recall": 1.0,
        "f1-score": 0.8292682926829268,
        "support": 17
    },
    "trash_can": {
        "precision": 0.7142857142857143,
        "recall": 1.0,
        "f1-score": 0.8333333333333333,
        "support": 10
    },
    "accuracy": 0.8309037900874635,
    "macro avg": {
        "precision": 0.831060606060606,
        "recall": 0.855517843037817,
        "f1-score": 0.822330491325858,
        "support": 343
    },
    "weighted avg": {
        "precision": 0.867412042120497,
        "recall": 0.8309037900874635,
        "f1-score": 0.8284290267161409,
        "support": 343
    }
}