{
    "back_pack": {
        "precision": 1.0,
        "recall": 0.7011494252873564,
        "f1-score": 0.8243243243243243,
        "support": 87
    },
    "bike": {
        "precision": 0.9625,
        "recall": 1.0,
        "f1-score": 0.980891719745223,
        "support": 77
    },
    "bike_helmet": {
        "precision": 0.7804878048780488,
        "recall": 0.9552238805970149,
        "f1-score": 0.8590604026845637,
        "support": 67
    },
    "bookcase": {
        "precision": 0.4838709677419355,
        "recall": 0.7792207792207793,
        "f1-score": 0.5970149253731344,
        "support": 77
    },
    "bottle": {
        "precision": 0.4523809523809524,
        "recall": 0.6129032258064516,
        "f1-score": 0.5205479452054794,
        "support": 31
    },
    "calculator": {
        "precision": 0.59375,
        "recall": 0.6404494382022472,
        "f1-score": 0.6162162162162163,
        "support": 89
    },
    "desk_chair": {
        "precision": 0.9382716049382716,
        "recall": 0.8837209302325582,
        "f1-score": 0.9101796407185628,
        "support": 86
    },
    "desk_lamp": {
        "precision": 0.7540983606557377,
        "recall": 0.5,
        "f1-score": 0.6013071895424836,
        "support": 92
    },
    "desktop_computer": {
        "precision": 0.3026315789473684,
        "recall": 0.25,
        "f1-score": 0.27380952380952384,
        "support": 92
    },
    "file_cabinet": {
        "precision": 0.5657894736842105,
        "recall": 0.5657894736842105,
        "f1-score": 0.5657894736842105,
        "support": 76
    },
    "headphones": {
        "precision": 0.6513761467889908,
        "recall": 0.7553191489361702,
        "f1-score": 0.6995073891625616,
        "support": 94
    },
    "keyboard": {
        "precision": 0.5547445255474452,
        "recall": 0.8,
        "f1-score": 0.6551724137931034,
        "support": 95
    },
    "laptop_computer": {
        "precision": 0.6538461538461539,
        "recall": 0.8947368421052632,
        "f1-score": 0.7555555555555555,
        "support": 95
    },
    "letter_tray": {
        "precision": 0.5571428571428572,
        "recall": 0.41935483870967744,
        "f1-score": 0.47852760736196315,
        "support": 93
    },
    "mobile_phone": {
        "precision": 0.4180790960451977,
        "recall": 0.7789473684210526,
        "f1-score": 0.5441176470588236,
        "support": 95
    },
    "monitor": {
        "precision": 0.554140127388535,
        "recall": 0.925531914893617,
        "f1-score": 0.6932270916334662,
        "support": 94
    },
    "mouse": {
        "precision": 0.8620689655172413,
        "recall": 0.7894736842105263,
        "f1-score": 0.8241758241758242,
        "support": 95
    },
    "mug": {
        "precision": 0.9230769230769231,
        "recall": 0.8089887640449438,
        "f1-score": 0.8622754491017964,
        "support": 89
    },
    "paper_notebook": {
        "precision": 0.5,
        "recall": 0.0989010989010989,
        "f1-score": 0.1651376146788991,
        "support": 91
    },
    "pen": {
        "precision": 0.9523809523809523,
        "recall": 0.4444444444444444,
        "f1-score": 0.6060606060606061,
        "support": 90
    },
    "phone": {
        "precision": 0.5454545454545454,
        "recall": 0.5454545454545454,
        "f1-score": 0.5454545454545454,
        "support": 88
    },
    "printer": {
        "precision": 0.7029702970297029,
        "recall": 0.7473684210526316,
        "f1-score": 0.7244897959183674,
        "support": 95
    },
    "projector": {
        "precision": 0.6902654867256637,
        "recall": 0.8387096774193549,
        "f1-score": 0.7572815533980582,
        "support": 93
    },
    "punchers": {
        "precision": 0.2692307692307692,
        "recall": 0.15053763440860216,
        "f1-score": 0.19310344827586207,
        "support": 93
    },
    "ring_binder": {
        "precision": 0.23255813953488372,
        "recall": 0.11764705882352941,
        "f1-score": 0.15625,
        "support": 85
    },
    "ruler": {
        "precision": 0.453125,
        "recall": 0.4142857142857143,
        "f1-score": 0.43283582089552236,
        "support": 70
    },
    "scissors": {
        "precision": 0.5522388059701493,
        "recall": 0.3894736842105263,
        "f1-score": 0.45679012345679015,
        "support": 95
    },
    "speaker": {
        "precision": 0.29411764705882354,
        "recall": 0.26595744680851063,
        "f1-score": 0.27932960893854747,
        "support": 94
    },
    "stapler": {
        "precision": 0.44761904761904764,
        "recall": 0.5,
        "f1-score": 0.4723618090452262,
        "support": 94
    },
    "tape_dispenser": {
        "precision": 0.3113207547169811,
        "recall": 0.3626373626373626,
        "f1-score": 0.3350253807106599,
        "support": 91
    },
    "trash_can": {
        "precision": 0.5555555555555556,
        "recall": 0.5084745762711864,
        "f1-score": 0.5309734513274337,
        "support": 59
    },
    "accuracy": 0.5920360631104433,
    "macro avg": {
        "precision": 0.5972610496728047,
        "recall": 0.5949903670667539,
        "f1-score": 0.5779610999131398,
        "support": 2662
    },
    "weighted avg": {
        "precision": 0.5981096436465124,
        "recall": 0.5920360631104433,
        "f1-score": 0.5762366719209812,
        "support": 2662
    }
}