{
    "back_pack": {
        "precision": 0.6106870229007634,
        "recall": 0.9195402298850575,
        "f1-score": 0.7339449541284404,
        "support": 87
    },
    "bike": {
        "precision": 0.9036144578313253,
        "recall": 0.974025974025974,
        "f1-score": 0.9375,
        "support": 77
    },
    "bike_helmet": {
        "precision": 0.584070796460177,
        "recall": 0.9850746268656716,
        "f1-score": 0.7333333333333334,
        "support": 67
    },
    "bookcase": {
        "precision": 0.6593406593406593,
        "recall": 0.7792207792207793,
        "f1-score": 0.7142857142857143,
        "support": 77
    },
    "bottle": {
        "precision": 1.0,
        "recall": 0.0967741935483871,
        "f1-score": 0.17647058823529413,
        "support": 31
    },
    "calculator": {
        "precision": 0.6964285714285714,
        "recall": 0.8764044943820225,
        "f1-score": 0.7761194029850746,
        "support": 89
    },
    "desk_chair": {
        "precision": 0.9726027397260274,
        "recall": 0.8255813953488372,
        "f1-score": 0.8930817610062893,
        "support": 86
    },
    "desk_lamp": {
        "precision": 0.4868421052631579,
        "recall": 0.40217391304347827,
        "f1-score": 0.44047619047619047,
        "support": 92
    },
    "desktop_computer": {
        "precision": 0.5142857142857142,
        "recall": 0.391304347826087,
        "f1-score": 0.4444444444444444,
        "support": 92
    },
    "file_cabinet": {
        "precision": 0.5964912280701754,
        "recall": 0.4473684210526316,
        "f1-score": 0.5112781954887219,
        "support": 76
    },
    "headphones": {
        "precision": 0.6230769230769231,
        "recall": 0.8617021276595744,
        "f1-score": 0.7232142857142857,
        "support": 94
    },
    "keyboard": {
        "precision": 0.8974358974358975,
        "recall": 0.7368421052631579,
        "f1-score": 0.8092485549132948,
        "support": 95
    },
    "laptop_computer": {
        "precision": 0.6794871794871795,
        "recall": 0.5578947368421052,
        "f1-score": 0.6127167630057804,
        "support": 95
    },
    "letter_tray": {
        "precision": 0.7959183673469388,
        "recall": 0.41935483870967744,
        "f1-score": 0.5492957746478873,
        "support": 93
    },
    "mobile_phone": {
        "precision": 0.6692307692307692,
        "recall": 0.9157894736842105,
        "f1-score": 0.7733333333333332,
        "support": 95
    },
    "monitor": {
        "precision": 0.7073170731707317,
        "recall": 0.925531914893617,
        "f1-score": 0.8018433179723502,
        "support": 94
    },
    "mouse": {
        "precision": 0.5202702702702703,
        "recall": 0.8105263157894737,
        "f1-score": 0.6337448559670782,
        "support": 95
    },
    "mug": {
        "precision": 0.7263157894736842,
        "recall": 0.7752808988764045,
        "f1-score": 0.7500000000000001,
        "support": 89
    },
    "paper_notebook": {
        "precision": 0.6136363636363636,
        "recall": 0.5934065934065934,
        "f1-score": 0.6033519553072626,
        "support": 91
    },
    "pen": {
        "precision": 0.547945205479452,
        "recall": 0.4444444444444444,
        "f1-score": 0.49079754601226994,
        "support": 90
    },
    "phone": {
        "precision": 0.8823529411764706,
        "recall": 0.6818181818181818,
        "f1-score": 0.7692307692307693,
        "support": 88
    },
    "printer": {
        "precision": 0.7802197802197802,
        "recall": 0.7473684210526316,
        "f1-score": 0.7634408602150539,
        "support": 95
    },
    "projector": {
        "precision": 0.44,
        "recall": 0.5913978494623656,
        "f1-score": 0.5045871559633027,
        "support": 93
    },
    "punchers": {
        "precision": 0.31746031746031744,
        "recall": 0.21505376344086022,
        "f1-score": 0.2564102564102564,
        "support": 93
    },
    "ring_binder": {
        "precision": 0.4777777777777778,
        "recall": 0.5058823529411764,
        "f1-score": 0.4914285714285714,
        "support": 85
    },
    "ruler": {
        "precision": 0.42016806722689076,
        "recall": 0.7142857142857143,
        "f1-score": 0.5291005291005292,
        "support": 70
    },
    "scissors": {
        "precision": 0.3614457831325301,
        "recall": 0.3157894736842105,
        "f1-score": 0.3370786516853933,
        "support": 95
    },
    "speaker": {
        "precision": 0.7012987012987013,
        "recall": 0.574468085106383,
        "f1-score": 0.6315789473684211,
        "support": 94
    },
    "stapler": {
        "precision": 0.6756756756756757,
        "recall": 0.26595744680851063,
        "f1-score": 0.38167938931297707,
        "support": 94
    },
    "tape_dispenser": {
        "precision": 0.38095238095238093,
        "recall": 0.26373626373626374,
        "f1-score": 0.3116883116883117,
        "support": 91
    },
    "trash_can": {
        "precision": 0.5555555555555556,
        "recall": 0.423728813559322,
        "f1-score": 0.4807692307692307,
        "support": 59
    },
    "accuracy": 0.6213373403456048,
    "macro avg": {
        "precision": 0.6386420682061568,
        "recall": 0.6141202642149614,
        "f1-score": 0.5988862465945116,
        "support": 2662
    },
    "weighted avg": {
        "precision": 0.6317847317294303,
        "recall": 0.6213373403456048,
        "f1-score": 0.6065432701418852,
        "support": 2662
    }
}