{
    "back_pack": {
        "precision": 1.0,
        "recall": 1.0,
        "f1-score": 1.0,
        "support": 24
    },
    "bike": {
        "precision": 1.0,
        "recall": 1.0,
        "f1-score": 1.0,
        "support": 16
    },
    "bike_helmet": {
        "precision": 1.0,
        "recall": 1.0,
        "f1-score": 1.0,
        "support": 23
    },
    "bookcase": {
        "precision": 1.0,
        "recall": 1.0,
        "f1-score": 1.0,
        "support": 7
    },
    "bottle": {
        "precision": 1.0,
        "recall": 1.0,
        "f1-score": 1.0,
        "support": 11
    },
    "calculator": {
        "precision": 0.78125,
        "recall": 0.9615384615384616,
        "f1-score": 0.8620689655172413,
        "support": 26
    },
    "desk_chair": {
        "precision": 1.0,
        "recall": 1.0,
        "f1-score": 1.0,
        "support": 35
    },
    "desk_lamp": {
        "precision": 1.0,
        "recall": 1.0,
        "f1-score": 1.0,
        "support": 13
    },
    "desktop_computer": {
        "precision": 0.75,
        "recall": 0.9375,
        "f1-score": 0.8333333333333334,
        "support": 16
    },
    "file_cabinet": {
        "precision": 0.9166666666666666,
        "recall": 0.7857142857142857,
        "f1-score": 0.8461538461538461,
        "support": 14
    },
    "headphones": {
        "precision": 1.0,
        "recall": 1.0,
        "f1-score": 1.0,
        "support": 22
    },
    "keyboard": {
        "precision": 1.0,
        "recall": 0.9090909090909091,
        "f1-score": 0.9523809523809523,
        "support": 22
    },
    "laptop_computer": {
        "precision": 0.9565217391304348,
        "recall": 0.88,
        "f1-score": 0.9166666666666666,
        "support": 25
    },
    "letter_tray": {
        "precision": 0.9333333333333333,
        "recall": 1.0,
        "f1-score": 0.9655172413793104,
        "support": 14
    },
    "mobile_phone": {
        "precision": 0.85,
        "recall": 0.68,
        "f1-score": 0.7555555555555556,
        "support": 25
    },
    "monitor": {
        "precision": 0.9736842105263158,
        "recall": 0.9736842105263158,
        "f1-score": 0.9736842105263158,
        "support": 38
    },
    "mouse": {
        "precision": 0.9583333333333334,
        "recall": 0.92,
        "f1-score": 0.9387755102040817,
        "support": 25
    },
    "mug": {
        "precision": 1.0,
        "recall": 1.0,
        "f1-score": 1.0,
        "support": 22
    },
    "paper_notebook": {
        "precision": 0.8846153846153846,
        "recall": 1.0,
        "f1-score": 0.9387755102040816,
        "support": 23
    },
    "pen": {
        "precision": 0.8620689655172413,
        "recall": 0.9259259259259259,
        "f1-score": 0.8928571428571429,
        "support": 27
    },
    "phone": {
        "precision": 1.0,
        "recall": 0.8181818181818182,
        "f1-score": 0.9,
        "support": 11
    },
    "printer": {
        "precision": 0.8333333333333334,
        "recall": 1.0,
        "f1-score": 0.9090909090909091,
        "support": 15
    },
    "projector": {
        "precision": 0.8888888888888888,
        "recall": 0.64,
        "f1-score": 0.7441860465116279,
        "support": 25
    },
    "punchers": {
        "precision": 0.8571428571428571,
        "recall": 0.8181818181818182,
        "f1-score": 0.8372093023255814,
        "support": 22
    },
    "ring_binder": {
        "precision": 0.84375,
        "recall": 0.7714285714285715,
        "f1-score": 0.8059701492537314,
        "support": 35
    },
    "ruler": {
        "precision": 0.6,
        "recall": 0.5,
        "f1-score": 0.5454545454545454,
        "support": 6
    },
    "scissors": {
        "precision": 1.0,
        "recall": 0.95,
        "f1-score": 0.9743589743589743,
        "support": 20
    },
    "speaker": {
        "precision": 0.875,
        "recall": 0.84,
        "f1-score": 0.8571428571428572,
        "support": 25
    },
    "stapler": {
        "precision": 0.9473684210526315,
        "recall": 0.9473684210526315,
        "f1-score": 0.9473684210526315,
        "support": 19
    },
    "tape_dispenser": {
        "precision": 0.75,
        "recall": 1.0,
        "f1-score": 0.8571428571428571,
        "support": 18
    },
    "trash_can": {
        "precision": 0.6842105263157895,
        "recall": 0.8125,
        "f1-score": 0.742857142857143,
        "support": 16
    },
    "accuracy": 0.909375,
    "macro avg": {
        "precision": 0.9079408922534261,
        "recall": 0.905519820052927,
        "f1-score": 0.9031145206441737,
        "support": 640
    },
    "weighted avg": {
        "precision": 0.9140451191048926,
        "recall": 0.909375,
        "f1-score": 0.9082940063970042,
        "support": 640
    }
}