{
    "back_pack": {
        "precision": 0.7777777777777778,
        "recall": 1.0,
        "f1-score": 0.8750000000000001,
        "support": 7
    },
    "bike": {
        "precision": 0.9411764705882353,
        "recall": 1.0,
        "f1-score": 0.9696969696969697,
        "support": 16
    },
    "bike_helmet": {
        "precision": 1.0,
        "recall": 0.8421052631578947,
        "f1-score": 0.9142857142857143,
        "support": 19
    },
    "bookcase": {
        "precision": 1.0,
        "recall": 0.7142857142857143,
        "f1-score": 0.8333333333333333,
        "support": 7
    },
    "bottle": {
        "precision": 1.0,
        "recall": 1.0,
        "f1-score": 1.0,
        "support": 11
    },
    "calculator": {
        "precision": 1.0,
        "recall": 1.0,
        "f1-score": 1.0,
        "support": 7
    },
    "desk_chair": {
        "precision": 1.0,
        "recall": 1.0,
        "f1-score": 1.0,
        "support": 8
    },
    "desk_lamp": {
        "precision": 1.0,
        "recall": 0.5555555555555556,
        "f1-score": 0.7142857142857143,
        "support": 9
    },
    "desktop_computer": {
        "precision": 0.6666666666666666,
        "recall": 0.4,
        "f1-score": 0.5,
        "support": 10
    },
    "file_cabinet": {
        "precision": 0.5555555555555556,
        "recall": 1.0,
        "f1-score": 0.7142857142857143,
        "support": 10
    },
    "headphones": {
        "precision": 0.6666666666666666,
        "recall": 1.0,
        "f1-score": 0.8,
        "support": 8
    },
    "keyboard": {
        "precision": 1.0,
        "recall": 1.0,
        "f1-score": 1.0,
        "support": 5
    },
    "laptop_computer": {
        "precision": 0.9444444444444444,
        "recall": 0.8947368421052632,
        "f1-score": 0.918918918918919,
        "support": 19
    },
    "letter_tray": {
        "precision": 0.6,
        "recall": 0.5454545454545454,
        "f1-score": 0.5714285714285713,
        "support": 11
    },
    "mobile_phone": {
        "precision": 1.0,
        "recall": 0.46153846153846156,
        "f1-score": 0.631578947368421,
        "support": 26
    },
    "monitor": {
        "precision": 1.0,
        "recall": 0.9411764705882353,
        "f1-score": 0.9696969696969697,
        "support": 17
    },
    "mouse": {
        "precision": 0.45454545454545453,
        "recall": 0.7142857142857143,
        "f1-score": 0.5555555555555556,
        "support": 7
    },
    "mug": {
        "precision": 1.0,
        "recall": 1.0,
        "f1-score": 1.0,
        "support": 3
    },
    "paper_notebook": {
        "precision": 1.0,
        "recall": 1.0,
        "f1-score": 1.0,
        "support": 5
    },
    "pen": {
        "precision": 0.3333333333333333,
        "recall": 0.8,
        "f1-score": 0.47058823529411764,
        "support": 5
    },
    "phone": {
        "precision": 0.7272727272727273,
        "recall": 1.0,
        "f1-score": 0.8421052631578948,
        "support": 8
    },
    "printer": {
        "precision": 0.3684210526315789,
        "recall": 0.7,
        "f1-score": 0.48275862068965514,
        "support": 10
    },
    "projector": {
        "precision": 1.0,
        "recall": 0.3333333333333333,
        "f1-score": 0.5,
        "support": 18
    },
    "punchers": {
        "precision": 0.6923076923076923,
        "recall": 0.6923076923076923,
        "f1-score": 0.6923076923076923,
        "support": 13
    },
    "ring_binder": {
        "precision": 0.625,
        "recall": 1.0,
        "f1-score": 0.7692307692307693,
        "support": 5
    },
    "ruler": {
        "precision": 0.2857142857142857,
        "recall": 1.0,
        "f1-score": 0.4444444444444445,
        "support": 2
    },
    "scissors": {
        "precision": 1.0,
        "recall": 0.6153846153846154,
        "f1-score": 0.761904761904762,
        "support": 13
    },
    "speaker": {
        "precision": 0.8421052631578947,
        "recall": 0.7619047619047619,
        "f1-score": 0.8,
        "support": 21
    },
    "stapler": {
        "precision": 0.47368421052631576,
        "recall": 0.5625,
        "f1-score": 0.5142857142857142,
        "support": 16
    },
    "tape_dispenser": {
        "precision": 0.75,
        "recall": 0.8823529411764706,
        "f1-score": 0.8108108108108107,
        "support": 17
    },
    "trash_can": {
        "precision": 0.8571428571428571,
        "recall": 0.6,
        "f1-score": 0.7058823529411764,
        "support": 10
    },
    "accuracy": 0.760932944606414,
    "macro avg": {
        "precision": 0.7923165954300478,
        "recall": 0.8069974810025247,
        "f1-score": 0.7665285507717071,
        "support": 343
    },
    "weighted avg": {
        "precision": 0.8286739364560719,
        "recall": 0.760932944606414,
        "f1-score": 0.7632205790438307,
        "support": 343
    }
}