{
    "back_pack": {
        "precision": 0.0,
        "recall": 0.0,
        "f1-score": 0.0,
        "support": 87
    },
    "bike": {
        "precision": 0.96,
        "recall": 0.935064935064935,
        "f1-score": 0.9473684210526316,
        "support": 77
    },
    "bike_helmet": {
        "precision": 0.2,
        "recall": 0.8805970149253731,
        "f1-score": 0.3259668508287293,
        "support": 67
    },
    "bookcase": {
        "precision": 0.0,
        "recall": 0.0,
        "f1-score": 0.0,
        "support": 77
    },
    "bottle": {
        "precision": 0.05128205128205128,
        "recall": 0.5806451612903226,
        "f1-score": 0.09424083769633507,
        "support": 31
    },
    "calculator": {
        "precision": 0.0,
        "recall": 0.0,
        "f1-score": 0.0,
        "support": 89
    },
    "desk_chair": {
        "precision": 0.9411764705882353,
        "recall": 0.18604651162790697,
        "f1-score": 0.3106796116504854,
        "support": 86
    },
    "desk_lamp": {
        "precision": 0.0,
        "recall": 0.0,
        "f1-score": 0.0,
        "support": 92
    },
    "desktop_computer": {
        "precision": 0.0,
        "recall": 0.0,
        "f1-score": 0.0,
        "support": 92
    },
    "file_cabinet": {
        "precision": 0.10459183673469388,
        "recall": 0.5394736842105263,
        "f1-score": 0.17521367521367523,
        "support": 76
    },
    "headphones": {
        "precision": 0.0,
        "recall": 0.0,
        "f1-score": 0.0,
        "support": 94
    },
    "keyboard": {
        "precision": 0.24,
        "recall": 0.37894736842105264,
        "f1-score": 0.29387755102040813,
        "support": 95
    },
    "laptop_computer": {
        "precision": 0.07692307692307693,
        "recall": 0.010526315789473684,
        "f1-score": 0.018518518518518517,
        "support": 95
    },
    "letter_tray": {
        "precision": 0.0,
        "recall": 0.0,
        "f1-score": 0.0,
        "support": 93
    },
    "mobile_phone": {
        "precision": 0.0,
        "recall": 0.0,
        "f1-score": 0.0,
        "support": 95
    },
    "monitor": {
        "precision": 0.0,
        "recall": 0.0,
        "f1-score": 0.0,
        "support": 94
    },
    "mouse": {
        "precision": 0.0,
        "recall": 0.0,
        "f1-score": 0.0,
        "support": 95
    },
    "mug": {
        "precision": 0.0,
        "recall": 0.0,
        "f1-score": 0.0,
        "support": 89
    },
    "paper_notebook": {
        "precision": 0.0,
        "recall": 0.0,
        "f1-score": 0.0,
        "support": 91
    },
    "pen": {
        "precision": 0.05890804597701149,
        "recall": 0.45555555555555555,
        "f1-score": 0.10432569974554708,
        "support": 90
    },
    "phone": {
        "precision": 1.0,
        "recall": 0.1590909090909091,
        "f1-score": 0.2745098039215686,
        "support": 88
    },
    "printer": {
        "precision": 0.0,
        "recall": 0.0,
        "f1-score": 0.0,
        "support": 95
    },
    "projector": {
        "precision": 0.0,
        "recall": 0.0,
        "f1-score": 0.0,
        "support": 93
    },
    "punchers": {
        "precision": 0.0,
        "recall": 0.0,
        "f1-score": 0.0,
        "support": 93
    },
    "ring_binder": {
        "precision": 0.0,
        "recall": 0.0,
        "f1-score": 0.0,
        "support": 85
    },
    "ruler": {
        "precision": 0.06797853309481217,
        "recall": 0.5428571428571428,
        "f1-score": 0.12082670906200318,
        "support": 70
    },
    "scissors": {
        "precision": 0.0,
        "recall": 0.0,
        "f1-score": 0.0,
        "support": 95
    },
    "speaker": {
        "precision": 0.0,
        "recall": 0.0,
        "f1-score": 0.0,
        "support": 94
    },
    "stapler": {
        "precision": 0.0,
        "recall": 0.0,
        "f1-score": 0.0,
        "support": 94
    },
    "tape_dispenser": {
        "precision": 0.0,
        "recall": 0.0,
        "f1-score": 0.0,
        "support": 91
    },
    "trash_can": {
        "precision": 0.047619047619047616,
        "recall": 0.01694915254237288,
        "f1-score": 0.025,
        "support": 59
    },
    "accuracy": 0.12659654395191586,
    "macro avg": {
        "precision": 0.12091867942641704,
        "recall": 0.1511533468185668,
        "f1-score": 0.0867912154422549,
        "support": 2662
    },
    "weighted avg": {
        "precision": 0.11599449181966662,
        "recall": 0.12659654395191586,
        "f1-score": 0.07922613496471845,
        "support": 2662
    }
}