{
    "back_pack": {
        "precision": 0.5369127516778524,
        "recall": 0.9195402298850575,
        "f1-score": 0.6779661016949153,
        "support": 87
    },
    "bike": {
        "precision": 0.8941176470588236,
        "recall": 0.987012987012987,
        "f1-score": 0.9382716049382716,
        "support": 77
    },
    "bike_helmet": {
        "precision": 0.6935483870967742,
        "recall": 0.6417910447761194,
        "f1-score": 0.6666666666666666,
        "support": 67
    },
    "bookcase": {
        "precision": 0.37222222222222223,
        "recall": 0.8701298701298701,
        "f1-score": 0.5214007782101168,
        "support": 77
    },
    "bottle": {
        "precision": 0.3076923076923077,
        "recall": 0.5161290322580645,
        "f1-score": 0.3855421686746988,
        "support": 31
    },
    "calculator": {
        "precision": 0.3737864077669903,
        "recall": 0.8651685393258427,
        "f1-score": 0.5220338983050847,
        "support": 89
    },
    "desk_chair": {
        "precision": 0.8620689655172413,
        "recall": 0.872093023255814,
        "f1-score": 0.8670520231213873,
        "support": 86
    },
    "desk_lamp": {
        "precision": 0.8409090909090909,
        "recall": 0.40217391304347827,
        "f1-score": 0.5441176470588235,
        "support": 92
    },
    "desktop_computer": {
        "precision": 0.6363636363636364,
        "recall": 0.22826086956521738,
        "f1-score": 0.33599999999999997,
        "support": 92
    },
    "file_cabinet": {
        "precision": 0.13333333333333333,
        "recall": 0.10526315789473684,
        "f1-score": 0.11764705882352941,
        "support": 76
    },
    "headphones": {
        "precision": 0.8777777777777778,
        "recall": 0.8404255319148937,
        "f1-score": 0.858695652173913,
        "support": 94
    },
    "keyboard": {
        "precision": 0.6486486486486487,
        "recall": 0.7578947368421053,
        "f1-score": 0.6990291262135923,
        "support": 95
    },
    "laptop_computer": {
        "precision": 0.4,
        "recall": 0.25263157894736843,
        "f1-score": 0.3096774193548387,
        "support": 95
    },
    "letter_tray": {
        "precision": 0.53125,
        "recall": 0.1827956989247312,
        "f1-score": 0.27199999999999996,
        "support": 93
    },
    "mobile_phone": {
        "precision": 0.875,
        "recall": 0.29473684210526313,
        "f1-score": 0.4409448818897637,
        "support": 95
    },
    "monitor": {
        "precision": 0.524390243902439,
        "recall": 0.9148936170212766,
        "f1-score": 0.6666666666666667,
        "support": 94
    },
    "mouse": {
        "precision": 0.4426229508196721,
        "recall": 0.28421052631578947,
        "f1-score": 0.34615384615384615,
        "support": 95
    },
    "mug": {
        "precision": 0.6555555555555556,
        "recall": 0.6629213483146067,
        "f1-score": 0.659217877094972,
        "support": 89
    },
    "paper_notebook": {
        "precision": 0.4642857142857143,
        "recall": 0.42857142857142855,
        "f1-score": 0.44571428571428573,
        "support": 91
    },
    "pen": {
        "precision": 0.6666666666666666,
        "recall": 0.044444444444444446,
        "f1-score": 0.08333333333333334,
        "support": 90
    },
    "phone": {
        "precision": 0.7368421052631579,
        "recall": 0.6363636363636364,
        "f1-score": 0.6829268292682926,
        "support": 88
    },
    "printer": {
        "precision": 0.6767676767676768,
        "recall": 0.7052631578947368,
        "f1-score": 0.690721649484536,
        "support": 95
    },
    "projector": {
        "precision": 0.35714285714285715,
        "recall": 0.6451612903225806,
        "f1-score": 0.4597701149425288,
        "support": 93
    },
    "punchers": {
        "precision": 0.16541353383458646,
        "recall": 0.23655913978494625,
        "f1-score": 0.19469026548672566,
        "support": 93
    },
    "ring_binder": {
        "precision": 0.33613445378151263,
        "recall": 0.47058823529411764,
        "f1-score": 0.39215686274509803,
        "support": 85
    },
    "ruler": {
        "precision": 0.3557692307692308,
        "recall": 0.5285714285714286,
        "f1-score": 0.4252873563218391,
        "support": 70
    },
    "scissors": {
        "precision": 0.5454545454545454,
        "recall": 0.3157894736842105,
        "f1-score": 0.39999999999999997,
        "support": 95
    },
    "speaker": {
        "precision": 0.5277777777777778,
        "recall": 0.20212765957446807,
        "f1-score": 0.2923076923076923,
        "support": 94
    },
    "stapler": {
        "precision": 0.7,
        "recall": 0.14893617021276595,
        "f1-score": 0.24561403508771928,
        "support": 94
    },
    "tape_dispenser": {
        "precision": 0.2767857142857143,
        "recall": 0.34065934065934067,
        "f1-score": 0.3054187192118227,
        "support": 91
    },
    "trash_can": {
        "precision": 0.25,
        "recall": 0.22033898305084745,
        "f1-score": 0.23423423423423426,
        "support": 59
    },
    "accuracy": 0.4973703981968445,
    "macro avg": {
        "precision": 0.537588393624897,
        "recall": 0.5006918366439411,
        "f1-score": 0.47358899339287724,
        "support": 2662
    },
    "weighted avg": {
        "precision": 0.5479520155432609,
        "recall": 0.4973703981968445,
        "f1-score": 0.4751351187769934,
        "support": 2662
    }
}