{
    "back_pack": {
        "precision": 0.9036144578313253,
        "recall": 0.8620689655172413,
        "f1-score": 0.8823529411764707,
        "support": 87
    },
    "bike": {
        "precision": 0.9047619047619048,
        "recall": 0.987012987012987,
        "f1-score": 0.9440993788819876,
        "support": 77
    },
    "bike_helmet": {
        "precision": 0.6707317073170732,
        "recall": 0.8208955223880597,
        "f1-score": 0.738255033557047,
        "support": 67
    },
    "bookcase": {
        "precision": 0.45774647887323944,
        "recall": 0.8441558441558441,
        "f1-score": 0.593607305936073,
        "support": 77
    },
    "bottle": {
        "precision": 0.4358974358974359,
        "recall": 0.5483870967741935,
        "f1-score": 0.4857142857142857,
        "support": 31
    },
    "calculator": {
        "precision": 0.8552631578947368,
        "recall": 0.7303370786516854,
        "f1-score": 0.7878787878787878,
        "support": 89
    },
    "desk_chair": {
        "precision": 0.8222222222222222,
        "recall": 0.8604651162790697,
        "f1-score": 0.8409090909090908,
        "support": 86
    },
    "desk_lamp": {
        "precision": 0.9393939393939394,
        "recall": 0.33695652173913043,
        "f1-score": 0.49600000000000005,
        "support": 92
    },
    "desktop_computer": {
        "precision": 0.6904761904761905,
        "recall": 0.31521739130434784,
        "f1-score": 0.43283582089552236,
        "support": 92
    },
    "file_cabinet": {
        "precision": 0.3013698630136986,
        "recall": 0.5789473684210527,
        "f1-score": 0.39639639639639634,
        "support": 76
    },
    "headphones": {
        "precision": 0.8,
        "recall": 0.851063829787234,
        "f1-score": 0.8247422680412372,
        "support": 94
    },
    "keyboard": {
        "precision": 0.6589147286821705,
        "recall": 0.8947368421052632,
        "f1-score": 0.7589285714285714,
        "support": 95
    },
    "laptop_computer": {
        "precision": 0.7394957983193278,
        "recall": 0.9263157894736842,
        "f1-score": 0.822429906542056,
        "support": 95
    },
    "letter_tray": {
        "precision": 0.5272727272727272,
        "recall": 0.6236559139784946,
        "f1-score": 0.5714285714285714,
        "support": 93
    },
    "mobile_phone": {
        "precision": 0.8165137614678899,
        "recall": 0.9368421052631579,
        "f1-score": 0.8725490196078431,
        "support": 95
    },
    "monitor": {
        "precision": 0.8113207547169812,
        "recall": 0.9148936170212766,
        "f1-score": 0.8600000000000001,
        "support": 94
    },
    "mouse": {
        "precision": 0.5958904109589042,
        "recall": 0.9157894736842105,
        "f1-score": 0.7219917012448133,
        "support": 95
    },
    "mug": {
        "precision": 0.796875,
        "recall": 0.5730337078651685,
        "f1-score": 0.6666666666666667,
        "support": 89
    },
    "paper_notebook": {
        "precision": 0.5,
        "recall": 0.6483516483516484,
        "f1-score": 0.5645933014354068,
        "support": 91
    },
    "pen": {
        "precision": 0.494949494949495,
        "recall": 0.5444444444444444,
        "f1-score": 0.5185185185185185,
        "support": 90
    },
    "phone": {
        "precision": 0.7236842105263158,
        "recall": 0.625,
        "f1-score": 0.6707317073170731,
        "support": 88
    },
    "printer": {
        "precision": 0.6981132075471698,
        "recall": 0.7789473684210526,
        "f1-score": 0.7363184079601991,
        "support": 95
    },
    "projector": {
        "precision": 0.9210526315789473,
        "recall": 0.7526881720430108,
        "f1-score": 0.8284023668639053,
        "support": 93
    },
    "punchers": {
        "precision": 0.3448275862068966,
        "recall": 0.21505376344086022,
        "f1-score": 0.26490066225165565,
        "support": 93
    },
    "ring_binder": {
        "precision": 0.38144329896907214,
        "recall": 0.43529411764705883,
        "f1-score": 0.4065934065934066,
        "support": 85
    },
    "ruler": {
        "precision": 0.5263157894736842,
        "recall": 0.5714285714285714,
        "f1-score": 0.547945205479452,
        "support": 70
    },
    "scissors": {
        "precision": 0.5,
        "recall": 0.3473684210526316,
        "f1-score": 0.4099378881987578,
        "support": 95
    },
    "speaker": {
        "precision": 0.6046511627906976,
        "recall": 0.2765957446808511,
        "f1-score": 0.3795620437956204,
        "support": 94
    },
    "stapler": {
        "precision": 0.5490196078431373,
        "recall": 0.2978723404255319,
        "f1-score": 0.38620689655172413,
        "support": 94
    },
    "tape_dispenser": {
        "precision": 0.4264705882352941,
        "recall": 0.31868131868131866,
        "f1-score": 0.36477987421383645,
        "support": 91
    },
    "trash_can": {
        "precision": 0.6785714285714286,
        "recall": 0.3220338983050847,
        "f1-score": 0.43678160919540227,
        "support": 59
    },
    "accuracy": 0.6363636363636364,
    "macro avg": {
        "precision": 0.6476406305094163,
        "recall": 0.6340172574304569,
        "f1-score": 0.6197437946671089,
        "support": 2662
    },
    "weighted avg": {
        "precision": 0.6543736228300712,
        "recall": 0.6363636363636364,
        "f1-score": 0.6242538312861285,
        "support": 2662
    }
}