{
    "back_pack": {
        "precision": 0.8181818181818182,
        "recall": 1.0,
        "f1-score": 0.9,
        "support": 9
    },
    "bike": {
        "precision": 1.0,
        "recall": 1.0,
        "f1-score": 1.0,
        "support": 18
    },
    "bike_helmet": {
        "precision": 0.9545454545454546,
        "recall": 1.0,
        "f1-score": 0.9767441860465117,
        "support": 21
    },
    "bookcase": {
        "precision": 0.8,
        "recall": 0.8888888888888888,
        "f1-score": 0.8421052631578948,
        "support": 9
    },
    "bottle": {
        "precision": 1.0,
        "recall": 1.0,
        "f1-score": 1.0,
        "support": 13
    },
    "calculator": {
        "precision": 0.8571428571428571,
        "recall": 0.6666666666666666,
        "f1-score": 0.75,
        "support": 9
    },
    "desk_chair": {
        "precision": 1.0,
        "recall": 1.0,
        "f1-score": 1.0,
        "support": 10
    },
    "desk_lamp": {
        "precision": 1.0,
        "recall": 1.0,
        "f1-score": 1.0,
        "support": 11
    },
    "desktop_computer": {
        "precision": 0.5384615384615384,
        "recall": 0.5833333333333334,
        "f1-score": 0.5599999999999999,
        "support": 12
    },
    "file_cabinet": {
        "precision": 0.5714285714285714,
        "recall": 1.0,
        "f1-score": 0.7272727272727273,
        "support": 12
    },
    "headphones": {
        "precision": 1.0,
        "recall": 1.0,
        "f1-score": 1.0,
        "support": 10
    },
    "keyboard": {
        "precision": 0.7,
        "recall": 1.0,
        "f1-score": 0.8235294117647058,
        "support": 7
    },
    "laptop_computer": {
        "precision": 1.0,
        "recall": 0.9047619047619048,
        "f1-score": 0.9500000000000001,
        "support": 21
    },
    "letter_tray": {
        "precision": 1.0,
        "recall": 0.6923076923076923,
        "f1-score": 0.8181818181818181,
        "support": 13
    },
    "mobile_phone": {
        "precision": 1.0,
        "recall": 0.32142857142857145,
        "f1-score": 0.4864864864864865,
        "support": 28
    },
    "monitor": {
        "precision": 1.0,
        "recall": 0.7894736842105263,
        "f1-score": 0.8823529411764706,
        "support": 19
    },
    "mouse": {
        "precision": 0.9,
        "recall": 1.0,
        "f1-score": 0.9473684210526316,
        "support": 9
    },
    "mug": {
        "precision": 0.8,
        "recall": 0.8,
        "f1-score": 0.8000000000000002,
        "support": 5
    },
    "paper_notebook": {
        "precision": 0.7,
        "recall": 1.0,
        "f1-score": 0.8235294117647058,
        "support": 7
    },
    "pen": {
        "precision": 0.875,
        "recall": 1.0,
        "f1-score": 0.9333333333333333,
        "support": 7
    },
    "phone": {
        "precision": 1.0,
        "recall": 0.9,
        "f1-score": 0.9473684210526316,
        "support": 10
    },
    "printer": {
        "precision": 0.6153846153846154,
        "recall": 0.6666666666666666,
        "f1-score": 0.64,
        "support": 12
    },
    "projector": {
        "precision": 0.8888888888888888,
        "recall": 0.8,
        "f1-score": 0.8421052631578948,
        "support": 20
    },
    "punchers": {
        "precision": 0.4375,
        "recall": 0.9333333333333333,
        "f1-score": 0.5957446808510638,
        "support": 15
    },
    "ring_binder": {
        "precision": 0.4375,
        "recall": 1.0,
        "f1-score": 0.6086956521739131,
        "support": 7
    },
    "ruler": {
        "precision": 1.0,
        "recall": 1.0,
        "f1-score": 1.0,
        "support": 4
    },
    "scissors": {
        "precision": 1.0,
        "recall": 0.9333333333333333,
        "f1-score": 0.9655172413793104,
        "support": 15
    },
    "speaker": {
        "precision": 0.9047619047619048,
        "recall": 0.8260869565217391,
        "f1-score": 0.8636363636363636,
        "support": 23
    },
    "stapler": {
        "precision": 0.6666666666666666,
        "recall": 0.5555555555555556,
        "f1-score": 0.606060606060606,
        "support": 18
    },
    "tape_dispenser": {
        "precision": 1.0,
        "recall": 0.7894736842105263,
        "f1-score": 0.8823529411764706,
        "support": 19
    },
    "trash_can": {
        "precision": 1.0,
        "recall": 0.5833333333333334,
        "f1-score": 0.7368421052631579,
        "support": 12
    },
    "accuracy": 0.8246913580246914,
    "macro avg": {
        "precision": 0.853724590821365,
        "recall": 0.8591820517597443,
        "f1-score": 0.8357815249996353,
        "support": 405
    },
    "weighted avg": {
        "precision": 0.8747258639851232,
        "recall": 0.8246913580246914,
        "f1-score": 0.8247030279533754,
        "support": 405
    }
}