{
    "back_pack": {
        "precision": 0.7777777777777778,
        "recall": 1.0,
        "f1-score": 0.8750000000000001,
        "support": 7
    },
    "bike": {
        "precision": 1.0,
        "recall": 1.0,
        "f1-score": 1.0,
        "support": 16
    },
    "bike_helmet": {
        "precision": 1.0,
        "recall": 0.8421052631578947,
        "f1-score": 0.9142857142857143,
        "support": 19
    },
    "bookcase": {
        "precision": 1.0,
        "recall": 0.5714285714285714,
        "f1-score": 0.7272727272727273,
        "support": 7
    },
    "bottle": {
        "precision": 0.9166666666666666,
        "recall": 1.0,
        "f1-score": 0.9565217391304348,
        "support": 11
    },
    "calculator": {
        "precision": 0.8571428571428571,
        "recall": 0.8571428571428571,
        "f1-score": 0.8571428571428571,
        "support": 7
    },
    "desk_chair": {
        "precision": 1.0,
        "recall": 1.0,
        "f1-score": 1.0,
        "support": 8
    },
    "desk_lamp": {
        "precision": 1.0,
        "recall": 0.7777777777777778,
        "f1-score": 0.8750000000000001,
        "support": 9
    },
    "desktop_computer": {
        "precision": 0.7142857142857143,
        "recall": 0.5,
        "f1-score": 0.588235294117647,
        "support": 10
    },
    "file_cabinet": {
        "precision": 0.6,
        "recall": 0.9,
        "f1-score": 0.7200000000000001,
        "support": 10
    },
    "headphones": {
        "precision": 0.6666666666666666,
        "recall": 1.0,
        "f1-score": 0.8,
        "support": 8
    },
    "keyboard": {
        "precision": 0.8,
        "recall": 0.8,
        "f1-score": 0.8000000000000002,
        "support": 5
    },
    "laptop_computer": {
        "precision": 0.8888888888888888,
        "recall": 0.8421052631578947,
        "f1-score": 0.8648648648648649,
        "support": 19
    },
    "letter_tray": {
        "precision": 0.4166666666666667,
        "recall": 0.9090909090909091,
        "f1-score": 0.5714285714285715,
        "support": 11
    },
    "mobile_phone": {
        "precision": 0.9090909090909091,
        "recall": 0.38461538461538464,
        "f1-score": 0.5405405405405405,
        "support": 26
    },
    "monitor": {
        "precision": 1.0,
        "recall": 0.9411764705882353,
        "f1-score": 0.9696969696969697,
        "support": 17
    },
    "mouse": {
        "precision": 0.5,
        "recall": 0.5714285714285714,
        "f1-score": 0.5333333333333333,
        "support": 7
    },
    "mug": {
        "precision": 1.0,
        "recall": 1.0,
        "f1-score": 1.0,
        "support": 3
    },
    "paper_notebook": {
        "precision": 0.7142857142857143,
        "recall": 1.0,
        "f1-score": 0.8333333333333333,
        "support": 5
    },
    "pen": {
        "precision": 0.6666666666666666,
        "recall": 0.4,
        "f1-score": 0.5,
        "support": 5
    },
    "phone": {
        "precision": 0.7272727272727273,
        "recall": 1.0,
        "f1-score": 0.8421052631578948,
        "support": 8
    },
    "printer": {
        "precision": 0.8333333333333334,
        "recall": 0.5,
        "f1-score": 0.625,
        "support": 10
    },
    "projector": {
        "precision": 0.7368421052631579,
        "recall": 0.7777777777777778,
        "f1-score": 0.7567567567567567,
        "support": 18
    },
    "punchers": {
        "precision": 0.5714285714285714,
        "recall": 0.6153846153846154,
        "f1-score": 0.5925925925925927,
        "support": 13
    },
    "ring_binder": {
        "precision": 0.625,
        "recall": 1.0,
        "f1-score": 0.7692307692307693,
        "support": 5
    },
    "ruler": {
        "precision": 0.11764705882352941,
        "recall": 1.0,
        "f1-score": 0.21052631578947367,
        "support": 2
    },
    "scissors": {
        "precision": 1.0,
        "recall": 0.7692307692307693,
        "f1-score": 0.8695652173913044,
        "support": 13
    },
    "speaker": {
        "precision": 1.0,
        "recall": 0.7142857142857143,
        "f1-score": 0.8333333333333333,
        "support": 21
    },
    "stapler": {
        "precision": 0.4444444444444444,
        "recall": 0.25,
        "f1-score": 0.32,
        "support": 16
    },
    "tape_dispenser": {
        "precision": 0.7894736842105263,
        "recall": 0.8823529411764706,
        "f1-score": 0.8333333333333333,
        "support": 17
    },
    "trash_can": {
        "precision": 0.8571428571428571,
        "recall": 0.6,
        "f1-score": 0.7058823529411764,
        "support": 10
    },
    "accuracy": 0.7551020408163265,
    "macro avg": {
        "precision": 0.7784104293566992,
        "recall": 0.7872871898788208,
        "f1-score": 0.7511284477314073,
        "support": 343
    },
    "weighted avg": {
        "precision": 0.8158147140638634,
        "recall": 0.7551020408163265,
        "f1-score": 0.7605034720742998,
        "support": 343
    }
}