{
    "back_pack": {
        "precision": 0.6747967479674797,
        "recall": 0.9540229885057471,
        "f1-score": 0.7904761904761904,
        "support": 87
    },
    "bike": {
        "precision": 0.9166666666666666,
        "recall": 1.0,
        "f1-score": 0.9565217391304348,
        "support": 77
    },
    "bike_helmet": {
        "precision": 0.6063829787234043,
        "recall": 0.8507462686567164,
        "f1-score": 0.7080745341614907,
        "support": 67
    },
    "bookcase": {
        "precision": 0.6705882352941176,
        "recall": 0.7402597402597403,
        "f1-score": 0.7037037037037037,
        "support": 77
    },
    "bottle": {
        "precision": 0.36538461538461536,
        "recall": 0.6129032258064516,
        "f1-score": 0.45783132530120485,
        "support": 31
    },
    "calculator": {
        "precision": 0.7857142857142857,
        "recall": 0.8651685393258427,
        "f1-score": 0.8235294117647058,
        "support": 89
    },
    "desk_chair": {
        "precision": 0.8987341772151899,
        "recall": 0.8255813953488372,
        "f1-score": 0.8606060606060606,
        "support": 86
    },
    "desk_lamp": {
        "precision": 0.6716417910447762,
        "recall": 0.4891304347826087,
        "f1-score": 0.5660377358490566,
        "support": 92
    },
    "desktop_computer": {
        "precision": 0.3870967741935484,
        "recall": 0.5217391304347826,
        "f1-score": 0.4444444444444444,
        "support": 92
    },
    "file_cabinet": {
        "precision": 0.5507246376811594,
        "recall": 0.5,
        "f1-score": 0.5241379310344828,
        "support": 76
    },
    "headphones": {
        "precision": 0.8131868131868132,
        "recall": 0.7872340425531915,
        "f1-score": 0.7999999999999999,
        "support": 94
    },
    "keyboard": {
        "precision": 0.7297297297297297,
        "recall": 0.8526315789473684,
        "f1-score": 0.7864077669902912,
        "support": 95
    },
    "laptop_computer": {
        "precision": 0.8172043010752689,
        "recall": 0.8,
        "f1-score": 0.8085106382978724,
        "support": 95
    },
    "letter_tray": {
        "precision": 0.638095238095238,
        "recall": 0.7204301075268817,
        "f1-score": 0.6767676767676767,
        "support": 93
    },
    "mobile_phone": {
        "precision": 0.7961165048543689,
        "recall": 0.8631578947368421,
        "f1-score": 0.8282828282828283,
        "support": 95
    },
    "monitor": {
        "precision": 0.9101123595505618,
        "recall": 0.8617021276595744,
        "f1-score": 0.8852459016393442,
        "support": 94
    },
    "mouse": {
        "precision": 0.6776859504132231,
        "recall": 0.8631578947368421,
        "f1-score": 0.7592592592592592,
        "support": 95
    },
    "mug": {
        "precision": 0.8051948051948052,
        "recall": 0.6966292134831461,
        "f1-score": 0.7469879518072291,
        "support": 89
    },
    "paper_notebook": {
        "precision": 0.6428571428571429,
        "recall": 0.5934065934065934,
        "f1-score": 0.6171428571428572,
        "support": 91
    },
    "pen": {
        "precision": 0.6530612244897959,
        "recall": 0.35555555555555557,
        "f1-score": 0.460431654676259,
        "support": 90
    },
    "phone": {
        "precision": 0.7962962962962963,
        "recall": 0.48863636363636365,
        "f1-score": 0.6056338028169014,
        "support": 88
    },
    "printer": {
        "precision": 0.9090909090909091,
        "recall": 0.631578947368421,
        "f1-score": 0.7453416149068324,
        "support": 95
    },
    "projector": {
        "precision": 0.6774193548387096,
        "recall": 0.6774193548387096,
        "f1-score": 0.6774193548387096,
        "support": 93
    },
    "punchers": {
        "precision": 0.32954545454545453,
        "recall": 0.3118279569892473,
        "f1-score": 0.3204419889502762,
        "support": 93
    },
    "ring_binder": {
        "precision": 0.2684563758389262,
        "recall": 0.47058823529411764,
        "f1-score": 0.3418803418803419,
        "support": 85
    },
    "ruler": {
        "precision": 0.5972222222222222,
        "recall": 0.6142857142857143,
        "f1-score": 0.6056338028169014,
        "support": 70
    },
    "scissors": {
        "precision": 0.40404040404040403,
        "recall": 0.42105263157894735,
        "f1-score": 0.41237113402061853,
        "support": 95
    },
    "speaker": {
        "precision": 0.90625,
        "recall": 0.30851063829787234,
        "f1-score": 0.46031746031746035,
        "support": 94
    },
    "stapler": {
        "precision": 0.4672897196261682,
        "recall": 0.5319148936170213,
        "f1-score": 0.4975124378109453,
        "support": 94
    },
    "tape_dispenser": {
        "precision": 0.5576923076923077,
        "recall": 0.31868131868131866,
        "f1-score": 0.40559440559440557,
        "support": 91
    },
    "trash_can": {
        "precision": 0.4423076923076923,
        "recall": 0.3898305084745763,
        "f1-score": 0.4144144144144144,
        "support": 59
    },
    "accuracy": 0.6431254695717505,
    "macro avg": {
        "precision": 0.6569866359945574,
        "recall": 0.6425091385415816,
        "f1-score": 0.6351922699904257,
        "support": 2662
    },
    "weighted avg": {
        "precision": 0.6670370258531007,
        "recall": 0.6431254695717505,
        "f1-score": 0.6405123984600617,
        "support": 2662
    }
}