{
    "0": {
        "precision": 0.7097097097097097,
        "recall": 0.8075170842824602,
        "f1-score": 0.75546084176878,
        "support": 878
    },
    "1": {
        "precision": 0.6099185788304959,
        "recall": 0.8110236220472441,
        "f1-score": 0.6962399662019434,
        "support": 1016
    },
    "2": {
        "precision": 0.8992125984251969,
        "recall": 0.6120042872454448,
        "f1-score": 0.7283163265306122,
        "support": 933
    },
    "3": {
        "precision": 0.6862139917695473,
        "recall": 0.7345814977973568,
        "f1-score": 0.7095744680851065,
        "support": 908
    },
    "4": {
        "precision": 0.7916666666666666,
        "recall": 0.6617977528089888,
        "f1-score": 0.7209302325581395,
        "support": 890
    },
    "5": {
        "precision": 0.9208791208791208,
        "recall": 0.5192069392812887,
        "f1-score": 0.664025356576862,
        "support": 807
    },
    "6": {
        "precision": 0.9220389805097451,
        "recall": 0.7184579439252337,
        "f1-score": 0.8076165462902167,
        "support": 856
    },
    "7": {
        "precision": 0.8220779220779221,
        "recall": 0.6925601750547046,
        "f1-score": 0.7517814726840856,
        "support": 914
    },
    "8": {
        "precision": 0.4248284466625078,
        "recall": 0.7738636363636363,
        "f1-score": 0.5485300040273863,
        "support": 880
    },
    "9": {
        "precision": 0.7776397515527951,
        "recall": 0.6811751904243744,
        "f1-score": 0.7262180974477959,
        "support": 919
    },
    "accuracy": 0.7036995889345629,
    "macro avg": {
        "precision": 0.7564185767083708,
        "recall": 0.7012188129230732,
        "f1-score": 0.7108693312170928,
        "support": 9001
    },
    "weighted avg": {
        "precision": 0.7534415505824616,
        "recall": 0.7036995889345629,
        "f1-score": 0.7110912575157291,
        "support": 9001
    }
}