{
    "back_pack": {
        "precision": 0.8888888888888888,
        "recall": 0.8,
        "f1-score": 0.8421052631578948,
        "support": 10
    },
    "bike": {
        "precision": 1.0,
        "recall": 1.0,
        "f1-score": 1.0,
        "support": 11
    },
    "bike_helmet": {
        "precision": 1.0,
        "recall": 0.7,
        "f1-score": 0.8235294117647058,
        "support": 10
    },
    "bookcase": {
        "precision": 1.0,
        "recall": 1.0,
        "f1-score": 1.0,
        "support": 2
    },
    "bottle": {
        "precision": 1.0,
        "recall": 0.7142857142857143,
        "f1-score": 0.8333333333333333,
        "support": 7
    },
    "calculator": {
        "precision": 0.8333333333333334,
        "recall": 0.45454545454545453,
        "f1-score": 0.5882352941176471,
        "support": 11
    },
    "desk_chair": {
        "precision": 0.7,
        "recall": 1.0,
        "f1-score": 0.8235294117647058,
        "support": 14
    },
    "desk_lamp": {
        "precision": 1.0,
        "recall": 0.3333333333333333,
        "f1-score": 0.5,
        "support": 3
    },
    "desktop_computer": {
        "precision": 0.16666666666666666,
        "recall": 0.5,
        "f1-score": 0.25,
        "support": 2
    },
    "file_cabinet": {
        "precision": 1.0,
        "recall": 1.0,
        "f1-score": 1.0,
        "support": 6
    },
    "headphones": {
        "precision": 1.0,
        "recall": 0.36363636363636365,
        "f1-score": 0.5333333333333333,
        "support": 11
    },
    "keyboard": {
        "precision": 0.6666666666666666,
        "recall": 0.8571428571428571,
        "f1-score": 0.75,
        "support": 7
    },
    "laptop_computer": {
        "precision": 0.8333333333333334,
        "recall": 0.8333333333333334,
        "f1-score": 0.8333333333333334,
        "support": 12
    },
    "letter_tray": {
        "precision": 0.6666666666666666,
        "recall": 0.6666666666666666,
        "f1-score": 0.6666666666666666,
        "support": 6
    },
    "mobile_phone": {
        "precision": 0.0,
        "recall": 0.0,
        "f1-score": 0.0,
        "support": 4
    },
    "monitor": {
        "precision": 1.0,
        "recall": 0.23076923076923078,
        "f1-score": 0.375,
        "support": 13
    },
    "mouse": {
        "precision": 0.5833333333333334,
        "recall": 0.875,
        "f1-score": 0.7000000000000001,
        "support": 8
    },
    "mug": {
        "precision": 1.0,
        "recall": 1.0,
        "f1-score": 1.0,
        "support": 5
    },
    "paper_notebook": {
        "precision": 1.0,
        "recall": 0.75,
        "f1-score": 0.8571428571428571,
        "support": 8
    },
    "pen": {
        "precision": 0.7272727272727273,
        "recall": 0.8888888888888888,
        "f1-score": 0.7999999999999999,
        "support": 9
    },
    "phone": {
        "precision": 1.0,
        "recall": 1.0,
        "f1-score": 1.0,
        "support": 5
    },
    "printer": {
        "precision": 0.4166666666666667,
        "recall": 1.0,
        "f1-score": 0.5882352941176471,
        "support": 5
    },
    "projector": {
        "precision": 0.35294117647058826,
        "recall": 0.5454545454545454,
        "f1-score": 0.42857142857142855,
        "support": 11
    },
    "punchers": {
        "precision": 1.0,
        "recall": 0.16666666666666666,
        "f1-score": 0.2857142857142857,
        "support": 6
    },
    "ring_binder": {
        "precision": 0.45,
        "recall": 0.9,
        "f1-score": 0.6,
        "support": 10
    },
    "ruler": {
        "precision": 1.0,
        "recall": 0.5714285714285714,
        "f1-score": 0.7272727272727273,
        "support": 7
    },
    "scissors": {
        "precision": 0.8333333333333334,
        "recall": 1.0,
        "f1-score": 0.9090909090909091,
        "support": 5
    },
    "speaker": {
        "precision": 0.7142857142857143,
        "recall": 0.625,
        "f1-score": 0.6666666666666666,
        "support": 8
    },
    "stapler": {
        "precision": 0.5,
        "recall": 0.4,
        "f1-score": 0.4444444444444445,
        "support": 10
    },
    "tape_dispenser": {
        "precision": 0.5,
        "recall": 1.0,
        "f1-score": 0.6666666666666666,
        "support": 7
    },
    "trash_can": {
        "precision": 0.6666666666666666,
        "recall": 0.4,
        "f1-score": 0.5,
        "support": 5
    },
    "accuracy": 0.6974789915966386,
    "macro avg": {
        "precision": 0.7580662959220835,
        "recall": 0.6960048911661815,
        "f1-score": 0.6771893976502985,
        "support": 238
    },
    "weighted avg": {
        "precision": 0.7741497846910601,
        "recall": 0.6974789915966386,
        "f1-score": 0.6852480906988934,
        "support": 238
    }
}