{
    "back_pack": {
        "precision": 0.6831683168316832,
        "recall": 0.7931034482758621,
        "f1-score": 0.7340425531914894,
        "support": 87
    },
    "bike": {
        "precision": 0.7403846153846154,
        "recall": 1.0,
        "f1-score": 0.850828729281768,
        "support": 77
    },
    "bike_helmet": {
        "precision": 0.5229357798165137,
        "recall": 0.8507462686567164,
        "f1-score": 0.6477272727272727,
        "support": 67
    },
    "bookcase": {
        "precision": 0.43243243243243246,
        "recall": 0.8311688311688312,
        "f1-score": 0.5688888888888889,
        "support": 77
    },
    "bottle": {
        "precision": 0.288135593220339,
        "recall": 0.5483870967741935,
        "f1-score": 0.37777777777777777,
        "support": 31
    },
    "calculator": {
        "precision": 0.7156862745098039,
        "recall": 0.8202247191011236,
        "f1-score": 0.7643979057591622,
        "support": 89
    },
    "desk_chair": {
        "precision": 0.7623762376237624,
        "recall": 0.8953488372093024,
        "f1-score": 0.823529411764706,
        "support": 86
    },
    "desk_lamp": {
        "precision": 0.84375,
        "recall": 0.29347826086956524,
        "f1-score": 0.435483870967742,
        "support": 92
    },
    "desktop_computer": {
        "precision": 0.8529411764705882,
        "recall": 0.31521739130434784,
        "f1-score": 0.46031746031746035,
        "support": 92
    },
    "file_cabinet": {
        "precision": 0.37142857142857144,
        "recall": 0.34210526315789475,
        "f1-score": 0.35616438356164387,
        "support": 76
    },
    "headphones": {
        "precision": 0.6788990825688074,
        "recall": 0.7872340425531915,
        "f1-score": 0.729064039408867,
        "support": 94
    },
    "keyboard": {
        "precision": 0.6268656716417911,
        "recall": 0.8842105263157894,
        "f1-score": 0.7336244541484715,
        "support": 95
    },
    "laptop_computer": {
        "precision": 0.7291666666666666,
        "recall": 0.7368421052631579,
        "f1-score": 0.7329842931937173,
        "support": 95
    },
    "letter_tray": {
        "precision": 0.46938775510204084,
        "recall": 0.4946236559139785,
        "f1-score": 0.4816753926701571,
        "support": 93
    },
    "mobile_phone": {
        "precision": 0.7047619047619048,
        "recall": 0.7789473684210526,
        "f1-score": 0.74,
        "support": 95
    },
    "monitor": {
        "precision": 0.6277372262773723,
        "recall": 0.9148936170212766,
        "f1-score": 0.7445887445887446,
        "support": 94
    },
    "mouse": {
        "precision": 0.6666666666666666,
        "recall": 0.7789473684210526,
        "f1-score": 0.7184466019417475,
        "support": 95
    },
    "mug": {
        "precision": 0.7796610169491526,
        "recall": 0.5168539325842697,
        "f1-score": 0.6216216216216216,
        "support": 89
    },
    "paper_notebook": {
        "precision": 0.4673913043478261,
        "recall": 0.4725274725274725,
        "f1-score": 0.4699453551912569,
        "support": 91
    },
    "pen": {
        "precision": 0.65625,
        "recall": 0.23333333333333334,
        "f1-score": 0.3442622950819672,
        "support": 90
    },
    "phone": {
        "precision": 0.8059701492537313,
        "recall": 0.6136363636363636,
        "f1-score": 0.6967741935483871,
        "support": 88
    },
    "printer": {
        "precision": 0.8024691358024691,
        "recall": 0.6842105263157895,
        "f1-score": 0.7386363636363638,
        "support": 95
    },
    "projector": {
        "precision": 0.7142857142857143,
        "recall": 0.5913978494623656,
        "f1-score": 0.6470588235294118,
        "support": 93
    },
    "punchers": {
        "precision": 0.288135593220339,
        "recall": 0.1827956989247312,
        "f1-score": 0.2236842105263158,
        "support": 93
    },
    "ring_binder": {
        "precision": 0.3045977011494253,
        "recall": 0.6235294117647059,
        "f1-score": 0.4092664092664093,
        "support": 85
    },
    "ruler": {
        "precision": 0.32450331125827814,
        "recall": 0.7,
        "f1-score": 0.44343891402714936,
        "support": 70
    },
    "scissors": {
        "precision": 0.3902439024390244,
        "recall": 0.3368421052631579,
        "f1-score": 0.3615819209039548,
        "support": 95
    },
    "speaker": {
        "precision": 0.6,
        "recall": 0.19148936170212766,
        "f1-score": 0.29032258064516125,
        "support": 94
    },
    "stapler": {
        "precision": 0.4897959183673469,
        "recall": 0.2553191489361702,
        "f1-score": 0.3356643356643356,
        "support": 94
    },
    "tape_dispenser": {
        "precision": 0.42857142857142855,
        "recall": 0.16483516483516483,
        "f1-score": 0.23809523809523805,
        "support": 91
    },
    "trash_can": {
        "precision": 0.5833333333333334,
        "recall": 0.23728813559322035,
        "f1-score": 0.3373493975903614,
        "support": 59
    },
    "accuracy": 0.574755822689707,
    "macro avg": {
        "precision": 0.5919978219477943,
        "recall": 0.5764366872679423,
        "f1-score": 0.5502336593392759,
        "support": 2662
    },
    "weighted avg": {
        "precision": 0.6032263200766995,
        "recall": 0.574755822689707,
        "f1-score": 0.5559563236746728,
        "support": 2662
    }
}