{
    "0": {
        "precision": 0.9891395154553049,
        "recall": 0.9916247906197655,
        "f1-score": 0.9903805938937682,
        "support": 1194
    },
    "1": {
        "precision": 0.9823874755381604,
        "recall": 0.9990049751243781,
        "f1-score": 0.9906265416872225,
        "support": 1005
    },
    "2": {
        "precision": 0.9727891156462585,
        "recall": 0.9781121751025992,
        "f1-score": 0.975443383356071,
        "support": 731
    },
    "3": {
        "precision": 0.9907550077041603,
        "recall": 0.9772036474164134,
        "f1-score": 0.9839326702371843,
        "support": 658
    },
    "4": {
        "precision": 0.9727564102564102,
        "recall": 0.9309815950920245,
        "f1-score": 0.9514106583072099,
        "support": 652
    },
    "5": {
        "precision": 0.9833333333333333,
        "recall": 0.9550359712230215,
        "f1-score": 0.968978102189781,
        "support": 556
    },
    "6": {
        "precision": 0.9805970149253731,
        "recall": 0.9894578313253012,
        "f1-score": 0.985007496251874,
        "support": 664
    },
    "7": {
        "precision": 0.839142091152815,
        "recall": 0.9705426356589147,
        "f1-score": 0.9000718907260964,
        "support": 645
    },
    "8": {
        "precision": 0.9776951672862454,
        "recall": 0.9704797047970479,
        "f1-score": 0.9740740740740741,
        "support": 542
    },
    "9": {
        "precision": 0.9508771929824561,
        "recall": 0.8416149068322981,
        "f1-score": 0.8929159802306424,
        "support": 644
    },
    "accuracy": 0.9648882183513922,
    "macro avg": {
        "precision": 0.9639472324280518,
        "recall": 0.9604058233191765,
        "f1-score": 0.9612841390953925,
        "support": 7291
    },
    "weighted avg": {
        "precision": 0.9665295440201084,
        "recall": 0.9648882183513922,
        "f1-score": 0.9649183752892951,
        "support": 7291
    }
}