{
    "back_pack": {
        "precision": 1.0,
        "recall": 1.0,
        "f1-score": 1.0,
        "support": 24
    },
    "bike": {
        "precision": 1.0,
        "recall": 1.0,
        "f1-score": 1.0,
        "support": 16
    },
    "bike_helmet": {
        "precision": 1.0,
        "recall": 0.9565217391304348,
        "f1-score": 0.9777777777777777,
        "support": 23
    },
    "bookcase": {
        "precision": 1.0,
        "recall": 1.0,
        "f1-score": 1.0,
        "support": 7
    },
    "bottle": {
        "precision": 0.9166666666666666,
        "recall": 1.0,
        "f1-score": 0.9565217391304348,
        "support": 11
    },
    "calculator": {
        "precision": 0.8125,
        "recall": 1.0,
        "f1-score": 0.896551724137931,
        "support": 26
    },
    "desk_chair": {
        "precision": 1.0,
        "recall": 1.0,
        "f1-score": 1.0,
        "support": 35
    },
    "desk_lamp": {
        "precision": 0.9230769230769231,
        "recall": 0.9230769230769231,
        "f1-score": 0.9230769230769231,
        "support": 13
    },
    "desktop_computer": {
        "precision": 0.7222222222222222,
        "recall": 0.8125,
        "f1-score": 0.7647058823529411,
        "support": 16
    },
    "file_cabinet": {
        "precision": 0.8235294117647058,
        "recall": 1.0,
        "f1-score": 0.9032258064516129,
        "support": 14
    },
    "headphones": {
        "precision": 1.0,
        "recall": 1.0,
        "f1-score": 1.0,
        "support": 22
    },
    "keyboard": {
        "precision": 1.0,
        "recall": 0.7272727272727273,
        "f1-score": 0.8421052631578948,
        "support": 22
    },
    "laptop_computer": {
        "precision": 1.0,
        "recall": 0.88,
        "f1-score": 0.9361702127659575,
        "support": 25
    },
    "letter_tray": {
        "precision": 1.0,
        "recall": 0.9285714285714286,
        "f1-score": 0.962962962962963,
        "support": 14
    },
    "mobile_phone": {
        "precision": 0.7727272727272727,
        "recall": 0.68,
        "f1-score": 0.7234042553191491,
        "support": 25
    },
    "monitor": {
        "precision": 0.925,
        "recall": 0.9736842105263158,
        "f1-score": 0.9487179487179489,
        "support": 38
    },
    "mouse": {
        "precision": 0.9583333333333334,
        "recall": 0.92,
        "f1-score": 0.9387755102040817,
        "support": 25
    },
    "mug": {
        "precision": 1.0,
        "recall": 1.0,
        "f1-score": 1.0,
        "support": 22
    },
    "paper_notebook": {
        "precision": 0.9130434782608695,
        "recall": 0.9130434782608695,
        "f1-score": 0.9130434782608695,
        "support": 23
    },
    "pen": {
        "precision": 0.7741935483870968,
        "recall": 0.8888888888888888,
        "f1-score": 0.8275862068965517,
        "support": 27
    },
    "phone": {
        "precision": 0.9090909090909091,
        "recall": 0.9090909090909091,
        "f1-score": 0.9090909090909091,
        "support": 11
    },
    "printer": {
        "precision": 0.9166666666666666,
        "recall": 0.7333333333333333,
        "f1-score": 0.8148148148148148,
        "support": 15
    },
    "projector": {
        "precision": 0.8823529411764706,
        "recall": 0.6,
        "f1-score": 0.7142857142857143,
        "support": 25
    },
    "punchers": {
        "precision": 0.9230769230769231,
        "recall": 0.5454545454545454,
        "f1-score": 0.6857142857142856,
        "support": 22
    },
    "ring_binder": {
        "precision": 0.8157894736842105,
        "recall": 0.8857142857142857,
        "f1-score": 0.8493150684931505,
        "support": 35
    },
    "ruler": {
        "precision": 0.45454545454545453,
        "recall": 0.8333333333333334,
        "f1-score": 0.5882352941176471,
        "support": 6
    },
    "scissors": {
        "precision": 0.8947368421052632,
        "recall": 0.85,
        "f1-score": 0.8717948717948718,
        "support": 20
    },
    "speaker": {
        "precision": 0.9166666666666666,
        "recall": 0.88,
        "f1-score": 0.8979591836734694,
        "support": 25
    },
    "stapler": {
        "precision": 0.7368421052631579,
        "recall": 0.7368421052631579,
        "f1-score": 0.7368421052631579,
        "support": 19
    },
    "tape_dispenser": {
        "precision": 0.5806451612903226,
        "recall": 1.0,
        "f1-score": 0.7346938775510204,
        "support": 18
    },
    "trash_can": {
        "precision": 0.9285714285714286,
        "recall": 0.8125,
        "f1-score": 0.8666666666666666,
        "support": 16
    },
    "accuracy": 0.8828125,
    "macro avg": {
        "precision": 0.8871057235024697,
        "recall": 0.883542835739263,
        "f1-score": 0.8769044671831853,
        "support": 640
    },
    "weighted avg": {
        "precision": 0.8970931578500411,
        "recall": 0.8828125,
        "f1-score": 0.8827509947467469,
        "support": 640
    }
}