{
    "back_pack": {
        "precision": 0.8888888888888888,
        "recall": 1.0,
        "f1-score": 0.9411764705882353,
        "support": 24
    },
    "bike": {
        "precision": 1.0,
        "recall": 1.0,
        "f1-score": 1.0,
        "support": 16
    },
    "bike_helmet": {
        "precision": 0.9545454545454546,
        "recall": 0.9130434782608695,
        "f1-score": 0.9333333333333332,
        "support": 23
    },
    "bookcase": {
        "precision": 0.5555555555555556,
        "recall": 0.7142857142857143,
        "f1-score": 0.6250000000000001,
        "support": 7
    },
    "bottle": {
        "precision": 1.0,
        "recall": 1.0,
        "f1-score": 1.0,
        "support": 11
    },
    "calculator": {
        "precision": 0.7096774193548387,
        "recall": 0.8461538461538461,
        "f1-score": 0.7719298245614036,
        "support": 26
    },
    "desk_chair": {
        "precision": 0.9722222222222222,
        "recall": 1.0,
        "f1-score": 0.9859154929577464,
        "support": 35
    },
    "desk_lamp": {
        "precision": 0.9230769230769231,
        "recall": 0.9230769230769231,
        "f1-score": 0.9230769230769231,
        "support": 13
    },
    "desktop_computer": {
        "precision": 0.75,
        "recall": 0.375,
        "f1-score": 0.5,
        "support": 16
    },
    "file_cabinet": {
        "precision": 0.9230769230769231,
        "recall": 0.8571428571428571,
        "f1-score": 0.888888888888889,
        "support": 14
    },
    "headphones": {
        "precision": 0.9545454545454546,
        "recall": 0.9545454545454546,
        "f1-score": 0.9545454545454546,
        "support": 22
    },
    "keyboard": {
        "precision": 0.8,
        "recall": 0.7272727272727273,
        "f1-score": 0.761904761904762,
        "support": 22
    },
    "laptop_computer": {
        "precision": 0.9444444444444444,
        "recall": 0.68,
        "f1-score": 0.7906976744186047,
        "support": 25
    },
    "letter_tray": {
        "precision": 0.7777777777777778,
        "recall": 0.5,
        "f1-score": 0.6086956521739131,
        "support": 14
    },
    "mobile_phone": {
        "precision": 0.6,
        "recall": 0.48,
        "f1-score": 0.5333333333333332,
        "support": 25
    },
    "monitor": {
        "precision": 0.8947368421052632,
        "recall": 0.8947368421052632,
        "f1-score": 0.8947368421052632,
        "support": 38
    },
    "mouse": {
        "precision": 0.9,
        "recall": 0.72,
        "f1-score": 0.7999999999999999,
        "support": 25
    },
    "mug": {
        "precision": 0.8148148148148148,
        "recall": 1.0,
        "f1-score": 0.8979591836734693,
        "support": 22
    },
    "paper_notebook": {
        "precision": 0.8076923076923077,
        "recall": 0.9130434782608695,
        "f1-score": 0.8571428571428572,
        "support": 23
    },
    "pen": {
        "precision": 0.6923076923076923,
        "recall": 1.0,
        "f1-score": 0.8181818181818181,
        "support": 27
    },
    "phone": {
        "precision": 0.8333333333333334,
        "recall": 0.9090909090909091,
        "f1-score": 0.8695652173913043,
        "support": 11
    },
    "printer": {
        "precision": 0.4,
        "recall": 0.8,
        "f1-score": 0.5333333333333333,
        "support": 15
    },
    "projector": {
        "precision": 0.6,
        "recall": 0.48,
        "f1-score": 0.5333333333333332,
        "support": 25
    },
    "punchers": {
        "precision": 0.8,
        "recall": 0.5454545454545454,
        "f1-score": 0.6486486486486486,
        "support": 22
    },
    "ring_binder": {
        "precision": 0.7692307692307693,
        "recall": 0.8571428571428571,
        "f1-score": 0.8108108108108107,
        "support": 35
    },
    "ruler": {
        "precision": 0.45454545454545453,
        "recall": 0.8333333333333334,
        "f1-score": 0.5882352941176471,
        "support": 6
    },
    "scissors": {
        "precision": 1.0,
        "recall": 0.6,
        "f1-score": 0.7499999999999999,
        "support": 20
    },
    "speaker": {
        "precision": 0.9473684210526315,
        "recall": 0.72,
        "f1-score": 0.8181818181818181,
        "support": 25
    },
    "stapler": {
        "precision": 0.6666666666666666,
        "recall": 0.5263157894736842,
        "f1-score": 0.5882352941176471,
        "support": 19
    },
    "tape_dispenser": {
        "precision": 0.5555555555555556,
        "recall": 0.8333333333333334,
        "f1-score": 0.6666666666666667,
        "support": 18
    },
    "trash_can": {
        "precision": 0.4666666666666667,
        "recall": 0.4375,
        "f1-score": 0.45161290322580644,
        "support": 16
    },
    "accuracy": 0.784375,
    "macro avg": {
        "precision": 0.7857009544341819,
        "recall": 0.775499099643006,
        "f1-score": 0.7659723171197751,
        "support": 640
    },
    "weighted avg": {
        "precision": 0.8040764877385473,
        "recall": 0.784375,
        "f1-score": 0.7817651775966896,
        "support": 640
    }
}