{
    "back_pack": {
        "precision": 0.7777777777777778,
        "recall": 1.0,
        "f1-score": 0.8750000000000001,
        "support": 7
    },
    "bike": {
        "precision": 1.0,
        "recall": 1.0,
        "f1-score": 1.0,
        "support": 16
    },
    "bike_helmet": {
        "precision": 1.0,
        "recall": 0.8947368421052632,
        "f1-score": 0.9444444444444444,
        "support": 19
    },
    "bookcase": {
        "precision": 1.0,
        "recall": 0.7142857142857143,
        "f1-score": 0.8333333333333333,
        "support": 7
    },
    "bottle": {
        "precision": 0.9166666666666666,
        "recall": 1.0,
        "f1-score": 0.9565217391304348,
        "support": 11
    },
    "calculator": {
        "precision": 0.875,
        "recall": 1.0,
        "f1-score": 0.9333333333333333,
        "support": 7
    },
    "desk_chair": {
        "precision": 1.0,
        "recall": 1.0,
        "f1-score": 1.0,
        "support": 8
    },
    "desk_lamp": {
        "precision": 1.0,
        "recall": 0.7777777777777778,
        "f1-score": 0.8750000000000001,
        "support": 9
    },
    "desktop_computer": {
        "precision": 0.625,
        "recall": 0.5,
        "f1-score": 0.5555555555555556,
        "support": 10
    },
    "file_cabinet": {
        "precision": 0.6666666666666666,
        "recall": 1.0,
        "f1-score": 0.8,
        "support": 10
    },
    "headphones": {
        "precision": 0.7272727272727273,
        "recall": 1.0,
        "f1-score": 0.8421052631578948,
        "support": 8
    },
    "keyboard": {
        "precision": 1.0,
        "recall": 1.0,
        "f1-score": 1.0,
        "support": 5
    },
    "laptop_computer": {
        "precision": 1.0,
        "recall": 0.7894736842105263,
        "f1-score": 0.8823529411764706,
        "support": 19
    },
    "letter_tray": {
        "precision": 0.4666666666666667,
        "recall": 0.6363636363636364,
        "f1-score": 0.5384615384615385,
        "support": 11
    },
    "mobile_phone": {
        "precision": 1.0,
        "recall": 0.38461538461538464,
        "f1-score": 0.5555555555555556,
        "support": 26
    },
    "monitor": {
        "precision": 1.0,
        "recall": 0.9411764705882353,
        "f1-score": 0.9696969696969697,
        "support": 17
    },
    "mouse": {
        "precision": 0.8333333333333334,
        "recall": 0.7142857142857143,
        "f1-score": 0.7692307692307692,
        "support": 7
    },
    "mug": {
        "precision": 1.0,
        "recall": 1.0,
        "f1-score": 1.0,
        "support": 3
    },
    "paper_notebook": {
        "precision": 0.7142857142857143,
        "recall": 1.0,
        "f1-score": 0.8333333333333333,
        "support": 5
    },
    "pen": {
        "precision": 0.5,
        "recall": 0.6,
        "f1-score": 0.5454545454545454,
        "support": 5
    },
    "phone": {
        "precision": 1.0,
        "recall": 1.0,
        "f1-score": 1.0,
        "support": 8
    },
    "printer": {
        "precision": 0.4444444444444444,
        "recall": 0.8,
        "f1-score": 0.5714285714285714,
        "support": 10
    },
    "projector": {
        "precision": 0.8125,
        "recall": 0.7222222222222222,
        "f1-score": 0.7647058823529411,
        "support": 18
    },
    "punchers": {
        "precision": 0.7777777777777778,
        "recall": 0.5384615384615384,
        "f1-score": 0.6363636363636364,
        "support": 13
    },
    "ring_binder": {
        "precision": 0.7142857142857143,
        "recall": 1.0,
        "f1-score": 0.8333333333333333,
        "support": 5
    },
    "ruler": {
        "precision": 0.5,
        "recall": 1.0,
        "f1-score": 0.6666666666666666,
        "support": 2
    },
    "scissors": {
        "precision": 1.0,
        "recall": 0.8461538461538461,
        "f1-score": 0.9166666666666666,
        "support": 13
    },
    "speaker": {
        "precision": 1.0,
        "recall": 0.8571428571428571,
        "f1-score": 0.923076923076923,
        "support": 21
    },
    "stapler": {
        "precision": 0.42857142857142855,
        "recall": 0.75,
        "f1-score": 0.5454545454545454,
        "support": 16
    },
    "tape_dispenser": {
        "precision": 0.8235294117647058,
        "recall": 0.8235294117647058,
        "f1-score": 0.8235294117647058,
        "support": 17
    },
    "trash_can": {
        "precision": 0.875,
        "recall": 0.7,
        "f1-score": 0.7777777777777777,
        "support": 10
    },
    "accuracy": 0.8017492711370262,
    "macro avg": {
        "precision": 0.8218960751456008,
        "recall": 0.8383943580637879,
        "f1-score": 0.8118833140887081,
        "support": 343
    },
    "weighted avg": {
        "precision": 0.8506846894601997,
        "recall": 0.8017492711370262,
        "f1-score": 0.8048948391875821,
        "support": 343
    }
}