{
    "back_pack": {
        "precision": 0.7821782178217822,
        "recall": 0.9080459770114943,
        "f1-score": 0.8404255319148937,
        "support": 87
    },
    "bike": {
        "precision": 0.9259259259259259,
        "recall": 0.974025974025974,
        "f1-score": 0.949367088607595,
        "support": 77
    },
    "bike_helmet": {
        "precision": 0.6923076923076923,
        "recall": 0.8059701492537313,
        "f1-score": 0.7448275862068965,
        "support": 67
    },
    "bookcase": {
        "precision": 0.49473684210526314,
        "recall": 0.6103896103896104,
        "f1-score": 0.5465116279069767,
        "support": 77
    },
    "bottle": {
        "precision": 0.45714285714285713,
        "recall": 0.5161290322580645,
        "f1-score": 0.4848484848484849,
        "support": 31
    },
    "calculator": {
        "precision": 0.5944055944055944,
        "recall": 0.9550561797752809,
        "f1-score": 0.7327586206896551,
        "support": 89
    },
    "desk_chair": {
        "precision": 0.6147540983606558,
        "recall": 0.872093023255814,
        "f1-score": 0.7211538461538461,
        "support": 86
    },
    "desk_lamp": {
        "precision": 0.7857142857142857,
        "recall": 0.358695652173913,
        "f1-score": 0.49253731343283585,
        "support": 92
    },
    "desktop_computer": {
        "precision": 0.647887323943662,
        "recall": 0.5,
        "f1-score": 0.5644171779141104,
        "support": 92
    },
    "file_cabinet": {
        "precision": 0.47619047619047616,
        "recall": 0.5263157894736842,
        "f1-score": 0.5,
        "support": 76
    },
    "headphones": {
        "precision": 0.8764044943820225,
        "recall": 0.8297872340425532,
        "f1-score": 0.8524590163934426,
        "support": 94
    },
    "keyboard": {
        "precision": 0.7456140350877193,
        "recall": 0.8947368421052632,
        "f1-score": 0.8133971291866028,
        "support": 95
    },
    "laptop_computer": {
        "precision": 0.6554621848739496,
        "recall": 0.8210526315789474,
        "f1-score": 0.7289719626168224,
        "support": 95
    },
    "letter_tray": {
        "precision": 0.8,
        "recall": 0.6451612903225806,
        "f1-score": 0.7142857142857142,
        "support": 93
    },
    "mobile_phone": {
        "precision": 0.7238095238095238,
        "recall": 0.8,
        "f1-score": 0.76,
        "support": 95
    },
    "monitor": {
        "precision": 0.9318181818181818,
        "recall": 0.8723404255319149,
        "f1-score": 0.9010989010989012,
        "support": 94
    },
    "mouse": {
        "precision": 0.6041666666666666,
        "recall": 0.9157894736842105,
        "f1-score": 0.7280334728033472,
        "support": 95
    },
    "mug": {
        "precision": 0.84375,
        "recall": 0.6067415730337079,
        "f1-score": 0.7058823529411764,
        "support": 89
    },
    "paper_notebook": {
        "precision": 0.3431372549019608,
        "recall": 0.38461538461538464,
        "f1-score": 0.36269430051813467,
        "support": 91
    },
    "pen": {
        "precision": 0.3597122302158273,
        "recall": 0.5555555555555556,
        "f1-score": 0.43668122270742354,
        "support": 90
    },
    "phone": {
        "precision": 0.8823529411764706,
        "recall": 0.5113636363636364,
        "f1-score": 0.6474820143884893,
        "support": 88
    },
    "printer": {
        "precision": 0.6739130434782609,
        "recall": 0.6526315789473685,
        "f1-score": 0.6631016042780747,
        "support": 95
    },
    "projector": {
        "precision": 0.6481481481481481,
        "recall": 0.7526881720430108,
        "f1-score": 0.6965174129353234,
        "support": 93
    },
    "punchers": {
        "precision": 0.38596491228070173,
        "recall": 0.23655913978494625,
        "f1-score": 0.29333333333333333,
        "support": 93
    },
    "ring_binder": {
        "precision": 0.5576923076923077,
        "recall": 0.3411764705882353,
        "f1-score": 0.4233576642335767,
        "support": 85
    },
    "ruler": {
        "precision": 0.5897435897435898,
        "recall": 0.32857142857142857,
        "f1-score": 0.4220183486238532,
        "support": 70
    },
    "scissors": {
        "precision": 0.5757575757575758,
        "recall": 0.4,
        "f1-score": 0.47204968944099385,
        "support": 95
    },
    "speaker": {
        "precision": 0.803921568627451,
        "recall": 0.43617021276595747,
        "f1-score": 0.5655172413793104,
        "support": 94
    },
    "stapler": {
        "precision": 0.2831858407079646,
        "recall": 0.3404255319148936,
        "f1-score": 0.30917874396135264,
        "support": 94
    },
    "tape_dispenser": {
        "precision": 0.3883495145631068,
        "recall": 0.43956043956043955,
        "f1-score": 0.4123711340206185,
        "support": 91
    },
    "trash_can": {
        "precision": 0.6153846153846154,
        "recall": 0.4067796610169492,
        "f1-score": 0.4897959183673469,
        "support": 59
    },
    "accuracy": 0.6239669421487604,
    "macro avg": {
        "precision": 0.6374042562333626,
        "recall": 0.6193041312788562,
        "f1-score": 0.6120991759738429,
        "support": 2662
    },
    "weighted avg": {
        "precision": 0.6420869205380013,
        "recall": 0.6239669421487604,
        "f1-score": 0.6164669517353756,
        "support": 2662
    }
}