{
    "back_pack": {
        "precision": 1.0,
        "recall": 1.0,
        "f1-score": 1.0,
        "support": 7
    },
    "bike": {
        "precision": 1.0,
        "recall": 1.0,
        "f1-score": 1.0,
        "support": 16
    },
    "bike_helmet": {
        "precision": 0.9411764705882353,
        "recall": 0.8421052631578947,
        "f1-score": 0.8888888888888888,
        "support": 19
    },
    "bookcase": {
        "precision": 1.0,
        "recall": 0.14285714285714285,
        "f1-score": 0.25,
        "support": 7
    },
    "bottle": {
        "precision": 1.0,
        "recall": 1.0,
        "f1-score": 1.0,
        "support": 11
    },
    "calculator": {
        "precision": 0.8,
        "recall": 0.5714285714285714,
        "f1-score": 0.6666666666666666,
        "support": 7
    },
    "desk_chair": {
        "precision": 1.0,
        "recall": 1.0,
        "f1-score": 1.0,
        "support": 8
    },
    "desk_lamp": {
        "precision": 1.0,
        "recall": 0.4444444444444444,
        "f1-score": 0.6153846153846153,
        "support": 9
    },
    "desktop_computer": {
        "precision": 0.2727272727272727,
        "recall": 0.6,
        "f1-score": 0.37499999999999994,
        "support": 10
    },
    "file_cabinet": {
        "precision": 0.375,
        "recall": 0.6,
        "f1-score": 0.4615384615384615,
        "support": 10
    },
    "headphones": {
        "precision": 1.0,
        "recall": 1.0,
        "f1-score": 1.0,
        "support": 8
    },
    "keyboard": {
        "precision": 0.5714285714285714,
        "recall": 0.8,
        "f1-score": 0.6666666666666666,
        "support": 5
    },
    "laptop_computer": {
        "precision": 0.9285714285714286,
        "recall": 0.6842105263157895,
        "f1-score": 0.7878787878787878,
        "support": 19
    },
    "letter_tray": {
        "precision": 0.3793103448275862,
        "recall": 1.0,
        "f1-score": 0.5499999999999999,
        "support": 11
    },
    "mobile_phone": {
        "precision": 1.0,
        "recall": 0.3076923076923077,
        "f1-score": 0.47058823529411764,
        "support": 26
    },
    "monitor": {
        "precision": 1.0,
        "recall": 0.7058823529411765,
        "f1-score": 0.8275862068965517,
        "support": 17
    },
    "mouse": {
        "precision": 0.4666666666666667,
        "recall": 1.0,
        "f1-score": 0.6363636363636364,
        "support": 7
    },
    "mug": {
        "precision": 1.0,
        "recall": 1.0,
        "f1-score": 1.0,
        "support": 3
    },
    "paper_notebook": {
        "precision": 1.0,
        "recall": 0.4,
        "f1-score": 0.5714285714285715,
        "support": 5
    },
    "pen": {
        "precision": 0.5714285714285714,
        "recall": 0.8,
        "f1-score": 0.6666666666666666,
        "support": 5
    },
    "phone": {
        "precision": 1.0,
        "recall": 0.75,
        "f1-score": 0.8571428571428571,
        "support": 8
    },
    "printer": {
        "precision": 0.0,
        "recall": 0.0,
        "f1-score": 0.0,
        "support": 10
    },
    "projector": {
        "precision": 0.5714285714285714,
        "recall": 0.6666666666666666,
        "f1-score": 0.6153846153846153,
        "support": 18
    },
    "punchers": {
        "precision": 0.5,
        "recall": 0.23076923076923078,
        "f1-score": 0.3157894736842105,
        "support": 13
    },
    "ring_binder": {
        "precision": 0.18518518518518517,
        "recall": 1.0,
        "f1-score": 0.3125,
        "support": 5
    },
    "ruler": {
        "precision": 0.3333333333333333,
        "recall": 0.5,
        "f1-score": 0.4,
        "support": 2
    },
    "scissors": {
        "precision": 1.0,
        "recall": 0.9230769230769231,
        "f1-score": 0.9600000000000001,
        "support": 13
    },
    "speaker": {
        "precision": 0.9,
        "recall": 0.8571428571428571,
        "f1-score": 0.8780487804878048,
        "support": 21
    },
    "stapler": {
        "precision": 0.5416666666666666,
        "recall": 0.8125,
        "f1-score": 0.65,
        "support": 16
    },
    "tape_dispenser": {
        "precision": 1.0,
        "recall": 0.23529411764705882,
        "f1-score": 0.38095238095238093,
        "support": 17
    },
    "trash_can": {
        "precision": 0.625,
        "recall": 0.5,
        "f1-score": 0.5555555555555556,
        "support": 10
    },
    "accuracy": 0.6705539358600583,
    "macro avg": {
        "precision": 0.7407394542855513,
        "recall": 0.6894861420690342,
        "f1-score": 0.6567751957058404,
        "support": 343
    },
    "weighted avg": {
        "precision": 0.7811977333245939,
        "recall": 0.6705539358600583,
        "f1-score": 0.6684090752370049,
        "support": 343
    }
}