{
    "back_pack": {
        "precision": 0.9230769230769231,
        "recall": 1.0,
        "f1-score": 0.9600000000000001,
        "support": 24
    },
    "bike": {
        "precision": 1.0,
        "recall": 1.0,
        "f1-score": 1.0,
        "support": 16
    },
    "bike_helmet": {
        "precision": 1.0,
        "recall": 0.9565217391304348,
        "f1-score": 0.9777777777777777,
        "support": 23
    },
    "bookcase": {
        "precision": 1.0,
        "recall": 0.8571428571428571,
        "f1-score": 0.923076923076923,
        "support": 7
    },
    "bottle": {
        "precision": 1.0,
        "recall": 1.0,
        "f1-score": 1.0,
        "support": 11
    },
    "calculator": {
        "precision": 1.0,
        "recall": 0.8461538461538461,
        "f1-score": 0.9166666666666666,
        "support": 26
    },
    "desk_chair": {
        "precision": 1.0,
        "recall": 0.9714285714285714,
        "f1-score": 0.9855072463768115,
        "support": 35
    },
    "desk_lamp": {
        "precision": 0.9230769230769231,
        "recall": 0.9230769230769231,
        "f1-score": 0.9230769230769231,
        "support": 13
    },
    "desktop_computer": {
        "precision": 0.5,
        "recall": 0.4375,
        "f1-score": 0.4666666666666667,
        "support": 16
    },
    "file_cabinet": {
        "precision": 0.8666666666666667,
        "recall": 0.9285714285714286,
        "f1-score": 0.896551724137931,
        "support": 14
    },
    "headphones": {
        "precision": 0.7586206896551724,
        "recall": 1.0,
        "f1-score": 0.8627450980392156,
        "support": 22
    },
    "keyboard": {
        "precision": 0.8571428571428571,
        "recall": 0.8181818181818182,
        "f1-score": 0.8372093023255814,
        "support": 22
    },
    "laptop_computer": {
        "precision": 1.0,
        "recall": 0.68,
        "f1-score": 0.8095238095238095,
        "support": 25
    },
    "letter_tray": {
        "precision": 0.8461538461538461,
        "recall": 0.7857142857142857,
        "f1-score": 0.8148148148148148,
        "support": 14
    },
    "mobile_phone": {
        "precision": 0.9375,
        "recall": 0.6,
        "f1-score": 0.7317073170731707,
        "support": 25
    },
    "monitor": {
        "precision": 1.0,
        "recall": 0.9473684210526315,
        "f1-score": 0.972972972972973,
        "support": 38
    },
    "mouse": {
        "precision": 0.9375,
        "recall": 0.6,
        "f1-score": 0.7317073170731707,
        "support": 25
    },
    "mug": {
        "precision": 0.9166666666666666,
        "recall": 1.0,
        "f1-score": 0.9565217391304348,
        "support": 22
    },
    "paper_notebook": {
        "precision": 0.5476190476190477,
        "recall": 1.0,
        "f1-score": 0.7076923076923077,
        "support": 23
    },
    "pen": {
        "precision": 0.9259259259259259,
        "recall": 0.9259259259259259,
        "f1-score": 0.9259259259259259,
        "support": 27
    },
    "phone": {
        "precision": 0.9090909090909091,
        "recall": 0.9090909090909091,
        "f1-score": 0.9090909090909091,
        "support": 11
    },
    "printer": {
        "precision": 0.65,
        "recall": 0.8666666666666667,
        "f1-score": 0.7428571428571429,
        "support": 15
    },
    "projector": {
        "precision": 0.6666666666666666,
        "recall": 0.32,
        "f1-score": 0.43243243243243246,
        "support": 25
    },
    "punchers": {
        "precision": 0.5652173913043478,
        "recall": 0.5909090909090909,
        "f1-score": 0.5777777777777778,
        "support": 22
    },
    "ring_binder": {
        "precision": 0.7931034482758621,
        "recall": 0.6571428571428571,
        "f1-score": 0.71875,
        "support": 35
    },
    "ruler": {
        "precision": 0.35714285714285715,
        "recall": 0.8333333333333334,
        "f1-score": 0.5,
        "support": 6
    },
    "scissors": {
        "precision": 0.8823529411764706,
        "recall": 0.75,
        "f1-score": 0.8108108108108107,
        "support": 20
    },
    "speaker": {
        "precision": 0.7333333333333333,
        "recall": 0.88,
        "f1-score": 0.8,
        "support": 25
    },
    "stapler": {
        "precision": 0.6842105263157895,
        "recall": 0.6842105263157895,
        "f1-score": 0.6842105263157895,
        "support": 19
    },
    "tape_dispenser": {
        "precision": 0.6666666666666666,
        "recall": 1.0,
        "f1-score": 0.8,
        "support": 18
    },
    "trash_can": {
        "precision": 0.6111111111111112,
        "recall": 0.6875,
        "f1-score": 0.6470588235294118,
        "support": 16
    },
    "accuracy": 0.815625,
    "macro avg": {
        "precision": 0.8212530773247757,
        "recall": 0.82117545805927,
        "f1-score": 0.8071978372633993,
        "support": 640
    },
    "weighted avg": {
        "precision": 0.8387939580739218,
        "recall": 0.815625,
        "f1-score": 0.8141380174796327,
        "support": 640
    }
}