{
    "back_pack": {
        "precision": 0.7058823529411765,
        "recall": 1.0,
        "f1-score": 0.8275862068965517,
        "support": 24
    },
    "bike": {
        "precision": 1.0,
        "recall": 1.0,
        "f1-score": 1.0,
        "support": 16
    },
    "bike_helmet": {
        "precision": 0.9523809523809523,
        "recall": 0.8695652173913043,
        "f1-score": 0.909090909090909,
        "support": 23
    },
    "bookcase": {
        "precision": 0.7777777777777778,
        "recall": 1.0,
        "f1-score": 0.8750000000000001,
        "support": 7
    },
    "bottle": {
        "precision": 1.0,
        "recall": 1.0,
        "f1-score": 1.0,
        "support": 11
    },
    "calculator": {
        "precision": 0.8846153846153846,
        "recall": 0.8846153846153846,
        "f1-score": 0.8846153846153846,
        "support": 26
    },
    "desk_chair": {
        "precision": 0.9722222222222222,
        "recall": 1.0,
        "f1-score": 0.9859154929577464,
        "support": 35
    },
    "desk_lamp": {
        "precision": 1.0,
        "recall": 0.5384615384615384,
        "f1-score": 0.7000000000000001,
        "support": 13
    },
    "desktop_computer": {
        "precision": 0.6470588235294118,
        "recall": 0.6875,
        "f1-score": 0.6666666666666667,
        "support": 16
    },
    "file_cabinet": {
        "precision": 0.6923076923076923,
        "recall": 0.6428571428571429,
        "f1-score": 0.6666666666666666,
        "support": 14
    },
    "headphones": {
        "precision": 1.0,
        "recall": 0.9545454545454546,
        "f1-score": 0.9767441860465117,
        "support": 22
    },
    "keyboard": {
        "precision": 0.85,
        "recall": 0.7727272727272727,
        "f1-score": 0.8095238095238095,
        "support": 22
    },
    "laptop_computer": {
        "precision": 1.0,
        "recall": 0.6,
        "f1-score": 0.7499999999999999,
        "support": 25
    },
    "letter_tray": {
        "precision": 0.5,
        "recall": 0.6428571428571429,
        "f1-score": 0.5625000000000001,
        "support": 14
    },
    "mobile_phone": {
        "precision": 0.8666666666666667,
        "recall": 0.52,
        "f1-score": 0.65,
        "support": 25
    },
    "monitor": {
        "precision": 0.9629629629629629,
        "recall": 0.6842105263157895,
        "f1-score": 0.7999999999999999,
        "support": 38
    },
    "mouse": {
        "precision": 0.696969696969697,
        "recall": 0.92,
        "f1-score": 0.793103448275862,
        "support": 25
    },
    "mug": {
        "precision": 0.9565217391304348,
        "recall": 1.0,
        "f1-score": 0.9777777777777777,
        "support": 22
    },
    "paper_notebook": {
        "precision": 0.7666666666666667,
        "recall": 1.0,
        "f1-score": 0.8679245283018869,
        "support": 23
    },
    "pen": {
        "precision": 0.6666666666666666,
        "recall": 0.8888888888888888,
        "f1-score": 0.761904761904762,
        "support": 27
    },
    "phone": {
        "precision": 0.8333333333333334,
        "recall": 0.9090909090909091,
        "f1-score": 0.8695652173913043,
        "support": 11
    },
    "printer": {
        "precision": 0.7,
        "recall": 0.9333333333333333,
        "f1-score": 0.8,
        "support": 15
    },
    "projector": {
        "precision": 0.7083333333333334,
        "recall": 0.68,
        "f1-score": 0.6938775510204083,
        "support": 25
    },
    "punchers": {
        "precision": 0.8571428571428571,
        "recall": 0.5454545454545454,
        "f1-score": 0.6666666666666665,
        "support": 22
    },
    "ring_binder": {
        "precision": 0.7441860465116279,
        "recall": 0.9142857142857143,
        "f1-score": 0.8205128205128205,
        "support": 35
    },
    "ruler": {
        "precision": 0.2,
        "recall": 0.3333333333333333,
        "f1-score": 0.25,
        "support": 6
    },
    "scissors": {
        "precision": 0.8888888888888888,
        "recall": 0.8,
        "f1-score": 0.8421052631578948,
        "support": 20
    },
    "speaker": {
        "precision": 0.6,
        "recall": 0.48,
        "f1-score": 0.5333333333333332,
        "support": 25
    },
    "stapler": {
        "precision": 0.6875,
        "recall": 0.5789473684210527,
        "f1-score": 0.6285714285714286,
        "support": 19
    },
    "tape_dispenser": {
        "precision": 0.7272727272727273,
        "recall": 0.8888888888888888,
        "f1-score": 0.7999999999999999,
        "support": 18
    },
    "trash_can": {
        "precision": 0.6153846153846154,
        "recall": 0.5,
        "f1-score": 0.5517241379310345,
        "support": 16
    },
    "accuracy": 0.790625,
    "macro avg": {
        "precision": 0.789056174409842,
        "recall": 0.7796633116602482,
        "f1-score": 0.7716572986228848,
        "support": 640
    },
    "weighted avg": {
        "precision": 0.8104370592874153,
        "recall": 0.790625,
        "f1-score": 0.7876424087011419,
        "support": 640
    }
}