{
    "back_pack": {
        "precision": 0.6363636363636364,
        "recall": 1.0,
        "f1-score": 0.7777777777777778,
        "support": 7
    },
    "bike": {
        "precision": 1.0,
        "recall": 0.9375,
        "f1-score": 0.967741935483871,
        "support": 16
    },
    "bike_helmet": {
        "precision": 0.8571428571428571,
        "recall": 0.631578947368421,
        "f1-score": 0.7272727272727273,
        "support": 19
    },
    "bookcase": {
        "precision": 0.8571428571428571,
        "recall": 0.8571428571428571,
        "f1-score": 0.8571428571428571,
        "support": 7
    },
    "bottle": {
        "precision": 1.0,
        "recall": 1.0,
        "f1-score": 1.0,
        "support": 11
    },
    "calculator": {
        "precision": 1.0,
        "recall": 0.7142857142857143,
        "f1-score": 0.8333333333333333,
        "support": 7
    },
    "desk_chair": {
        "precision": 0.8888888888888888,
        "recall": 1.0,
        "f1-score": 0.9411764705882353,
        "support": 8
    },
    "desk_lamp": {
        "precision": 0.7,
        "recall": 0.7777777777777778,
        "f1-score": 0.7368421052631577,
        "support": 9
    },
    "desktop_computer": {
        "precision": 0.0,
        "recall": 0.0,
        "f1-score": 0.0,
        "support": 10
    },
    "file_cabinet": {
        "precision": 0.5714285714285714,
        "recall": 0.8,
        "f1-score": 0.6666666666666666,
        "support": 10
    },
    "headphones": {
        "precision": 1.0,
        "recall": 0.375,
        "f1-score": 0.5454545454545454,
        "support": 8
    },
    "keyboard": {
        "precision": 0.5555555555555556,
        "recall": 1.0,
        "f1-score": 0.7142857142857143,
        "support": 5
    },
    "laptop_computer": {
        "precision": 0.9,
        "recall": 0.47368421052631576,
        "f1-score": 0.6206896551724138,
        "support": 19
    },
    "letter_tray": {
        "precision": 0.6666666666666666,
        "recall": 0.7272727272727273,
        "f1-score": 0.6956521739130435,
        "support": 11
    },
    "mobile_phone": {
        "precision": 1.0,
        "recall": 0.15384615384615385,
        "f1-score": 0.2666666666666667,
        "support": 26
    },
    "monitor": {
        "precision": 1.0,
        "recall": 0.29411764705882354,
        "f1-score": 0.45454545454545453,
        "support": 17
    },
    "mouse": {
        "precision": 0.5,
        "recall": 0.8571428571428571,
        "f1-score": 0.631578947368421,
        "support": 7
    },
    "mug": {
        "precision": 0.6666666666666666,
        "recall": 0.6666666666666666,
        "f1-score": 0.6666666666666666,
        "support": 3
    },
    "paper_notebook": {
        "precision": 0.3333333333333333,
        "recall": 1.0,
        "f1-score": 0.5,
        "support": 5
    },
    "pen": {
        "precision": 0.5714285714285714,
        "recall": 0.8,
        "f1-score": 0.6666666666666666,
        "support": 5
    },
    "phone": {
        "precision": 1.0,
        "recall": 0.875,
        "f1-score": 0.9333333333333333,
        "support": 8
    },
    "printer": {
        "precision": 0.5,
        "recall": 0.5,
        "f1-score": 0.5,
        "support": 10
    },
    "projector": {
        "precision": 0.5789473684210527,
        "recall": 0.6111111111111112,
        "f1-score": 0.5945945945945946,
        "support": 18
    },
    "punchers": {
        "precision": 0.25,
        "recall": 0.46153846153846156,
        "f1-score": 0.32432432432432434,
        "support": 13
    },
    "ring_binder": {
        "precision": 0.09090909090909091,
        "recall": 0.2,
        "f1-score": 0.12500000000000003,
        "support": 5
    },
    "ruler": {
        "precision": 1.0,
        "recall": 0.5,
        "f1-score": 0.6666666666666666,
        "support": 2
    },
    "scissors": {
        "precision": 0.75,
        "recall": 0.9230769230769231,
        "f1-score": 0.8275862068965517,
        "support": 13
    },
    "speaker": {
        "precision": 0.5555555555555556,
        "recall": 0.47619047619047616,
        "f1-score": 0.5128205128205129,
        "support": 21
    },
    "stapler": {
        "precision": 0.3333333333333333,
        "recall": 0.625,
        "f1-score": 0.43478260869565216,
        "support": 16
    },
    "tape_dispenser": {
        "precision": 0.7647058823529411,
        "recall": 0.7647058823529411,
        "f1-score": 0.7647058823529412,
        "support": 17
    },
    "trash_can": {
        "precision": 0.45454545454545453,
        "recall": 0.5,
        "f1-score": 0.47619047619047616,
        "support": 10
    },
    "accuracy": 0.6151603498542274,
    "macro avg": {
        "precision": 0.6768585254753237,
        "recall": 0.661375432688975,
        "f1-score": 0.626779515165912,
        "support": 343
    },
    "weighted avg": {
        "precision": 0.7041446933882104,
        "recall": 0.6151603498542274,
        "f1-score": 0.6072682773853796,
        "support": 343
    }
}