{
    "back_pack": {
        "precision": 0.8636363636363636,
        "recall": 0.8735632183908046,
        "f1-score": 0.8685714285714287,
        "support": 87
    },
    "bike": {
        "precision": 0.8461538461538461,
        "recall": 1.0,
        "f1-score": 0.9166666666666666,
        "support": 77
    },
    "bike_helmet": {
        "precision": 0.6588235294117647,
        "recall": 0.835820895522388,
        "f1-score": 0.7368421052631579,
        "support": 67
    },
    "bookcase": {
        "precision": 0.5304347826086957,
        "recall": 0.7922077922077922,
        "f1-score": 0.6354166666666667,
        "support": 77
    },
    "bottle": {
        "precision": 0.4358974358974359,
        "recall": 0.5483870967741935,
        "f1-score": 0.4857142857142857,
        "support": 31
    },
    "calculator": {
        "precision": 0.7684210526315789,
        "recall": 0.8202247191011236,
        "f1-score": 0.7934782608695652,
        "support": 89
    },
    "desk_chair": {
        "precision": 0.6551724137931034,
        "recall": 0.8837209302325582,
        "f1-score": 0.7524752475247525,
        "support": 86
    },
    "desk_lamp": {
        "precision": 0.7727272727272727,
        "recall": 0.3695652173913043,
        "f1-score": 0.4999999999999999,
        "support": 92
    },
    "desktop_computer": {
        "precision": 0.37373737373737376,
        "recall": 0.40217391304347827,
        "f1-score": 0.387434554973822,
        "support": 92
    },
    "file_cabinet": {
        "precision": 0.37815126050420167,
        "recall": 0.5921052631578947,
        "f1-score": 0.4615384615384615,
        "support": 76
    },
    "headphones": {
        "precision": 0.78,
        "recall": 0.8297872340425532,
        "f1-score": 0.8041237113402062,
        "support": 94
    },
    "keyboard": {
        "precision": 0.6829268292682927,
        "recall": 0.8842105263157894,
        "f1-score": 0.7706422018348623,
        "support": 95
    },
    "laptop_computer": {
        "precision": 0.7522123893805309,
        "recall": 0.8947368421052632,
        "f1-score": 0.8173076923076923,
        "support": 95
    },
    "letter_tray": {
        "precision": 0.75,
        "recall": 0.4838709677419355,
        "f1-score": 0.5882352941176471,
        "support": 93
    },
    "mobile_phone": {
        "precision": 0.9076923076923077,
        "recall": 0.6210526315789474,
        "f1-score": 0.7375,
        "support": 95
    },
    "monitor": {
        "precision": 0.7980769230769231,
        "recall": 0.8829787234042553,
        "f1-score": 0.8383838383838383,
        "support": 94
    },
    "mouse": {
        "precision": 0.6607142857142857,
        "recall": 0.7789473684210526,
        "f1-score": 0.7149758454106279,
        "support": 95
    },
    "mug": {
        "precision": 0.7294117647058823,
        "recall": 0.6966292134831461,
        "f1-score": 0.7126436781609194,
        "support": 89
    },
    "paper_notebook": {
        "precision": 0.44696969696969696,
        "recall": 0.6483516483516484,
        "f1-score": 0.5291479820627802,
        "support": 91
    },
    "pen": {
        "precision": 0.6739130434782609,
        "recall": 0.34444444444444444,
        "f1-score": 0.45588235294117646,
        "support": 90
    },
    "phone": {
        "precision": 0.9444444444444444,
        "recall": 0.5795454545454546,
        "f1-score": 0.7183098591549296,
        "support": 88
    },
    "printer": {
        "precision": 0.6744186046511628,
        "recall": 0.6105263157894737,
        "f1-score": 0.6408839779005525,
        "support": 95
    },
    "projector": {
        "precision": 0.6190476190476191,
        "recall": 0.5591397849462365,
        "f1-score": 0.5875706214689266,
        "support": 93
    },
    "punchers": {
        "precision": 0.41025641025641024,
        "recall": 0.17204301075268819,
        "f1-score": 0.24242424242424246,
        "support": 93
    },
    "ring_binder": {
        "precision": 0.3380281690140845,
        "recall": 0.2823529411764706,
        "f1-score": 0.30769230769230765,
        "support": 85
    },
    "ruler": {
        "precision": 0.5344827586206896,
        "recall": 0.44285714285714284,
        "f1-score": 0.484375,
        "support": 70
    },
    "scissors": {
        "precision": 0.6140350877192983,
        "recall": 0.3684210526315789,
        "f1-score": 0.46052631578947373,
        "support": 95
    },
    "speaker": {
        "precision": 0.6857142857142857,
        "recall": 0.2553191489361702,
        "f1-score": 0.37209302325581395,
        "support": 94
    },
    "stapler": {
        "precision": 0.29850746268656714,
        "recall": 0.6382978723404256,
        "f1-score": 0.4067796610169491,
        "support": 94
    },
    "tape_dispenser": {
        "precision": 0.35051546391752575,
        "recall": 0.37362637362637363,
        "f1-score": 0.3617021276595745,
        "support": 91
    },
    "trash_can": {
        "precision": 0.4489795918367347,
        "recall": 0.3728813559322034,
        "f1-score": 0.4074074074074074,
        "support": 59
    },
    "accuracy": 0.6081893313298272,
    "macro avg": {
        "precision": 0.6252742732031175,
        "recall": 0.6076706161046708,
        "f1-score": 0.5966691876812494,
        "support": 2662
    },
    "weighted avg": {
        "precision": 0.6332440260910385,
        "recall": 0.6081893313298272,
        "f1-score": 0.6000620072322613,
        "support": 2662
    }
}