{
    "back_pack": {
        "precision": 1.0,
        "recall": 1.0,
        "f1-score": 1.0,
        "support": 24
    },
    "bike": {
        "precision": 1.0,
        "recall": 1.0,
        "f1-score": 1.0,
        "support": 16
    },
    "bike_helmet": {
        "precision": 1.0,
        "recall": 0.9565217391304348,
        "f1-score": 0.9777777777777777,
        "support": 23
    },
    "bookcase": {
        "precision": 0.875,
        "recall": 1.0,
        "f1-score": 0.9333333333333333,
        "support": 7
    },
    "bottle": {
        "precision": 1.0,
        "recall": 1.0,
        "f1-score": 1.0,
        "support": 11
    },
    "calculator": {
        "precision": 0.65,
        "recall": 1.0,
        "f1-score": 0.787878787878788,
        "support": 26
    },
    "desk_chair": {
        "precision": 0.9722222222222222,
        "recall": 1.0,
        "f1-score": 0.9859154929577464,
        "support": 35
    },
    "desk_lamp": {
        "precision": 1.0,
        "recall": 0.6923076923076923,
        "f1-score": 0.8181818181818181,
        "support": 13
    },
    "desktop_computer": {
        "precision": 1.0,
        "recall": 0.8125,
        "f1-score": 0.896551724137931,
        "support": 16
    },
    "file_cabinet": {
        "precision": 0.9333333333333333,
        "recall": 1.0,
        "f1-score": 0.9655172413793104,
        "support": 14
    },
    "headphones": {
        "precision": 1.0,
        "recall": 1.0,
        "f1-score": 1.0,
        "support": 22
    },
    "keyboard": {
        "precision": 1.0,
        "recall": 0.45454545454545453,
        "f1-score": 0.625,
        "support": 22
    },
    "laptop_computer": {
        "precision": 1.0,
        "recall": 0.96,
        "f1-score": 0.9795918367346939,
        "support": 25
    },
    "letter_tray": {
        "precision": 1.0,
        "recall": 0.7142857142857143,
        "f1-score": 0.8333333333333333,
        "support": 14
    },
    "mobile_phone": {
        "precision": 0.6666666666666666,
        "recall": 0.64,
        "f1-score": 0.6530612244897959,
        "support": 25
    },
    "monitor": {
        "precision": 0.8636363636363636,
        "recall": 1.0,
        "f1-score": 0.9268292682926829,
        "support": 38
    },
    "mouse": {
        "precision": 0.9615384615384616,
        "recall": 1.0,
        "f1-score": 0.9803921568627451,
        "support": 25
    },
    "mug": {
        "precision": 1.0,
        "recall": 1.0,
        "f1-score": 1.0,
        "support": 22
    },
    "paper_notebook": {
        "precision": 0.8333333333333334,
        "recall": 0.8695652173913043,
        "f1-score": 0.851063829787234,
        "support": 23
    },
    "pen": {
        "precision": 0.9259259259259259,
        "recall": 0.9259259259259259,
        "f1-score": 0.9259259259259259,
        "support": 27
    },
    "phone": {
        "precision": 1.0,
        "recall": 0.9090909090909091,
        "f1-score": 0.9523809523809523,
        "support": 11
    },
    "printer": {
        "precision": 0.8125,
        "recall": 0.8666666666666667,
        "f1-score": 0.8387096774193549,
        "support": 15
    },
    "projector": {
        "precision": 0.8947368421052632,
        "recall": 0.68,
        "f1-score": 0.7727272727272727,
        "support": 25
    },
    "punchers": {
        "precision": 0.9333333333333333,
        "recall": 0.6363636363636364,
        "f1-score": 0.7567567567567568,
        "support": 22
    },
    "ring_binder": {
        "precision": 0.8205128205128205,
        "recall": 0.9142857142857143,
        "f1-score": 0.8648648648648648,
        "support": 35
    },
    "ruler": {
        "precision": 0.45454545454545453,
        "recall": 0.8333333333333334,
        "f1-score": 0.5882352941176471,
        "support": 6
    },
    "scissors": {
        "precision": 0.9473684210526315,
        "recall": 0.9,
        "f1-score": 0.9230769230769231,
        "support": 20
    },
    "speaker": {
        "precision": 0.8620689655172413,
        "recall": 1.0,
        "f1-score": 0.9259259259259259,
        "support": 25
    },
    "stapler": {
        "precision": 0.9411764705882353,
        "recall": 0.8421052631578947,
        "f1-score": 0.8888888888888888,
        "support": 19
    },
    "tape_dispenser": {
        "precision": 0.7083333333333334,
        "recall": 0.9444444444444444,
        "f1-score": 0.8095238095238096,
        "support": 18
    },
    "trash_can": {
        "precision": 0.9285714285714286,
        "recall": 0.8125,
        "f1-score": 0.8666666666666666,
        "support": 16
    },
    "accuracy": 0.8890625,
    "macro avg": {
        "precision": 0.9027355927811628,
        "recall": 0.8827239261590037,
        "f1-score": 0.8815519607555543,
        "support": 640
    },
    "weighted avg": {
        "precision": 0.9052070083170477,
        "recall": 0.8890625,
        "f1-score": 0.887202096621104,
        "support": 640
    }
}