{
    "back_pack": {
        "precision": 0.9848484848484849,
        "recall": 0.7471264367816092,
        "f1-score": 0.8496732026143791,
        "support": 87
    },
    "bike": {
        "precision": 0.9259259259259259,
        "recall": 0.974025974025974,
        "f1-score": 0.949367088607595,
        "support": 77
    },
    "bike_helmet": {
        "precision": 0.8333333333333334,
        "recall": 0.6716417910447762,
        "f1-score": 0.7438016528925621,
        "support": 67
    },
    "bookcase": {
        "precision": 0.5,
        "recall": 0.8181818181818182,
        "f1-score": 0.6206896551724137,
        "support": 77
    },
    "bottle": {
        "precision": 0.39215686274509803,
        "recall": 0.6451612903225806,
        "f1-score": 0.4878048780487804,
        "support": 31
    },
    "calculator": {
        "precision": 0.6666666666666666,
        "recall": 0.9438202247191011,
        "f1-score": 0.7813953488372093,
        "support": 89
    },
    "desk_chair": {
        "precision": 0.797752808988764,
        "recall": 0.8255813953488372,
        "f1-score": 0.8114285714285714,
        "support": 86
    },
    "desk_lamp": {
        "precision": 0.8048780487804879,
        "recall": 0.358695652173913,
        "f1-score": 0.4962406015037593,
        "support": 92
    },
    "desktop_computer": {
        "precision": 0.3902439024390244,
        "recall": 0.17391304347826086,
        "f1-score": 0.2406015037593985,
        "support": 92
    },
    "file_cabinet": {
        "precision": 0.5125,
        "recall": 0.5394736842105263,
        "f1-score": 0.5256410256410255,
        "support": 76
    },
    "headphones": {
        "precision": 0.6956521739130435,
        "recall": 0.851063829787234,
        "f1-score": 0.7655502392344499,
        "support": 94
    },
    "keyboard": {
        "precision": 0.8695652173913043,
        "recall": 0.8421052631578947,
        "f1-score": 0.8556149732620322,
        "support": 95
    },
    "laptop_computer": {
        "precision": 0.7889908256880734,
        "recall": 0.9052631578947369,
        "f1-score": 0.8431372549019608,
        "support": 95
    },
    "letter_tray": {
        "precision": 0.5645161290322581,
        "recall": 0.3763440860215054,
        "f1-score": 0.4516129032258065,
        "support": 93
    },
    "mobile_phone": {
        "precision": 0.6666666666666666,
        "recall": 0.9263157894736842,
        "f1-score": 0.7753303964757708,
        "support": 95
    },
    "monitor": {
        "precision": 0.7094017094017094,
        "recall": 0.8829787234042553,
        "f1-score": 0.7867298578199052,
        "support": 94
    },
    "mouse": {
        "precision": 0.7345132743362832,
        "recall": 0.8736842105263158,
        "f1-score": 0.798076923076923,
        "support": 95
    },
    "mug": {
        "precision": 0.7936507936507936,
        "recall": 0.5617977528089888,
        "f1-score": 0.6578947368421053,
        "support": 89
    },
    "paper_notebook": {
        "precision": 0.6376811594202898,
        "recall": 0.4835164835164835,
        "f1-score": 0.55,
        "support": 91
    },
    "pen": {
        "precision": 0.5208333333333334,
        "recall": 0.2777777777777778,
        "f1-score": 0.36231884057971014,
        "support": 90
    },
    "phone": {
        "precision": 0.9230769230769231,
        "recall": 0.5454545454545454,
        "f1-score": 0.6857142857142856,
        "support": 88
    },
    "printer": {
        "precision": 0.8695652173913043,
        "recall": 0.631578947368421,
        "f1-score": 0.7317073170731707,
        "support": 95
    },
    "projector": {
        "precision": 0.7157894736842105,
        "recall": 0.7311827956989247,
        "f1-score": 0.7234042553191489,
        "support": 93
    },
    "punchers": {
        "precision": 0.2,
        "recall": 0.07526881720430108,
        "f1-score": 0.109375,
        "support": 93
    },
    "ring_binder": {
        "precision": 0.4189189189189189,
        "recall": 0.36470588235294116,
        "f1-score": 0.389937106918239,
        "support": 85
    },
    "ruler": {
        "precision": 0.36283185840707965,
        "recall": 0.5857142857142857,
        "f1-score": 0.44808743169398907,
        "support": 70
    },
    "scissors": {
        "precision": 0.4205607476635514,
        "recall": 0.47368421052631576,
        "f1-score": 0.44554455445544555,
        "support": 95
    },
    "speaker": {
        "precision": 0.6617647058823529,
        "recall": 0.4787234042553192,
        "f1-score": 0.5555555555555556,
        "support": 94
    },
    "stapler": {
        "precision": 0.36428571428571427,
        "recall": 0.5425531914893617,
        "f1-score": 0.4358974358974359,
        "support": 94
    },
    "tape_dispenser": {
        "precision": 0.30985915492957744,
        "recall": 0.4835164835164835,
        "f1-score": 0.37768240343347637,
        "support": 91
    },
    "trash_can": {
        "precision": 0.358695652173913,
        "recall": 0.559322033898305,
        "f1-score": 0.4370860927152318,
        "support": 59
    },
    "accuracy": 0.6160781367392938,
    "macro avg": {
        "precision": 0.6256492155798414,
        "recall": 0.6177475155527572,
        "f1-score": 0.6029968094419462,
        "support": 2662
    },
    "weighted avg": {
        "precision": 0.6336870608074942,
        "recall": 0.6160781367392938,
        "f1-score": 0.6064287894215068,
        "support": 2662
    }
}