{
    "back_pack": {
        "precision": 0.7777777777777778,
        "recall": 1.0,
        "f1-score": 0.8750000000000001,
        "support": 7
    },
    "bike": {
        "precision": 1.0,
        "recall": 0.9375,
        "f1-score": 0.967741935483871,
        "support": 16
    },
    "bike_helmet": {
        "precision": 1.0,
        "recall": 0.7894736842105263,
        "f1-score": 0.8823529411764706,
        "support": 19
    },
    "bookcase": {
        "precision": 0.75,
        "recall": 0.42857142857142855,
        "f1-score": 0.5454545454545454,
        "support": 7
    },
    "bottle": {
        "precision": 0.9,
        "recall": 0.8181818181818182,
        "f1-score": 0.8571428571428572,
        "support": 11
    },
    "calculator": {
        "precision": 0.5714285714285714,
        "recall": 0.5714285714285714,
        "f1-score": 0.5714285714285714,
        "support": 7
    },
    "desk_chair": {
        "precision": 1.0,
        "recall": 1.0,
        "f1-score": 1.0,
        "support": 8
    },
    "desk_lamp": {
        "precision": 0.6363636363636364,
        "recall": 0.7777777777777778,
        "f1-score": 0.7000000000000001,
        "support": 9
    },
    "desktop_computer": {
        "precision": 0.3333333333333333,
        "recall": 0.1,
        "f1-score": 0.15384615384615383,
        "support": 10
    },
    "file_cabinet": {
        "precision": 0.5263157894736842,
        "recall": 1.0,
        "f1-score": 0.6896551724137931,
        "support": 10
    },
    "headphones": {
        "precision": 1.0,
        "recall": 0.625,
        "f1-score": 0.7692307692307693,
        "support": 8
    },
    "keyboard": {
        "precision": 0.45454545454545453,
        "recall": 1.0,
        "f1-score": 0.625,
        "support": 5
    },
    "laptop_computer": {
        "precision": 0.9166666666666666,
        "recall": 0.5789473684210527,
        "f1-score": 0.7096774193548387,
        "support": 19
    },
    "letter_tray": {
        "precision": 0.5,
        "recall": 0.8181818181818182,
        "f1-score": 0.6206896551724137,
        "support": 11
    },
    "mobile_phone": {
        "precision": 1.0,
        "recall": 0.11538461538461539,
        "f1-score": 0.20689655172413793,
        "support": 26
    },
    "monitor": {
        "precision": 1.0,
        "recall": 0.29411764705882354,
        "f1-score": 0.45454545454545453,
        "support": 17
    },
    "mouse": {
        "precision": 0.5833333333333334,
        "recall": 1.0,
        "f1-score": 0.7368421052631579,
        "support": 7
    },
    "mug": {
        "precision": 0.375,
        "recall": 1.0,
        "f1-score": 0.5454545454545454,
        "support": 3
    },
    "paper_notebook": {
        "precision": 0.36363636363636365,
        "recall": 0.8,
        "f1-score": 0.5000000000000001,
        "support": 5
    },
    "pen": {
        "precision": 0.5714285714285714,
        "recall": 0.8,
        "f1-score": 0.6666666666666666,
        "support": 5
    },
    "phone": {
        "precision": 0.7777777777777778,
        "recall": 0.875,
        "f1-score": 0.823529411764706,
        "support": 8
    },
    "printer": {
        "precision": 0.35714285714285715,
        "recall": 0.5,
        "f1-score": 0.41666666666666663,
        "support": 10
    },
    "projector": {
        "precision": 0.45454545454545453,
        "recall": 0.5555555555555556,
        "f1-score": 0.5,
        "support": 18
    },
    "punchers": {
        "precision": 0.5,
        "recall": 0.8461538461538461,
        "f1-score": 0.6285714285714286,
        "support": 13
    },
    "ring_binder": {
        "precision": 0.14285714285714285,
        "recall": 0.2,
        "f1-score": 0.16666666666666666,
        "support": 5
    },
    "ruler": {
        "precision": 0.6666666666666666,
        "recall": 1.0,
        "f1-score": 0.8,
        "support": 2
    },
    "scissors": {
        "precision": 0.7222222222222222,
        "recall": 1.0,
        "f1-score": 0.8387096774193548,
        "support": 13
    },
    "speaker": {
        "precision": 0.7142857142857143,
        "recall": 0.23809523809523808,
        "f1-score": 0.35714285714285715,
        "support": 21
    },
    "stapler": {
        "precision": 0.6666666666666666,
        "recall": 0.625,
        "f1-score": 0.6451612903225806,
        "support": 16
    },
    "tape_dispenser": {
        "precision": 0.8666666666666667,
        "recall": 0.7647058823529411,
        "f1-score": 0.8125,
        "support": 17
    },
    "trash_can": {
        "precision": 0.4444444444444444,
        "recall": 0.8,
        "f1-score": 0.5714285714285714,
        "support": 10
    },
    "accuracy": 0.641399416909621,
    "macro avg": {
        "precision": 0.6636485519762261,
        "recall": 0.7051314597217423,
        "f1-score": 0.63348393272068,
        "support": 343
    },
    "weighted avg": {
        "precision": 0.7252119000124216,
        "recall": 0.641399416909621,
        "f1-score": 0.6189273396443629,
        "support": 343
    }
}