{
    "back_pack": {
        "precision": 1.0,
        "recall": 1.0,
        "f1-score": 1.0,
        "support": 24
    },
    "bike": {
        "precision": 1.0,
        "recall": 1.0,
        "f1-score": 1.0,
        "support": 16
    },
    "bike_helmet": {
        "precision": 1.0,
        "recall": 0.9565217391304348,
        "f1-score": 0.9777777777777777,
        "support": 23
    },
    "bookcase": {
        "precision": 0.875,
        "recall": 1.0,
        "f1-score": 0.9333333333333333,
        "support": 7
    },
    "bottle": {
        "precision": 1.0,
        "recall": 1.0,
        "f1-score": 1.0,
        "support": 11
    },
    "calculator": {
        "precision": 0.9230769230769231,
        "recall": 0.9230769230769231,
        "f1-score": 0.9230769230769231,
        "support": 26
    },
    "desk_chair": {
        "precision": 1.0,
        "recall": 1.0,
        "f1-score": 1.0,
        "support": 35
    },
    "desk_lamp": {
        "precision": 1.0,
        "recall": 0.9230769230769231,
        "f1-score": 0.9600000000000001,
        "support": 13
    },
    "desktop_computer": {
        "precision": 1.0,
        "recall": 0.8125,
        "f1-score": 0.896551724137931,
        "support": 16
    },
    "file_cabinet": {
        "precision": 0.875,
        "recall": 1.0,
        "f1-score": 0.9333333333333333,
        "support": 14
    },
    "headphones": {
        "precision": 1.0,
        "recall": 1.0,
        "f1-score": 1.0,
        "support": 22
    },
    "keyboard": {
        "precision": 1.0,
        "recall": 0.7727272727272727,
        "f1-score": 0.8717948717948718,
        "support": 22
    },
    "laptop_computer": {
        "precision": 1.0,
        "recall": 0.92,
        "f1-score": 0.9583333333333334,
        "support": 25
    },
    "letter_tray": {
        "precision": 1.0,
        "recall": 0.7142857142857143,
        "f1-score": 0.8333333333333333,
        "support": 14
    },
    "mobile_phone": {
        "precision": 0.6176470588235294,
        "recall": 0.84,
        "f1-score": 0.711864406779661,
        "support": 25
    },
    "monitor": {
        "precision": 0.9210526315789473,
        "recall": 0.9210526315789473,
        "f1-score": 0.9210526315789473,
        "support": 38
    },
    "mouse": {
        "precision": 0.9259259259259259,
        "recall": 1.0,
        "f1-score": 0.9615384615384615,
        "support": 25
    },
    "mug": {
        "precision": 1.0,
        "recall": 1.0,
        "f1-score": 1.0,
        "support": 22
    },
    "paper_notebook": {
        "precision": 0.9473684210526315,
        "recall": 0.782608695652174,
        "f1-score": 0.8571428571428571,
        "support": 23
    },
    "pen": {
        "precision": 0.8,
        "recall": 0.8888888888888888,
        "f1-score": 0.8421052631578948,
        "support": 27
    },
    "phone": {
        "precision": 0.9166666666666666,
        "recall": 1.0,
        "f1-score": 0.9565217391304348,
        "support": 11
    },
    "printer": {
        "precision": 0.8333333333333334,
        "recall": 1.0,
        "f1-score": 0.9090909090909091,
        "support": 15
    },
    "projector": {
        "precision": 1.0,
        "recall": 0.64,
        "f1-score": 0.7804878048780487,
        "support": 25
    },
    "punchers": {
        "precision": 0.8333333333333334,
        "recall": 0.6818181818181818,
        "f1-score": 0.7499999999999999,
        "support": 22
    },
    "ring_binder": {
        "precision": 0.775,
        "recall": 0.8857142857142857,
        "f1-score": 0.8266666666666667,
        "support": 35
    },
    "ruler": {
        "precision": 0.5,
        "recall": 0.6666666666666666,
        "f1-score": 0.5714285714285715,
        "support": 6
    },
    "scissors": {
        "precision": 0.8181818181818182,
        "recall": 0.9,
        "f1-score": 0.8571428571428572,
        "support": 20
    },
    "speaker": {
        "precision": 0.96,
        "recall": 0.96,
        "f1-score": 0.96,
        "support": 25
    },
    "stapler": {
        "precision": 0.9,
        "recall": 0.9473684210526315,
        "f1-score": 0.9230769230769231,
        "support": 19
    },
    "tape_dispenser": {
        "precision": 0.9,
        "recall": 1.0,
        "f1-score": 0.9473684210526316,
        "support": 18
    },
    "trash_can": {
        "precision": 0.875,
        "recall": 0.875,
        "f1-score": 0.875,
        "support": 16
    },
    "accuracy": 0.9046875,
    "macro avg": {
        "precision": 0.9095672939346161,
        "recall": 0.9035905272151304,
        "f1-score": 0.9012265207350227,
        "support": 640
    },
    "weighted avg": {
        "precision": 0.9157173458332032,
        "recall": 0.9046875,
        "f1-score": 0.905110243895321,
        "support": 640
    }
}