{
    "back_pack": {
        "precision": 1.0,
        "recall": 1.0,
        "f1-score": 1.0,
        "support": 7
    },
    "bike": {
        "precision": 1.0,
        "recall": 1.0,
        "f1-score": 1.0,
        "support": 16
    },
    "bike_helmet": {
        "precision": 1.0,
        "recall": 0.7368421052631579,
        "f1-score": 0.8484848484848484,
        "support": 19
    },
    "bookcase": {
        "precision": 1.0,
        "recall": 0.5714285714285714,
        "f1-score": 0.7272727272727273,
        "support": 7
    },
    "bottle": {
        "precision": 1.0,
        "recall": 1.0,
        "f1-score": 1.0,
        "support": 11
    },
    "calculator": {
        "precision": 0.6363636363636364,
        "recall": 1.0,
        "f1-score": 0.7777777777777778,
        "support": 7
    },
    "desk_chair": {
        "precision": 1.0,
        "recall": 1.0,
        "f1-score": 1.0,
        "support": 8
    },
    "desk_lamp": {
        "precision": 0.75,
        "recall": 1.0,
        "f1-score": 0.8571428571428571,
        "support": 9
    },
    "desktop_computer": {
        "precision": 0.7272727272727273,
        "recall": 0.8,
        "f1-score": 0.761904761904762,
        "support": 10
    },
    "file_cabinet": {
        "precision": 0.8,
        "recall": 0.8,
        "f1-score": 0.8000000000000002,
        "support": 10
    },
    "headphones": {
        "precision": 0.8,
        "recall": 1.0,
        "f1-score": 0.888888888888889,
        "support": 8
    },
    "keyboard": {
        "precision": 0.8333333333333334,
        "recall": 1.0,
        "f1-score": 0.9090909090909091,
        "support": 5
    },
    "laptop_computer": {
        "precision": 1.0,
        "recall": 0.631578947368421,
        "f1-score": 0.7741935483870968,
        "support": 19
    },
    "letter_tray": {
        "precision": 0.8461538461538461,
        "recall": 1.0,
        "f1-score": 0.9166666666666666,
        "support": 11
    },
    "mobile_phone": {
        "precision": 0.9444444444444444,
        "recall": 0.6538461538461539,
        "f1-score": 0.7727272727272727,
        "support": 26
    },
    "monitor": {
        "precision": 1.0,
        "recall": 1.0,
        "f1-score": 1.0,
        "support": 17
    },
    "mouse": {
        "precision": 0.5454545454545454,
        "recall": 0.8571428571428571,
        "f1-score": 0.6666666666666665,
        "support": 7
    },
    "mug": {
        "precision": 1.0,
        "recall": 1.0,
        "f1-score": 1.0,
        "support": 3
    },
    "paper_notebook": {
        "precision": 1.0,
        "recall": 0.8,
        "f1-score": 0.888888888888889,
        "support": 5
    },
    "pen": {
        "precision": 0.25,
        "recall": 0.4,
        "f1-score": 0.3076923076923077,
        "support": 5
    },
    "phone": {
        "precision": 1.0,
        "recall": 0.875,
        "f1-score": 0.9333333333333333,
        "support": 8
    },
    "printer": {
        "precision": 0.75,
        "recall": 0.6,
        "f1-score": 0.6666666666666665,
        "support": 10
    },
    "projector": {
        "precision": 0.75,
        "recall": 0.8333333333333334,
        "f1-score": 0.7894736842105262,
        "support": 18
    },
    "punchers": {
        "precision": 1.0,
        "recall": 0.5384615384615384,
        "f1-score": 0.7000000000000001,
        "support": 13
    },
    "ring_binder": {
        "precision": 0.38461538461538464,
        "recall": 1.0,
        "f1-score": 0.5555555555555556,
        "support": 5
    },
    "ruler": {
        "precision": 0.25,
        "recall": 0.5,
        "f1-score": 0.3333333333333333,
        "support": 2
    },
    "scissors": {
        "precision": 0.8,
        "recall": 0.9230769230769231,
        "f1-score": 0.8571428571428571,
        "support": 13
    },
    "speaker": {
        "precision": 0.875,
        "recall": 1.0,
        "f1-score": 0.9333333333333333,
        "support": 21
    },
    "stapler": {
        "precision": 0.6111111111111112,
        "recall": 0.6875,
        "f1-score": 0.6470588235294118,
        "support": 16
    },
    "tape_dispenser": {
        "precision": 0.5333333333333333,
        "recall": 0.47058823529411764,
        "f1-score": 0.5,
        "support": 17
    },
    "trash_can": {
        "precision": 1.0,
        "recall": 0.6,
        "f1-score": 0.7499999999999999,
        "support": 10
    },
    "accuracy": 0.8046647230320699,
    "macro avg": {
        "precision": 0.8092607213574956,
        "recall": 0.8154451182327443,
        "f1-score": 0.7923643776998932,
        "support": 343
    },
    "weighted avg": {
        "precision": 0.8455332082883104,
        "recall": 0.8046647230320699,
        "f1-score": 0.8080584826604359,
        "support": 343
    }
}