{
    "back_pack": {
        "precision": 0.5833333333333334,
        "recall": 1.0,
        "f1-score": 0.7368421052631579,
        "support": 7
    },
    "bike": {
        "precision": 1.0,
        "recall": 1.0,
        "f1-score": 1.0,
        "support": 16
    },
    "bike_helmet": {
        "precision": 0.9411764705882353,
        "recall": 0.8421052631578947,
        "f1-score": 0.8888888888888888,
        "support": 19
    },
    "bookcase": {
        "precision": 0.875,
        "recall": 1.0,
        "f1-score": 0.9333333333333333,
        "support": 7
    },
    "bottle": {
        "precision": 0.9166666666666666,
        "recall": 1.0,
        "f1-score": 0.9565217391304348,
        "support": 11
    },
    "calculator": {
        "precision": 0.5454545454545454,
        "recall": 0.8571428571428571,
        "f1-score": 0.6666666666666665,
        "support": 7
    },
    "desk_chair": {
        "precision": 1.0,
        "recall": 1.0,
        "f1-score": 1.0,
        "support": 8
    },
    "desk_lamp": {
        "precision": 1.0,
        "recall": 0.1111111111111111,
        "f1-score": 0.19999999999999998,
        "support": 9
    },
    "desktop_computer": {
        "precision": 0.5,
        "recall": 0.6,
        "f1-score": 0.5454545454545454,
        "support": 10
    },
    "file_cabinet": {
        "precision": 0.875,
        "recall": 0.7,
        "f1-score": 0.7777777777777777,
        "support": 10
    },
    "headphones": {
        "precision": 1.0,
        "recall": 1.0,
        "f1-score": 1.0,
        "support": 8
    },
    "keyboard": {
        "precision": 0.8,
        "recall": 0.8,
        "f1-score": 0.8000000000000002,
        "support": 5
    },
    "laptop_computer": {
        "precision": 1.0,
        "recall": 0.7894736842105263,
        "f1-score": 0.8823529411764706,
        "support": 19
    },
    "letter_tray": {
        "precision": 0.5263157894736842,
        "recall": 0.9090909090909091,
        "f1-score": 0.6666666666666666,
        "support": 11
    },
    "mobile_phone": {
        "precision": 0.8076923076923077,
        "recall": 0.8076923076923077,
        "f1-score": 0.8076923076923077,
        "support": 26
    },
    "monitor": {
        "precision": 0.8947368421052632,
        "recall": 1.0,
        "f1-score": 0.9444444444444444,
        "support": 17
    },
    "mouse": {
        "precision": 0.36363636363636365,
        "recall": 0.5714285714285714,
        "f1-score": 0.4444444444444444,
        "support": 7
    },
    "mug": {
        "precision": 0.75,
        "recall": 1.0,
        "f1-score": 0.8571428571428571,
        "support": 3
    },
    "paper_notebook": {
        "precision": 0.45454545454545453,
        "recall": 1.0,
        "f1-score": 0.625,
        "support": 5
    },
    "pen": {
        "precision": 0.0,
        "recall": 0.0,
        "f1-score": 0.0,
        "support": 5
    },
    "phone": {
        "precision": 1.0,
        "recall": 0.875,
        "f1-score": 0.9333333333333333,
        "support": 8
    },
    "printer": {
        "precision": 0.8181818181818182,
        "recall": 0.9,
        "f1-score": 0.8571428571428572,
        "support": 10
    },
    "projector": {
        "precision": 0.6,
        "recall": 0.6666666666666666,
        "f1-score": 0.631578947368421,
        "support": 18
    },
    "punchers": {
        "precision": 1.0,
        "recall": 0.38461538461538464,
        "f1-score": 0.5555555555555556,
        "support": 13
    },
    "ring_binder": {
        "precision": 1.0,
        "recall": 0.4,
        "f1-score": 0.5714285714285715,
        "support": 5
    },
    "ruler": {
        "precision": 0.2,
        "recall": 1.0,
        "f1-score": 0.33333333333333337,
        "support": 2
    },
    "scissors": {
        "precision": 1.0,
        "recall": 0.8461538461538461,
        "f1-score": 0.9166666666666666,
        "support": 13
    },
    "speaker": {
        "precision": 0.8,
        "recall": 0.19047619047619047,
        "f1-score": 0.3076923076923077,
        "support": 21
    },
    "stapler": {
        "precision": 0.8,
        "recall": 0.25,
        "f1-score": 0.38095238095238093,
        "support": 16
    },
    "tape_dispenser": {
        "precision": 0.6521739130434783,
        "recall": 0.8823529411764706,
        "f1-score": 0.75,
        "support": 17
    },
    "trash_can": {
        "precision": 0.35294117647058826,
        "recall": 0.6,
        "f1-score": 0.4444444444444445,
        "support": 10
    },
    "accuracy": 0.7259475218658892,
    "macro avg": {
        "precision": 0.7437695058448947,
        "recall": 0.7413970881587979,
        "f1-score": 0.6908179714838666,
        "support": 343
    },
    "weighted avg": {
        "precision": 0.7912786288993293,
        "recall": 0.7259475218658892,
        "f1-score": 0.713068268649903,
        "support": 343
    }
}