{
    "back_pack": {
        "precision": 1.0,
        "recall": 1.0,
        "f1-score": 1.0,
        "support": 7
    },
    "bike": {
        "precision": 1.0,
        "recall": 1.0,
        "f1-score": 1.0,
        "support": 16
    },
    "bike_helmet": {
        "precision": 0.95,
        "recall": 1.0,
        "f1-score": 0.9743589743589743,
        "support": 19
    },
    "bookcase": {
        "precision": 0.5384615384615384,
        "recall": 1.0,
        "f1-score": 0.7000000000000001,
        "support": 7
    },
    "bottle": {
        "precision": 0.8461538461538461,
        "recall": 1.0,
        "f1-score": 0.9166666666666666,
        "support": 11
    },
    "calculator": {
        "precision": 1.0,
        "recall": 1.0,
        "f1-score": 1.0,
        "support": 7
    },
    "desk_chair": {
        "precision": 0.8888888888888888,
        "recall": 1.0,
        "f1-score": 0.9411764705882353,
        "support": 8
    },
    "desk_lamp": {
        "precision": 1.0,
        "recall": 0.5555555555555556,
        "f1-score": 0.7142857142857143,
        "support": 9
    },
    "desktop_computer": {
        "precision": 0.8,
        "recall": 0.4,
        "f1-score": 0.5333333333333333,
        "support": 10
    },
    "file_cabinet": {
        "precision": 0.5294117647058824,
        "recall": 0.9,
        "f1-score": 0.6666666666666667,
        "support": 10
    },
    "headphones": {
        "precision": 0.7777777777777778,
        "recall": 0.875,
        "f1-score": 0.823529411764706,
        "support": 8
    },
    "keyboard": {
        "precision": 1.0,
        "recall": 0.6,
        "f1-score": 0.7499999999999999,
        "support": 5
    },
    "laptop_computer": {
        "precision": 1.0,
        "recall": 0.7368421052631579,
        "f1-score": 0.8484848484848484,
        "support": 19
    },
    "letter_tray": {
        "precision": 1.0,
        "recall": 0.5454545454545454,
        "f1-score": 0.7058823529411764,
        "support": 11
    },
    "mobile_phone": {
        "precision": 0.8666666666666667,
        "recall": 0.5,
        "f1-score": 0.6341463414634146,
        "support": 26
    },
    "monitor": {
        "precision": 0.8125,
        "recall": 0.7647058823529411,
        "f1-score": 0.787878787878788,
        "support": 17
    },
    "mouse": {
        "precision": 0.75,
        "recall": 0.8571428571428571,
        "f1-score": 0.7999999999999999,
        "support": 7
    },
    "mug": {
        "precision": 0.4,
        "recall": 0.6666666666666666,
        "f1-score": 0.5,
        "support": 3
    },
    "paper_notebook": {
        "precision": 0.2777777777777778,
        "recall": 1.0,
        "f1-score": 0.4347826086956522,
        "support": 5
    },
    "pen": {
        "precision": 0.7142857142857143,
        "recall": 1.0,
        "f1-score": 0.8333333333333333,
        "support": 5
    },
    "phone": {
        "precision": 1.0,
        "recall": 1.0,
        "f1-score": 1.0,
        "support": 8
    },
    "printer": {
        "precision": 0.6,
        "recall": 0.3,
        "f1-score": 0.4,
        "support": 10
    },
    "projector": {
        "precision": 0.8333333333333334,
        "recall": 0.8333333333333334,
        "f1-score": 0.8333333333333334,
        "support": 18
    },
    "punchers": {
        "precision": 0.7272727272727273,
        "recall": 0.6153846153846154,
        "f1-score": 0.6666666666666667,
        "support": 13
    },
    "ring_binder": {
        "precision": 0.6666666666666666,
        "recall": 0.8,
        "f1-score": 0.7272727272727272,
        "support": 5
    },
    "ruler": {
        "precision": 0.5,
        "recall": 0.5,
        "f1-score": 0.5,
        "support": 2
    },
    "scissors": {
        "precision": 0.9090909090909091,
        "recall": 0.7692307692307693,
        "f1-score": 0.8333333333333333,
        "support": 13
    },
    "speaker": {
        "precision": 0.7272727272727273,
        "recall": 0.7619047619047619,
        "f1-score": 0.7441860465116279,
        "support": 21
    },
    "stapler": {
        "precision": 0.45,
        "recall": 0.5625,
        "f1-score": 0.5,
        "support": 16
    },
    "tape_dispenser": {
        "precision": 0.7083333333333334,
        "recall": 1.0,
        "f1-score": 0.8292682926829268,
        "support": 17
    },
    "trash_can": {
        "precision": 1.0,
        "recall": 0.3,
        "f1-score": 0.4615384615384615,
        "support": 10
    },
    "accuracy": 0.760932944606414,
    "macro avg": {
        "precision": 0.7830288281189609,
        "recall": 0.7691522932996518,
        "f1-score": 0.7438749797355027,
        "support": 343
    },
    "weighted avg": {
        "precision": 0.8123352168991855,
        "recall": 0.760932944606414,
        "f1-score": 0.7594105846161783,
        "support": 343
    }
}