{
    "0": {
        "precision": 0.19024780175859313,
        "recall": 0.13646788990825687,
        "f1-score": 0.15893155258764605,
        "support": 1744
    },
    "1": {
        "precision": 0.7523629489603024,
        "recall": 0.07805452049421455,
        "f1-score": 0.1414356787491116,
        "support": 5099
    },
    "2": {
        "precision": 0.9375,
        "recall": 0.0072306579898770785,
        "f1-score": 0.014350633819660367,
        "support": 4149
    },
    "3": {
        "precision": 0.8888888888888888,
        "recall": 0.002775850104094379,
        "f1-score": 0.005534417156693185,
        "support": 2882
    },
    "4": {
        "precision": 0.3004009163802978,
        "recall": 0.4157748711850971,
        "f1-score": 0.3487946799667498,
        "support": 2523
    },
    "5": {
        "precision": 1.0,
        "recall": 0.0041946308724832215,
        "f1-score": 0.008354218880534671,
        "support": 2384
    },
    "6": {
        "precision": 0.35526315789473684,
        "recall": 0.013657056145675266,
        "f1-score": 0.02630297126156844,
        "support": 1977
    },
    "7": {
        "precision": 0.625,
        "recall": 0.0024764735017335313,
        "f1-score": 0.00493339911198816,
        "support": 2019
    },
    "8": {
        "precision": 0.07323308270676691,
        "recall": 0.8801204819277109,
        "f1-score": 0.13521517815826006,
        "support": 1660
    },
    "9": {
        "precision": 0.1348148148148148,
        "recall": 0.057053291536050155,
        "f1-score": 0.08017621145374448,
        "support": 1595
    },
    "accuracy": 0.127420098340504,
    "macro avg": {
        "precision": 0.5257711611404401,
        "recall": 0.1597805723665193,
        "f1-score": 0.09240289411459568,
        "support": 26032
    },
    "weighted avg": {
        "precision": 0.6170211448563919,
        "recall": 0.127420098340504,
        "f1-score": 0.09173606787753145,
        "support": 26032
    }
}