{
    "back_pack": {
        "precision": 0.8275862068965517,
        "recall": 1.0,
        "f1-score": 0.9056603773584906,
        "support": 24
    },
    "bike": {
        "precision": 1.0,
        "recall": 1.0,
        "f1-score": 1.0,
        "support": 16
    },
    "bike_helmet": {
        "precision": 1.0,
        "recall": 0.8260869565217391,
        "f1-score": 0.9047619047619047,
        "support": 23
    },
    "bookcase": {
        "precision": 0.5384615384615384,
        "recall": 1.0,
        "f1-score": 0.7000000000000001,
        "support": 7
    },
    "bottle": {
        "precision": 0.8461538461538461,
        "recall": 1.0,
        "f1-score": 0.9166666666666666,
        "support": 11
    },
    "calculator": {
        "precision": 0.6428571428571429,
        "recall": 0.6923076923076923,
        "f1-score": 0.6666666666666666,
        "support": 26
    },
    "desk_chair": {
        "precision": 0.9428571428571428,
        "recall": 0.9428571428571428,
        "f1-score": 0.9428571428571428,
        "support": 35
    },
    "desk_lamp": {
        "precision": 0.8571428571428571,
        "recall": 0.46153846153846156,
        "f1-score": 0.6,
        "support": 13
    },
    "desktop_computer": {
        "precision": 0.75,
        "recall": 0.75,
        "f1-score": 0.75,
        "support": 16
    },
    "file_cabinet": {
        "precision": 1.0,
        "recall": 0.6428571428571429,
        "f1-score": 0.782608695652174,
        "support": 14
    },
    "headphones": {
        "precision": 0.7857142857142857,
        "recall": 1.0,
        "f1-score": 0.88,
        "support": 22
    },
    "keyboard": {
        "precision": 1.0,
        "recall": 0.7727272727272727,
        "f1-score": 0.8717948717948718,
        "support": 22
    },
    "laptop_computer": {
        "precision": 0.8636363636363636,
        "recall": 0.76,
        "f1-score": 0.8085106382978724,
        "support": 25
    },
    "letter_tray": {
        "precision": 0.75,
        "recall": 0.8571428571428571,
        "f1-score": 0.7999999999999999,
        "support": 14
    },
    "mobile_phone": {
        "precision": 0.5789473684210527,
        "recall": 0.44,
        "f1-score": 0.5,
        "support": 25
    },
    "monitor": {
        "precision": 0.8,
        "recall": 0.9473684210526315,
        "f1-score": 0.8674698795180723,
        "support": 38
    },
    "mouse": {
        "precision": 0.75,
        "recall": 0.6,
        "f1-score": 0.6666666666666665,
        "support": 25
    },
    "mug": {
        "precision": 0.8461538461538461,
        "recall": 1.0,
        "f1-score": 0.9166666666666666,
        "support": 22
    },
    "paper_notebook": {
        "precision": 0.6,
        "recall": 0.9130434782608695,
        "f1-score": 0.7241379310344828,
        "support": 23
    },
    "pen": {
        "precision": 0.6363636363636364,
        "recall": 0.5185185185185185,
        "f1-score": 0.5714285714285714,
        "support": 27
    },
    "phone": {
        "precision": 1.0,
        "recall": 0.8181818181818182,
        "f1-score": 0.9,
        "support": 11
    },
    "printer": {
        "precision": 0.6666666666666666,
        "recall": 0.6666666666666666,
        "f1-score": 0.6666666666666666,
        "support": 15
    },
    "projector": {
        "precision": 0.55,
        "recall": 0.44,
        "f1-score": 0.48888888888888893,
        "support": 25
    },
    "punchers": {
        "precision": 0.6363636363636364,
        "recall": 0.3181818181818182,
        "f1-score": 0.4242424242424242,
        "support": 22
    },
    "ring_binder": {
        "precision": 0.65625,
        "recall": 0.6,
        "f1-score": 0.626865671641791,
        "support": 35
    },
    "ruler": {
        "precision": 0.16666666666666666,
        "recall": 0.5,
        "f1-score": 0.25,
        "support": 6
    },
    "scissors": {
        "precision": 0.8333333333333334,
        "recall": 0.25,
        "f1-score": 0.3846153846153846,
        "support": 20
    },
    "speaker": {
        "precision": 0.625,
        "recall": 0.8,
        "f1-score": 0.7017543859649122,
        "support": 25
    },
    "stapler": {
        "precision": 0.625,
        "recall": 0.5263157894736842,
        "f1-score": 0.5714285714285714,
        "support": 19
    },
    "tape_dispenser": {
        "precision": 0.5161290322580645,
        "recall": 0.8888888888888888,
        "f1-score": 0.6530612244897959,
        "support": 18
    },
    "trash_can": {
        "precision": 0.8666666666666667,
        "recall": 0.8125,
        "f1-score": 0.8387096774193549,
        "support": 16
    },
    "accuracy": 0.7328125,
    "macro avg": {
        "precision": 0.7470306527939773,
        "recall": 0.7337155782315227,
        "f1-score": 0.7187783733783238,
        "support": 640
    },
    "weighted avg": {
        "precision": 0.7553688299967408,
        "recall": 0.7328125,
        "f1-score": 0.7267427627302513,
        "support": 640
    }
}