{
    "0": {
        "precision": 0.8333333333333334,
        "recall": 0.9872611464968153,
        "f1-score": 0.9037900874635568,
        "support": 1099
    },
    "1": {
        "precision": 0.6632411067193675,
        "recall": 0.7634212920837125,
        "f1-score": 0.7098138747884941,
        "support": 1099
    },
    "2": {
        "precision": 0.767586821015138,
        "recall": 0.7843494085532302,
        "f1-score": 0.7758775877587758,
        "support": 1099
    },
    "3": {
        "precision": 0.6771050800278358,
        "recall": 0.8853503184713376,
        "f1-score": 0.7673501577287065,
        "support": 1099
    },
    "4": {
        "precision": 0.7676348547717843,
        "recall": 0.8416742493175614,
        "f1-score": 0.802951388888889,
        "support": 1099
    },
    "5": {
        "precision": 0.813778256189451,
        "recall": 0.6878980891719745,
        "f1-score": 0.7455621301775147,
        "support": 1099
    },
    "6": {
        "precision": 0.9012345679012346,
        "recall": 0.6642402183803457,
        "f1-score": 0.7647983237297015,
        "support": 1099
    },
    "7": {
        "precision": 0.6633027522935779,
        "recall": 0.6578707916287534,
        "f1-score": 0.6605756052992233,
        "support": 1099
    },
    "8": {
        "precision": 0.7212121212121212,
        "recall": 0.6496815286624203,
        "f1-score": 0.6835806606031595,
        "support": 1099
    },
    "9": {
        "precision": 0.7628128724672228,
        "recall": 0.5823475887170154,
        "f1-score": 0.6604747162022704,
        "support": 1099
    },
    "accuracy": 0.7504094631483167,
    "macro avg": {
        "precision": 0.7571241765931066,
        "recall": 0.7504094631483166,
        "f1-score": 0.7474774532640291,
        "support": 10990
    },
    "weighted avg": {
        "precision": 0.7571241765931067,
        "recall": 0.7504094631483167,
        "f1-score": 0.7474774532640291,
        "support": 10990
    }
}