{
    "back_pack": {
        "precision": 0.7741935483870968,
        "recall": 0.27586206896551724,
        "f1-score": 0.4067796610169492,
        "support": 87
    },
    "bike": {
        "precision": 0.8636363636363636,
        "recall": 0.987012987012987,
        "f1-score": 0.9212121212121213,
        "support": 77
    },
    "bike_helmet": {
        "precision": 0.2,
        "recall": 1.0,
        "f1-score": 0.33333333333333337,
        "support": 67
    },
    "bookcase": {
        "precision": 0.7088607594936709,
        "recall": 0.7272727272727273,
        "f1-score": 0.717948717948718,
        "support": 77
    },
    "bottle": {
        "precision": 0.36,
        "recall": 0.5806451612903226,
        "f1-score": 0.4444444444444445,
        "support": 31
    },
    "calculator": {
        "precision": 0.6981132075471698,
        "recall": 0.8314606741573034,
        "f1-score": 0.758974358974359,
        "support": 89
    },
    "desk_chair": {
        "precision": 0.8152173913043478,
        "recall": 0.872093023255814,
        "f1-score": 0.8426966292134831,
        "support": 86
    },
    "desk_lamp": {
        "precision": 0.6666666666666666,
        "recall": 0.021739130434782608,
        "f1-score": 0.042105263157894736,
        "support": 92
    },
    "desktop_computer": {
        "precision": 0.9,
        "recall": 0.09782608695652174,
        "f1-score": 0.17647058823529413,
        "support": 92
    },
    "file_cabinet": {
        "precision": 0.5081967213114754,
        "recall": 0.40789473684210525,
        "f1-score": 0.4525547445255475,
        "support": 76
    },
    "headphones": {
        "precision": 0.8356164383561644,
        "recall": 0.648936170212766,
        "f1-score": 0.7305389221556887,
        "support": 94
    },
    "keyboard": {
        "precision": 1.0,
        "recall": 0.30526315789473685,
        "f1-score": 0.46774193548387094,
        "support": 95
    },
    "laptop_computer": {
        "precision": 0.6181818181818182,
        "recall": 0.35789473684210527,
        "f1-score": 0.4533333333333333,
        "support": 95
    },
    "letter_tray": {
        "precision": 0.234375,
        "recall": 0.6451612903225806,
        "f1-score": 0.34383954154727797,
        "support": 93
    },
    "mobile_phone": {
        "precision": 0.9629629629629629,
        "recall": 0.2736842105263158,
        "f1-score": 0.42622950819672134,
        "support": 95
    },
    "monitor": {
        "precision": 0.5059523809523809,
        "recall": 0.9042553191489362,
        "f1-score": 0.648854961832061,
        "support": 94
    },
    "mouse": {
        "precision": 0.90625,
        "recall": 0.30526315789473685,
        "f1-score": 0.4566929133858268,
        "support": 95
    },
    "mug": {
        "precision": 0.5471698113207547,
        "recall": 0.3258426966292135,
        "f1-score": 0.4084507042253522,
        "support": 89
    },
    "paper_notebook": {
        "precision": 0.7142857142857143,
        "recall": 0.10989010989010989,
        "f1-score": 0.1904761904761905,
        "support": 91
    },
    "pen": {
        "precision": 0.0,
        "recall": 0.0,
        "f1-score": 0.0,
        "support": 90
    },
    "phone": {
        "precision": 0.8064516129032258,
        "recall": 0.5681818181818182,
        "f1-score": 0.6666666666666667,
        "support": 88
    },
    "printer": {
        "precision": 0.8888888888888888,
        "recall": 0.08421052631578947,
        "f1-score": 0.15384615384615383,
        "support": 95
    },
    "projector": {
        "precision": 0.2804878048780488,
        "recall": 0.7419354838709677,
        "f1-score": 0.40707964601769914,
        "support": 93
    },
    "punchers": {
        "precision": 0.8,
        "recall": 0.043010752688172046,
        "f1-score": 0.08163265306122451,
        "support": 93
    },
    "ring_binder": {
        "precision": 0.2744186046511628,
        "recall": 0.6941176470588235,
        "f1-score": 0.39333333333333337,
        "support": 85
    },
    "ruler": {
        "precision": 0.15730337078651685,
        "recall": 0.8,
        "f1-score": 0.26291079812206575,
        "support": 70
    },
    "scissors": {
        "precision": 0.6379310344827587,
        "recall": 0.3894736842105263,
        "f1-score": 0.4836601307189542,
        "support": 95
    },
    "speaker": {
        "precision": 0.5833333333333334,
        "recall": 0.07446808510638298,
        "f1-score": 0.1320754716981132,
        "support": 94
    },
    "stapler": {
        "precision": 0.3130434782608696,
        "recall": 0.3829787234042553,
        "f1-score": 0.34449760765550236,
        "support": 94
    },
    "tape_dispenser": {
        "precision": 0.4166666666666667,
        "recall": 0.054945054945054944,
        "f1-score": 0.09708737864077671,
        "support": 91
    },
    "trash_can": {
        "precision": 0.6,
        "recall": 0.05084745762711865,
        "f1-score": 0.09375000000000001,
        "support": 59
    },
    "accuracy": 0.42411720510894063,
    "macro avg": {
        "precision": 0.5992968896534859,
        "recall": 0.43748924770833847,
        "f1-score": 0.3980392810470632,
        "support": 2662
    },
    "weighted avg": {
        "precision": 0.6120635006443456,
        "recall": 0.42411720510894063,
        "f1-score": 0.3961782832067598,
        "support": 2662
    }
}