{
    "back_pack": {
        "precision": 0.7777777777777778,
        "recall": 1.0,
        "f1-score": 0.8750000000000001,
        "support": 7
    },
    "bike": {
        "precision": 1.0,
        "recall": 1.0,
        "f1-score": 1.0,
        "support": 16
    },
    "bike_helmet": {
        "precision": 0.9473684210526315,
        "recall": 0.9473684210526315,
        "f1-score": 0.9473684210526315,
        "support": 19
    },
    "bookcase": {
        "precision": 1.0,
        "recall": 0.7142857142857143,
        "f1-score": 0.8333333333333333,
        "support": 7
    },
    "bottle": {
        "precision": 0.7333333333333333,
        "recall": 1.0,
        "f1-score": 0.846153846153846,
        "support": 11
    },
    "calculator": {
        "precision": 0.5,
        "recall": 0.2857142857142857,
        "f1-score": 0.36363636363636365,
        "support": 7
    },
    "desk_chair": {
        "precision": 1.0,
        "recall": 1.0,
        "f1-score": 1.0,
        "support": 8
    },
    "desk_lamp": {
        "precision": 0.8888888888888888,
        "recall": 0.8888888888888888,
        "f1-score": 0.8888888888888888,
        "support": 9
    },
    "desktop_computer": {
        "precision": 1.0,
        "recall": 0.5,
        "f1-score": 0.6666666666666666,
        "support": 10
    },
    "file_cabinet": {
        "precision": 0.8,
        "recall": 0.8,
        "f1-score": 0.8000000000000002,
        "support": 10
    },
    "headphones": {
        "precision": 1.0,
        "recall": 0.875,
        "f1-score": 0.9333333333333333,
        "support": 8
    },
    "keyboard": {
        "precision": 0.5714285714285714,
        "recall": 0.8,
        "f1-score": 0.6666666666666666,
        "support": 5
    },
    "laptop_computer": {
        "precision": 1.0,
        "recall": 0.8947368421052632,
        "f1-score": 0.9444444444444444,
        "support": 19
    },
    "letter_tray": {
        "precision": 0.875,
        "recall": 0.6363636363636364,
        "f1-score": 0.7368421052631579,
        "support": 11
    },
    "mobile_phone": {
        "precision": 0.9047619047619048,
        "recall": 0.7307692307692307,
        "f1-score": 0.8085106382978723,
        "support": 26
    },
    "monitor": {
        "precision": 0.7727272727272727,
        "recall": 1.0,
        "f1-score": 0.8717948717948718,
        "support": 17
    },
    "mouse": {
        "precision": 0.7777777777777778,
        "recall": 1.0,
        "f1-score": 0.8750000000000001,
        "support": 7
    },
    "mug": {
        "precision": 1.0,
        "recall": 1.0,
        "f1-score": 1.0,
        "support": 3
    },
    "paper_notebook": {
        "precision": 0.38461538461538464,
        "recall": 1.0,
        "f1-score": 0.5555555555555556,
        "support": 5
    },
    "pen": {
        "precision": 0.4,
        "recall": 0.8,
        "f1-score": 0.5333333333333333,
        "support": 5
    },
    "phone": {
        "precision": 0.7272727272727273,
        "recall": 1.0,
        "f1-score": 0.8421052631578948,
        "support": 8
    },
    "printer": {
        "precision": 0.7777777777777778,
        "recall": 0.7,
        "f1-score": 0.7368421052631577,
        "support": 10
    },
    "projector": {
        "precision": 0.8,
        "recall": 0.8888888888888888,
        "f1-score": 0.8421052631578948,
        "support": 18
    },
    "punchers": {
        "precision": 0.8,
        "recall": 0.6153846153846154,
        "f1-score": 0.6956521739130435,
        "support": 13
    },
    "ring_binder": {
        "precision": 0.6666666666666666,
        "recall": 0.8,
        "f1-score": 0.7272727272727272,
        "support": 5
    },
    "ruler": {
        "precision": 0.0,
        "recall": 0.0,
        "f1-score": 0.0,
        "support": 2
    },
    "scissors": {
        "precision": 1.0,
        "recall": 0.6153846153846154,
        "f1-score": 0.761904761904762,
        "support": 13
    },
    "speaker": {
        "precision": 0.8333333333333334,
        "recall": 0.9523809523809523,
        "f1-score": 0.888888888888889,
        "support": 21
    },
    "stapler": {
        "precision": 0.6666666666666666,
        "recall": 0.75,
        "f1-score": 0.7058823529411765,
        "support": 16
    },
    "tape_dispenser": {
        "precision": 0.9230769230769231,
        "recall": 0.7058823529411765,
        "f1-score": 0.8000000000000002,
        "support": 17
    },
    "trash_can": {
        "precision": 0.8333333333333334,
        "recall": 0.5,
        "f1-score": 0.625,
        "support": 10
    },
    "accuracy": 0.8104956268221575,
    "macro avg": {
        "precision": 0.7858647342093862,
        "recall": 0.7871305949729,
        "f1-score": 0.7668445808038875,
        "support": 343
    },
    "weighted avg": {
        "precision": 0.8380249245409593,
        "recall": 0.8104956268221575,
        "f1-score": 0.8087394586782667,
        "support": 343
    }
}