{
    "back_pack": {
        "precision": 0.5384615384615384,
        "recall": 1.0,
        "f1-score": 0.7000000000000001,
        "support": 7
    },
    "bike": {
        "precision": 0.8888888888888888,
        "recall": 1.0,
        "f1-score": 0.9411764705882353,
        "support": 16
    },
    "bike_helmet": {
        "precision": 0.7037037037037037,
        "recall": 1.0,
        "f1-score": 0.8260869565217391,
        "support": 19
    },
    "bookcase": {
        "precision": 0.75,
        "recall": 0.8571428571428571,
        "f1-score": 0.7999999999999999,
        "support": 7
    },
    "bottle": {
        "precision": 0.4782608695652174,
        "recall": 1.0,
        "f1-score": 0.6470588235294118,
        "support": 11
    },
    "calculator": {
        "precision": 0.4166666666666667,
        "recall": 0.7142857142857143,
        "f1-score": 0.5263157894736842,
        "support": 7
    },
    "desk_chair": {
        "precision": 1.0,
        "recall": 0.75,
        "f1-score": 0.8571428571428571,
        "support": 8
    },
    "desk_lamp": {
        "precision": 1.0,
        "recall": 0.4444444444444444,
        "f1-score": 0.6153846153846153,
        "support": 9
    },
    "desktop_computer": {
        "precision": 0.4117647058823529,
        "recall": 0.7,
        "f1-score": 0.5185185185185185,
        "support": 10
    },
    "file_cabinet": {
        "precision": 0.7142857142857143,
        "recall": 0.5,
        "f1-score": 0.588235294117647,
        "support": 10
    },
    "headphones": {
        "precision": 1.0,
        "recall": 0.375,
        "f1-score": 0.5454545454545454,
        "support": 8
    },
    "keyboard": {
        "precision": 0.5,
        "recall": 0.8,
        "f1-score": 0.6153846153846154,
        "support": 5
    },
    "laptop_computer": {
        "precision": 0.5483870967741935,
        "recall": 0.8947368421052632,
        "f1-score": 0.6799999999999999,
        "support": 19
    },
    "letter_tray": {
        "precision": 0.0,
        "recall": 0.0,
        "f1-score": 0.0,
        "support": 11
    },
    "mobile_phone": {
        "precision": 1.0,
        "recall": 0.038461538461538464,
        "f1-score": 0.07407407407407407,
        "support": 26
    },
    "monitor": {
        "precision": 0.9166666666666666,
        "recall": 0.6470588235294118,
        "f1-score": 0.7586206896551724,
        "support": 17
    },
    "mouse": {
        "precision": 0.875,
        "recall": 1.0,
        "f1-score": 0.9333333333333333,
        "support": 7
    },
    "mug": {
        "precision": 1.0,
        "recall": 0.6666666666666666,
        "f1-score": 0.8,
        "support": 3
    },
    "paper_notebook": {
        "precision": 0.4166666666666667,
        "recall": 1.0,
        "f1-score": 0.5882352941176471,
        "support": 5
    },
    "pen": {
        "precision": 0.1875,
        "recall": 0.6,
        "f1-score": 0.2857142857142857,
        "support": 5
    },
    "phone": {
        "precision": 0.4117647058823529,
        "recall": 0.875,
        "f1-score": 0.56,
        "support": 8
    },
    "printer": {
        "precision": 0.5,
        "recall": 0.2,
        "f1-score": 0.28571428571428575,
        "support": 10
    },
    "projector": {
        "precision": 0.65,
        "recall": 0.7222222222222222,
        "f1-score": 0.6842105263157895,
        "support": 18
    },
    "punchers": {
        "precision": 1.0,
        "recall": 0.07692307692307693,
        "f1-score": 0.14285714285714288,
        "support": 13
    },
    "ring_binder": {
        "precision": 0.2857142857142857,
        "recall": 0.4,
        "f1-score": 0.3333333333333333,
        "support": 5
    },
    "ruler": {
        "precision": 0.25,
        "recall": 0.5,
        "f1-score": 0.3333333333333333,
        "support": 2
    },
    "scissors": {
        "precision": 1.0,
        "recall": 0.3076923076923077,
        "f1-score": 0.47058823529411764,
        "support": 13
    },
    "speaker": {
        "precision": 0.6363636363636364,
        "recall": 0.3333333333333333,
        "f1-score": 0.43749999999999994,
        "support": 21
    },
    "stapler": {
        "precision": 0.6666666666666666,
        "recall": 0.625,
        "f1-score": 0.6451612903225806,
        "support": 16
    },
    "tape_dispenser": {
        "precision": 0.8571428571428571,
        "recall": 0.7058823529411765,
        "f1-score": 0.7741935483870968,
        "support": 17
    },
    "trash_can": {
        "precision": 0.35294117647058826,
        "recall": 0.6,
        "f1-score": 0.4444444444444445,
        "support": 10
    },
    "accuracy": 0.5947521865889213,
    "macro avg": {
        "precision": 0.6437692208323225,
        "recall": 0.6236725864434842,
        "f1-score": 0.5616797517100808,
        "support": 343
    },
    "weighted avg": {
        "precision": 0.69315515376919,
        "recall": 0.5947521865889213,
        "f1-score": 0.5570917350608152,
        "support": 343
    }
}