{
    "back_pack": {
        "precision": 0.7,
        "recall": 1.0,
        "f1-score": 0.8235294117647058,
        "support": 7
    },
    "bike": {
        "precision": 1.0,
        "recall": 1.0,
        "f1-score": 1.0,
        "support": 16
    },
    "bike_helmet": {
        "precision": 0.9411764705882353,
        "recall": 0.8421052631578947,
        "f1-score": 0.8888888888888888,
        "support": 19
    },
    "bookcase": {
        "precision": 0.7777777777777778,
        "recall": 1.0,
        "f1-score": 0.8750000000000001,
        "support": 7
    },
    "bottle": {
        "precision": 0.9166666666666666,
        "recall": 1.0,
        "f1-score": 0.9565217391304348,
        "support": 11
    },
    "calculator": {
        "precision": 0.6666666666666666,
        "recall": 0.8571428571428571,
        "f1-score": 0.75,
        "support": 7
    },
    "desk_chair": {
        "precision": 1.0,
        "recall": 1.0,
        "f1-score": 1.0,
        "support": 8
    },
    "desk_lamp": {
        "precision": 1.0,
        "recall": 0.4444444444444444,
        "f1-score": 0.6153846153846153,
        "support": 9
    },
    "desktop_computer": {
        "precision": 0.8571428571428571,
        "recall": 0.6,
        "f1-score": 0.7058823529411764,
        "support": 10
    },
    "file_cabinet": {
        "precision": 0.6428571428571429,
        "recall": 0.9,
        "f1-score": 0.75,
        "support": 10
    },
    "headphones": {
        "precision": 1.0,
        "recall": 1.0,
        "f1-score": 1.0,
        "support": 8
    },
    "keyboard": {
        "precision": 0.8,
        "recall": 0.8,
        "f1-score": 0.8000000000000002,
        "support": 5
    },
    "laptop_computer": {
        "precision": 1.0,
        "recall": 0.8421052631578947,
        "f1-score": 0.9142857142857143,
        "support": 19
    },
    "letter_tray": {
        "precision": 0.5263157894736842,
        "recall": 0.9090909090909091,
        "f1-score": 0.6666666666666666,
        "support": 11
    },
    "mobile_phone": {
        "precision": 0.9130434782608695,
        "recall": 0.8076923076923077,
        "f1-score": 0.8571428571428572,
        "support": 26
    },
    "monitor": {
        "precision": 0.9444444444444444,
        "recall": 1.0,
        "f1-score": 0.9714285714285714,
        "support": 17
    },
    "mouse": {
        "precision": 0.6,
        "recall": 0.8571428571428571,
        "f1-score": 0.7058823529411764,
        "support": 7
    },
    "mug": {
        "precision": 0.5,
        "recall": 1.0,
        "f1-score": 0.6666666666666666,
        "support": 3
    },
    "paper_notebook": {
        "precision": 0.625,
        "recall": 1.0,
        "f1-score": 0.7692307692307693,
        "support": 5
    },
    "pen": {
        "precision": 0.0,
        "recall": 0.0,
        "f1-score": 0.0,
        "support": 5
    },
    "phone": {
        "precision": 1.0,
        "recall": 0.75,
        "f1-score": 0.8571428571428571,
        "support": 8
    },
    "printer": {
        "precision": 0.875,
        "recall": 0.7,
        "f1-score": 0.7777777777777777,
        "support": 10
    },
    "projector": {
        "precision": 0.7857142857142857,
        "recall": 0.6111111111111112,
        "f1-score": 0.6875000000000001,
        "support": 18
    },
    "punchers": {
        "precision": 0.8,
        "recall": 0.3076923076923077,
        "f1-score": 0.4444444444444444,
        "support": 13
    },
    "ring_binder": {
        "precision": 0.75,
        "recall": 0.6,
        "f1-score": 0.6666666666666665,
        "support": 5
    },
    "ruler": {
        "precision": 0.25,
        "recall": 1.0,
        "f1-score": 0.4,
        "support": 2
    },
    "scissors": {
        "precision": 0.8666666666666667,
        "recall": 1.0,
        "f1-score": 0.9285714285714286,
        "support": 13
    },
    "speaker": {
        "precision": 0.8571428571428571,
        "recall": 0.5714285714285714,
        "f1-score": 0.6857142857142857,
        "support": 21
    },
    "stapler": {
        "precision": 0.75,
        "recall": 0.5625,
        "f1-score": 0.6428571428571429,
        "support": 16
    },
    "tape_dispenser": {
        "precision": 0.625,
        "recall": 0.8823529411764706,
        "f1-score": 0.7317073170731708,
        "support": 17
    },
    "trash_can": {
        "precision": 0.5,
        "recall": 0.6,
        "f1-score": 0.5454545454545454,
        "support": 10
    },
    "accuracy": 0.7813411078717201,
    "macro avg": {
        "precision": 0.7571166162387791,
        "recall": 0.7885422204270204,
        "f1-score": 0.7446563571669214,
        "support": 343
    },
    "weighted avg": {
        "precision": 0.8128876993285523,
        "recall": 0.7813411078717201,
        "f1-score": 0.7770013283936381,
        "support": 343
    }
}