{
    "back_pack": {
        "precision": 0.8444444444444444,
        "recall": 0.8735632183908046,
        "f1-score": 0.8587570621468928,
        "support": 87
    },
    "bike": {
        "precision": 0.7978723404255319,
        "recall": 0.974025974025974,
        "f1-score": 0.8771929824561404,
        "support": 77
    },
    "bike_helmet": {
        "precision": 0.6111111111111112,
        "recall": 0.8208955223880597,
        "f1-score": 0.7006369426751594,
        "support": 67
    },
    "bookcase": {
        "precision": 0.4177215189873418,
        "recall": 0.8571428571428571,
        "f1-score": 0.5617021276595744,
        "support": 77
    },
    "bottle": {
        "precision": 0.4473684210526316,
        "recall": 0.5483870967741935,
        "f1-score": 0.49275362318840576,
        "support": 31
    },
    "calculator": {
        "precision": 0.6875,
        "recall": 0.7415730337078652,
        "f1-score": 0.7135135135135134,
        "support": 89
    },
    "desk_chair": {
        "precision": 0.9054054054054054,
        "recall": 0.7790697674418605,
        "f1-score": 0.8375,
        "support": 86
    },
    "desk_lamp": {
        "precision": 0.95,
        "recall": 0.20652173913043478,
        "f1-score": 0.3392857142857143,
        "support": 92
    },
    "desktop_computer": {
        "precision": 0.90625,
        "recall": 0.31521739130434784,
        "f1-score": 0.467741935483871,
        "support": 92
    },
    "file_cabinet": {
        "precision": 0.2375,
        "recall": 0.5,
        "f1-score": 0.3220338983050847,
        "support": 76
    },
    "headphones": {
        "precision": 0.9722222222222222,
        "recall": 0.7446808510638298,
        "f1-score": 0.8433734939759036,
        "support": 94
    },
    "keyboard": {
        "precision": 0.5225806451612903,
        "recall": 0.8526315789473684,
        "f1-score": 0.648,
        "support": 95
    },
    "laptop_computer": {
        "precision": 0.5483870967741935,
        "recall": 0.8947368421052632,
        "f1-score": 0.6799999999999999,
        "support": 95
    },
    "letter_tray": {
        "precision": 0.5494505494505495,
        "recall": 0.5376344086021505,
        "f1-score": 0.5434782608695652,
        "support": 93
    },
    "mobile_phone": {
        "precision": 0.92,
        "recall": 0.7263157894736842,
        "f1-score": 0.811764705882353,
        "support": 95
    },
    "monitor": {
        "precision": 0.7909090909090909,
        "recall": 0.925531914893617,
        "f1-score": 0.8529411764705882,
        "support": 94
    },
    "mouse": {
        "precision": 0.5234375,
        "recall": 0.7052631578947368,
        "f1-score": 0.600896860986547,
        "support": 95
    },
    "mug": {
        "precision": 0.8363636363636363,
        "recall": 0.5168539325842697,
        "f1-score": 0.638888888888889,
        "support": 89
    },
    "paper_notebook": {
        "precision": 0.5483870967741935,
        "recall": 0.5604395604395604,
        "f1-score": 0.5543478260869565,
        "support": 91
    },
    "pen": {
        "precision": 0.6,
        "recall": 0.5,
        "f1-score": 0.5454545454545454,
        "support": 90
    },
    "phone": {
        "precision": 0.7571428571428571,
        "recall": 0.6022727272727273,
        "f1-score": 0.6708860759493671,
        "support": 88
    },
    "printer": {
        "precision": 0.6938775510204082,
        "recall": 0.7157894736842105,
        "f1-score": 0.7046632124352332,
        "support": 95
    },
    "projector": {
        "precision": 0.56,
        "recall": 0.7526881720430108,
        "f1-score": 0.6422018348623854,
        "support": 93
    },
    "punchers": {
        "precision": 0.2153846153846154,
        "recall": 0.15053763440860216,
        "f1-score": 0.17721518987341775,
        "support": 93
    },
    "ring_binder": {
        "precision": 0.2753623188405797,
        "recall": 0.4470588235294118,
        "f1-score": 0.34080717488789236,
        "support": 85
    },
    "ruler": {
        "precision": 0.5454545454545454,
        "recall": 0.6,
        "f1-score": 0.5714285714285713,
        "support": 70
    },
    "scissors": {
        "precision": 0.4927536231884058,
        "recall": 0.35789473684210527,
        "f1-score": 0.41463414634146345,
        "support": 95
    },
    "speaker": {
        "precision": 0.5277777777777778,
        "recall": 0.20212765957446807,
        "f1-score": 0.2923076923076923,
        "support": 94
    },
    "stapler": {
        "precision": 0.6041666666666666,
        "recall": 0.30851063829787234,
        "f1-score": 0.4084507042253521,
        "support": 94
    },
    "tape_dispenser": {
        "precision": 0.3333333333333333,
        "recall": 0.16483516483516483,
        "f1-score": 0.22058823529411764,
        "support": 91
    },
    "trash_can": {
        "precision": 0.6,
        "recall": 0.3050847457627119,
        "f1-score": 0.40449438202247195,
        "support": 59
    },
    "accuracy": 0.5856498873027799,
    "macro avg": {
        "precision": 0.6200698183190593,
        "recall": 0.586686593953586,
        "f1-score": 0.5721916379986344,
        "support": 2662
    },
    "weighted avg": {
        "precision": 0.6269691903707312,
        "recall": 0.5856498873027799,
        "f1-score": 0.5744127839166805,
        "support": 2662
    }
}