{
    "back_pack": {
        "precision": 0.8641975308641975,
        "recall": 0.8045977011494253,
        "f1-score": 0.8333333333333334,
        "support": 87
    },
    "bike": {
        "precision": 0.9156626506024096,
        "recall": 0.987012987012987,
        "f1-score": 0.95,
        "support": 77
    },
    "bike_helmet": {
        "precision": 0.7910447761194029,
        "recall": 0.7910447761194029,
        "f1-score": 0.7910447761194029,
        "support": 67
    },
    "bookcase": {
        "precision": 0.49606299212598426,
        "recall": 0.8181818181818182,
        "f1-score": 0.6176470588235293,
        "support": 77
    },
    "bottle": {
        "precision": 0.4,
        "recall": 0.5161290322580645,
        "f1-score": 0.4507042253521127,
        "support": 31
    },
    "calculator": {
        "precision": 0.7575757575757576,
        "recall": 0.8426966292134831,
        "f1-score": 0.7978723404255319,
        "support": 89
    },
    "desk_chair": {
        "precision": 0.7474747474747475,
        "recall": 0.8604651162790697,
        "f1-score": 0.7999999999999999,
        "support": 86
    },
    "desk_lamp": {
        "precision": 0.8571428571428571,
        "recall": 0.2608695652173913,
        "f1-score": 0.4,
        "support": 92
    },
    "desktop_computer": {
        "precision": 0.6875,
        "recall": 0.2391304347826087,
        "f1-score": 0.3548387096774194,
        "support": 92
    },
    "file_cabinet": {
        "precision": 0.2789115646258503,
        "recall": 0.5394736842105263,
        "f1-score": 0.36771300448430494,
        "support": 76
    },
    "headphones": {
        "precision": 0.8202247191011236,
        "recall": 0.776595744680851,
        "f1-score": 0.7978142076502731,
        "support": 94
    },
    "keyboard": {
        "precision": 0.5902777777777778,
        "recall": 0.8947368421052632,
        "f1-score": 0.7112970711297071,
        "support": 95
    },
    "laptop_computer": {
        "precision": 0.6275862068965518,
        "recall": 0.9578947368421052,
        "f1-score": 0.7583333333333333,
        "support": 95
    },
    "letter_tray": {
        "precision": 0.48333333333333334,
        "recall": 0.3118279569892473,
        "f1-score": 0.3790849673202614,
        "support": 93
    },
    "mobile_phone": {
        "precision": 0.6752136752136753,
        "recall": 0.8315789473684211,
        "f1-score": 0.7452830188679246,
        "support": 95
    },
    "monitor": {
        "precision": 0.8775510204081632,
        "recall": 0.9148936170212766,
        "f1-score": 0.8958333333333333,
        "support": 94
    },
    "mouse": {
        "precision": 0.567741935483871,
        "recall": 0.9263157894736842,
        "f1-score": 0.7040000000000001,
        "support": 95
    },
    "mug": {
        "precision": 0.765625,
        "recall": 0.550561797752809,
        "f1-score": 0.6405228758169935,
        "support": 89
    },
    "paper_notebook": {
        "precision": 0.6119402985074627,
        "recall": 0.45054945054945056,
        "f1-score": 0.5189873417721519,
        "support": 91
    },
    "pen": {
        "precision": 0.5769230769230769,
        "recall": 0.5,
        "f1-score": 0.5357142857142857,
        "support": 90
    },
    "phone": {
        "precision": 0.875,
        "recall": 0.5568181818181818,
        "f1-score": 0.6805555555555556,
        "support": 88
    },
    "printer": {
        "precision": 0.8607594936708861,
        "recall": 0.7157894736842105,
        "f1-score": 0.7816091954022988,
        "support": 95
    },
    "projector": {
        "precision": 0.5470085470085471,
        "recall": 0.6881720430107527,
        "f1-score": 0.6095238095238096,
        "support": 93
    },
    "punchers": {
        "precision": 0.3541666666666667,
        "recall": 0.1827956989247312,
        "f1-score": 0.24113475177304966,
        "support": 93
    },
    "ring_binder": {
        "precision": 0.3014705882352941,
        "recall": 0.4823529411764706,
        "f1-score": 0.37104072398190047,
        "support": 85
    },
    "ruler": {
        "precision": 0.5070422535211268,
        "recall": 0.5142857142857142,
        "f1-score": 0.5106382978723404,
        "support": 70
    },
    "scissors": {
        "precision": 0.3669724770642202,
        "recall": 0.42105263157894735,
        "f1-score": 0.39215686274509803,
        "support": 95
    },
    "speaker": {
        "precision": 0.5106382978723404,
        "recall": 0.2553191489361702,
        "f1-score": 0.34042553191489355,
        "support": 94
    },
    "stapler": {
        "precision": 0.4945054945054945,
        "recall": 0.4787234042553192,
        "f1-score": 0.4864864864864865,
        "support": 94
    },
    "tape_dispenser": {
        "precision": 0.36065573770491804,
        "recall": 0.24175824175824176,
        "f1-score": 0.2894736842105264,
        "support": 91
    },
    "trash_can": {
        "precision": 0.5925925925925926,
        "recall": 0.2711864406779661,
        "f1-score": 0.37209302325581395,
        "support": 59
    },
    "accuracy": 0.6018031555221638,
    "macro avg": {
        "precision": 0.6181549054522042,
        "recall": 0.5994455015262772,
        "f1-score": 0.5846826388992153,
        "support": 2662
    },
    "weighted avg": {
        "precision": 0.6232894604538853,
        "recall": 0.6018031555221638,
        "f1-score": 0.5880549341116768,
        "support": 2662
    }
}