{
    "back_pack": {
        "precision": 0.8333333333333334,
        "recall": 0.7142857142857143,
        "f1-score": 0.7692307692307692,
        "support": 7
    },
    "bike": {
        "precision": 1.0,
        "recall": 0.8125,
        "f1-score": 0.896551724137931,
        "support": 16
    },
    "bike_helmet": {
        "precision": 0.9411764705882353,
        "recall": 0.8421052631578947,
        "f1-score": 0.8888888888888888,
        "support": 19
    },
    "bookcase": {
        "precision": 0.6,
        "recall": 0.42857142857142855,
        "f1-score": 0.5,
        "support": 7
    },
    "bottle": {
        "precision": 1.0,
        "recall": 1.0,
        "f1-score": 1.0,
        "support": 11
    },
    "calculator": {
        "precision": 0.6,
        "recall": 0.42857142857142855,
        "f1-score": 0.5,
        "support": 7
    },
    "desk_chair": {
        "precision": 1.0,
        "recall": 1.0,
        "f1-score": 1.0,
        "support": 8
    },
    "desk_lamp": {
        "precision": 0.4444444444444444,
        "recall": 0.4444444444444444,
        "f1-score": 0.4444444444444444,
        "support": 9
    },
    "desktop_computer": {
        "precision": 0.0,
        "recall": 0.0,
        "f1-score": 0.0,
        "support": 10
    },
    "file_cabinet": {
        "precision": 0.42857142857142855,
        "recall": 0.9,
        "f1-score": 0.5806451612903225,
        "support": 10
    },
    "headphones": {
        "precision": 0.8333333333333334,
        "recall": 0.625,
        "f1-score": 0.7142857142857143,
        "support": 8
    },
    "keyboard": {
        "precision": 0.5,
        "recall": 1.0,
        "f1-score": 0.6666666666666666,
        "support": 5
    },
    "laptop_computer": {
        "precision": 0.75,
        "recall": 0.47368421052631576,
        "f1-score": 0.5806451612903226,
        "support": 19
    },
    "letter_tray": {
        "precision": 0.3157894736842105,
        "recall": 0.5454545454545454,
        "f1-score": 0.39999999999999997,
        "support": 11
    },
    "mobile_phone": {
        "precision": 0.3333333333333333,
        "recall": 0.038461538461538464,
        "f1-score": 0.06896551724137931,
        "support": 26
    },
    "monitor": {
        "precision": 1.0,
        "recall": 0.35294117647058826,
        "f1-score": 0.5217391304347826,
        "support": 17
    },
    "mouse": {
        "precision": 0.42857142857142855,
        "recall": 0.8571428571428571,
        "f1-score": 0.5714285714285714,
        "support": 7
    },
    "mug": {
        "precision": 0.75,
        "recall": 1.0,
        "f1-score": 0.8571428571428571,
        "support": 3
    },
    "paper_notebook": {
        "precision": 0.3333333333333333,
        "recall": 0.8,
        "f1-score": 0.47058823529411764,
        "support": 5
    },
    "pen": {
        "precision": 0.0,
        "recall": 0.0,
        "f1-score": 0.0,
        "support": 5
    },
    "phone": {
        "precision": 0.75,
        "recall": 0.375,
        "f1-score": 0.5,
        "support": 8
    },
    "printer": {
        "precision": 0.3333333333333333,
        "recall": 0.3,
        "f1-score": 0.3157894736842105,
        "support": 10
    },
    "projector": {
        "precision": 0.5217391304347826,
        "recall": 0.6666666666666666,
        "f1-score": 0.5853658536585366,
        "support": 18
    },
    "punchers": {
        "precision": 0.3333333333333333,
        "recall": 0.5384615384615384,
        "f1-score": 0.41176470588235287,
        "support": 13
    },
    "ring_binder": {
        "precision": 0.2,
        "recall": 0.2,
        "f1-score": 0.20000000000000004,
        "support": 5
    },
    "ruler": {
        "precision": 0.25,
        "recall": 0.5,
        "f1-score": 0.3333333333333333,
        "support": 2
    },
    "scissors": {
        "precision": 0.7647058823529411,
        "recall": 1.0,
        "f1-score": 0.8666666666666666,
        "support": 13
    },
    "speaker": {
        "precision": 0.15,
        "recall": 0.14285714285714285,
        "f1-score": 0.14634146341463414,
        "support": 21
    },
    "stapler": {
        "precision": 0.6428571428571429,
        "recall": 0.5625,
        "f1-score": 0.6000000000000001,
        "support": 16
    },
    "tape_dispenser": {
        "precision": 0.9230769230769231,
        "recall": 0.7058823529411765,
        "f1-score": 0.8000000000000002,
        "support": 17
    },
    "trash_can": {
        "precision": 0.21739130434782608,
        "recall": 0.5,
        "f1-score": 0.30303030303030304,
        "support": 10
    },
    "accuracy": 0.5422740524781341,
    "macro avg": {
        "precision": 0.5541394719009471,
        "recall": 0.5727267841294607,
        "f1-score": 0.5320488594015098,
        "support": 343
    },
    "weighted avg": {
        "precision": 0.5850617121788094,
        "recall": 0.5422740524781341,
        "f1-score": 0.5299589719324369,
        "support": 343
    }
}