{
    "back_pack": {
        "precision": 0.9,
        "recall": 1.0,
        "f1-score": 0.9473684210526316,
        "support": 9
    },
    "bike": {
        "precision": 1.0,
        "recall": 1.0,
        "f1-score": 1.0,
        "support": 18
    },
    "bike_helmet": {
        "precision": 0.9375,
        "recall": 0.7142857142857143,
        "f1-score": 0.8108108108108109,
        "support": 21
    },
    "bookcase": {
        "precision": 0.9,
        "recall": 1.0,
        "f1-score": 0.9473684210526316,
        "support": 9
    },
    "bottle": {
        "precision": 1.0,
        "recall": 1.0,
        "f1-score": 1.0,
        "support": 13
    },
    "calculator": {
        "precision": 1.0,
        "recall": 1.0,
        "f1-score": 1.0,
        "support": 9
    },
    "desk_chair": {
        "precision": 1.0,
        "recall": 1.0,
        "f1-score": 1.0,
        "support": 10
    },
    "desk_lamp": {
        "precision": 1.0,
        "recall": 0.9090909090909091,
        "f1-score": 0.9523809523809523,
        "support": 11
    },
    "desktop_computer": {
        "precision": 0.43478260869565216,
        "recall": 0.8333333333333334,
        "f1-score": 0.5714285714285714,
        "support": 12
    },
    "file_cabinet": {
        "precision": 0.9166666666666666,
        "recall": 0.9166666666666666,
        "f1-score": 0.9166666666666666,
        "support": 12
    },
    "headphones": {
        "precision": 0.8571428571428571,
        "recall": 0.6,
        "f1-score": 0.7058823529411764,
        "support": 10
    },
    "keyboard": {
        "precision": 1.0,
        "recall": 1.0,
        "f1-score": 1.0,
        "support": 7
    },
    "laptop_computer": {
        "precision": 1.0,
        "recall": 0.6666666666666666,
        "f1-score": 0.8,
        "support": 21
    },
    "letter_tray": {
        "precision": 0.6470588235294118,
        "recall": 0.8461538461538461,
        "f1-score": 0.7333333333333334,
        "support": 13
    },
    "mobile_phone": {
        "precision": 0.9375,
        "recall": 0.5357142857142857,
        "f1-score": 0.6818181818181818,
        "support": 28
    },
    "monitor": {
        "precision": 0.9444444444444444,
        "recall": 0.8947368421052632,
        "f1-score": 0.918918918918919,
        "support": 19
    },
    "mouse": {
        "precision": 0.5833333333333334,
        "recall": 0.7777777777777778,
        "f1-score": 0.6666666666666666,
        "support": 9
    },
    "mug": {
        "precision": 0.5555555555555556,
        "recall": 1.0,
        "f1-score": 0.7142857142857143,
        "support": 5
    },
    "paper_notebook": {
        "precision": 0.5833333333333334,
        "recall": 1.0,
        "f1-score": 0.7368421052631579,
        "support": 7
    },
    "pen": {
        "precision": 0.75,
        "recall": 0.8571428571428571,
        "f1-score": 0.7999999999999999,
        "support": 7
    },
    "phone": {
        "precision": 0.9,
        "recall": 0.9,
        "f1-score": 0.9,
        "support": 10
    },
    "printer": {
        "precision": 0.8333333333333334,
        "recall": 0.8333333333333334,
        "f1-score": 0.8333333333333334,
        "support": 12
    },
    "projector": {
        "precision": 0.8461538461538461,
        "recall": 0.55,
        "f1-score": 0.6666666666666667,
        "support": 20
    },
    "punchers": {
        "precision": 0.625,
        "recall": 1.0,
        "f1-score": 0.7692307692307693,
        "support": 15
    },
    "ring_binder": {
        "precision": 0.5,
        "recall": 0.2857142857142857,
        "f1-score": 0.36363636363636365,
        "support": 7
    },
    "ruler": {
        "precision": 0.6666666666666666,
        "recall": 0.5,
        "f1-score": 0.5714285714285715,
        "support": 4
    },
    "scissors": {
        "precision": 0.9375,
        "recall": 1.0,
        "f1-score": 0.967741935483871,
        "support": 15
    },
    "speaker": {
        "precision": 0.8148148148148148,
        "recall": 0.9565217391304348,
        "f1-score": 0.8800000000000001,
        "support": 23
    },
    "stapler": {
        "precision": 0.8333333333333334,
        "recall": 0.5555555555555556,
        "f1-score": 0.6666666666666667,
        "support": 18
    },
    "tape_dispenser": {
        "precision": 0.8260869565217391,
        "recall": 1.0,
        "f1-score": 0.9047619047619047,
        "support": 19
    },
    "trash_can": {
        "precision": 1.0,
        "recall": 0.8333333333333334,
        "f1-score": 0.9090909090909091,
        "support": 12
    },
    "accuracy": 0.8246913580246914,
    "macro avg": {
        "precision": 0.8300066636620964,
        "recall": 0.8376137789033633,
        "f1-score": 0.8173009108683378,
        "support": 405
    },
    "weighted avg": {
        "precision": 0.8558204361521278,
        "recall": 0.8246913580246914,
        "f1-score": 0.8228234580135332,
        "support": 405
    }
}