{
    "back_pack": {
        "precision": 0.7954545454545454,
        "recall": 0.8045977011494253,
        "f1-score": 0.7999999999999999,
        "support": 87
    },
    "bike": {
        "precision": 0.9058823529411765,
        "recall": 1.0,
        "f1-score": 0.9506172839506173,
        "support": 77
    },
    "bike_helmet": {
        "precision": 0.8194444444444444,
        "recall": 0.8805970149253731,
        "f1-score": 0.8489208633093526,
        "support": 67
    },
    "bookcase": {
        "precision": 0.47761194029850745,
        "recall": 0.8311688311688312,
        "f1-score": 0.6066350710900474,
        "support": 77
    },
    "bottle": {
        "precision": 0.4857142857142857,
        "recall": 0.5483870967741935,
        "f1-score": 0.5151515151515151,
        "support": 31
    },
    "calculator": {
        "precision": 0.6601941747572816,
        "recall": 0.7640449438202247,
        "f1-score": 0.7083333333333334,
        "support": 89
    },
    "desk_chair": {
        "precision": 0.8222222222222222,
        "recall": 0.8604651162790697,
        "f1-score": 0.8409090909090908,
        "support": 86
    },
    "desk_lamp": {
        "precision": 0.6875,
        "recall": 0.2391304347826087,
        "f1-score": 0.3548387096774194,
        "support": 92
    },
    "desktop_computer": {
        "precision": 0.5121951219512195,
        "recall": 0.22826086956521738,
        "f1-score": 0.3157894736842105,
        "support": 92
    },
    "file_cabinet": {
        "precision": 0.5161290322580645,
        "recall": 0.631578947368421,
        "f1-score": 0.5680473372781065,
        "support": 76
    },
    "headphones": {
        "precision": 0.7307692307692307,
        "recall": 0.8085106382978723,
        "f1-score": 0.7676767676767676,
        "support": 94
    },
    "keyboard": {
        "precision": 0.8522727272727273,
        "recall": 0.7894736842105263,
        "f1-score": 0.819672131147541,
        "support": 95
    },
    "laptop_computer": {
        "precision": 0.8021978021978022,
        "recall": 0.7684210526315789,
        "f1-score": 0.7849462365591398,
        "support": 95
    },
    "letter_tray": {
        "precision": 0.6732673267326733,
        "recall": 0.7311827956989247,
        "f1-score": 0.7010309278350516,
        "support": 93
    },
    "mobile_phone": {
        "precision": 0.7109375,
        "recall": 0.9578947368421052,
        "f1-score": 0.8161434977578476,
        "support": 95
    },
    "monitor": {
        "precision": 0.7288135593220338,
        "recall": 0.9148936170212766,
        "f1-score": 0.8113207547169811,
        "support": 94
    },
    "mouse": {
        "precision": 0.75,
        "recall": 0.8210526315789474,
        "f1-score": 0.7839195979899498,
        "support": 95
    },
    "mug": {
        "precision": 0.9032258064516129,
        "recall": 0.6292134831460674,
        "f1-score": 0.7417218543046358,
        "support": 89
    },
    "paper_notebook": {
        "precision": 0.5111111111111111,
        "recall": 0.5054945054945055,
        "f1-score": 0.5082872928176795,
        "support": 91
    },
    "pen": {
        "precision": 0.34234234234234234,
        "recall": 0.4222222222222222,
        "f1-score": 0.3781094527363184,
        "support": 90
    },
    "phone": {
        "precision": 0.7792207792207793,
        "recall": 0.6818181818181818,
        "f1-score": 0.7272727272727272,
        "support": 88
    },
    "printer": {
        "precision": 0.7349397590361446,
        "recall": 0.6421052631578947,
        "f1-score": 0.6853932584269663,
        "support": 95
    },
    "projector": {
        "precision": 0.7052631578947368,
        "recall": 0.7204301075268817,
        "f1-score": 0.7127659574468086,
        "support": 93
    },
    "punchers": {
        "precision": 0.3888888888888889,
        "recall": 0.15053763440860216,
        "f1-score": 0.21705426356589144,
        "support": 93
    },
    "ring_binder": {
        "precision": 0.7608695652173914,
        "recall": 0.4117647058823529,
        "f1-score": 0.5343511450381679,
        "support": 85
    },
    "ruler": {
        "precision": 0.42574257425742573,
        "recall": 0.6142857142857143,
        "f1-score": 0.5029239766081872,
        "support": 70
    },
    "scissors": {
        "precision": 0.38317757009345793,
        "recall": 0.43157894736842106,
        "f1-score": 0.40594059405940597,
        "support": 95
    },
    "speaker": {
        "precision": 0.4788732394366197,
        "recall": 0.3617021276595745,
        "f1-score": 0.41212121212121217,
        "support": 94
    },
    "stapler": {
        "precision": 0.3482142857142857,
        "recall": 0.4148936170212766,
        "f1-score": 0.37864077669902907,
        "support": 94
    },
    "tape_dispenser": {
        "precision": 0.34579439252336447,
        "recall": 0.4065934065934066,
        "f1-score": 0.37373737373737376,
        "support": 91
    },
    "trash_can": {
        "precision": 0.42105263157894735,
        "recall": 0.4067796610169492,
        "f1-score": 0.4137931034482759,
        "support": 59
    },
    "accuracy": 0.6243425995492111,
    "macro avg": {
        "precision": 0.6277200764549459,
        "recall": 0.6251316028940853,
        "f1-score": 0.612453728398376,
        "support": 2662
    },
    "weighted avg": {
        "precision": 0.632354369997436,
        "recall": 0.6243425995492111,
        "f1-score": 0.6140040309084533,
        "support": 2662
    }
}