{
    "0": {
        "precision": 0.9002493765586035,
        "recall": 0.9872379216043756,
        "f1-score": 0.9417391304347826,
        "support": 1097
    },
    "1": {
        "precision": 0.8950554994954592,
        "recall": 0.8085688240656336,
        "f1-score": 0.8496168582375481,
        "support": 1097
    },
    "2": {
        "precision": 0.9184890656063618,
        "recall": 0.8422971741112124,
        "f1-score": 0.8787446504992866,
        "support": 1097
    },
    "3": {
        "precision": 0.8124494745351657,
        "recall": 0.9161349134001823,
        "f1-score": 0.8611825192802055,
        "support": 1097
    },
    "4": {
        "precision": 0.8850467289719626,
        "recall": 0.8632634457611669,
        "f1-score": 0.8740193816335948,
        "support": 1097
    },
    "5": {
        "precision": 0.8252148997134671,
        "recall": 0.7876025524156791,
        "f1-score": 0.8059701492537312,
        "support": 1097
    },
    "6": {
        "precision": 0.8932038834951457,
        "recall": 0.9225159525979946,
        "f1-score": 0.9076233183856502,
        "support": 1097
    },
    "7": {
        "precision": 0.7352710133542812,
        "recall": 0.853236098450319,
        "f1-score": 0.789873417721519,
        "support": 1097
    },
    "8": {
        "precision": 0.7818484596169858,
        "recall": 0.8559708295350957,
        "f1-score": 0.8172323759791122,
        "support": 1097
    },
    "9": {
        "precision": 0.8368355995055624,
        "recall": 0.6171376481312671,
        "f1-score": 0.7103882476390346,
        "support": 1097
    },
    "accuracy": 0.8453965360072926,
    "macro avg": {
        "precision": 0.8483664000852995,
        "recall": 0.8453965360072926,
        "f1-score": 0.8436390049064464,
        "support": 10970
    },
    "weighted avg": {
        "precision": 0.8483664000852995,
        "recall": 0.8453965360072926,
        "f1-score": 0.8436390049064465,
        "support": 10970
    }
}