{
    "back_pack": {
        "precision": 0.9142857142857143,
        "recall": 0.735632183908046,
        "f1-score": 0.8152866242038218,
        "support": 87
    },
    "bike": {
        "precision": 0.9102564102564102,
        "recall": 0.922077922077922,
        "f1-score": 0.9161290322580644,
        "support": 77
    },
    "bike_helmet": {
        "precision": 0.7076923076923077,
        "recall": 0.6865671641791045,
        "f1-score": 0.696969696969697,
        "support": 67
    },
    "bookcase": {
        "precision": 0.5545454545454546,
        "recall": 0.7922077922077922,
        "f1-score": 0.6524064171122995,
        "support": 77
    },
    "bottle": {
        "precision": 0.2753623188405797,
        "recall": 0.6129032258064516,
        "f1-score": 0.38,
        "support": 31
    },
    "calculator": {
        "precision": 0.8607594936708861,
        "recall": 0.7640449438202247,
        "f1-score": 0.8095238095238095,
        "support": 89
    },
    "desk_chair": {
        "precision": 0.7717391304347826,
        "recall": 0.8255813953488372,
        "f1-score": 0.797752808988764,
        "support": 86
    },
    "desk_lamp": {
        "precision": 0.6727272727272727,
        "recall": 0.40217391304347827,
        "f1-score": 0.5034013605442177,
        "support": 92
    },
    "desktop_computer": {
        "precision": 0.48,
        "recall": 0.2608695652173913,
        "f1-score": 0.33802816901408445,
        "support": 92
    },
    "file_cabinet": {
        "precision": 0.3804347826086957,
        "recall": 0.4605263157894737,
        "f1-score": 0.41666666666666663,
        "support": 76
    },
    "headphones": {
        "precision": 0.8387096774193549,
        "recall": 0.8297872340425532,
        "f1-score": 0.8342245989304814,
        "support": 94
    },
    "keyboard": {
        "precision": 0.7777777777777778,
        "recall": 0.8105263157894737,
        "f1-score": 0.7938144329896907,
        "support": 95
    },
    "laptop_computer": {
        "precision": 0.6458333333333334,
        "recall": 0.9789473684210527,
        "f1-score": 0.7782426778242678,
        "support": 95
    },
    "letter_tray": {
        "precision": 0.4857142857142857,
        "recall": 0.3655913978494624,
        "f1-score": 0.4171779141104295,
        "support": 93
    },
    "mobile_phone": {
        "precision": 0.8285714285714286,
        "recall": 0.9157894736842105,
        "f1-score": 0.8700000000000001,
        "support": 95
    },
    "monitor": {
        "precision": 0.7307692307692307,
        "recall": 0.8085106382978723,
        "f1-score": 0.7676767676767676,
        "support": 94
    },
    "mouse": {
        "precision": 0.6030534351145038,
        "recall": 0.8315789473684211,
        "f1-score": 0.6991150442477876,
        "support": 95
    },
    "mug": {
        "precision": 0.6741573033707865,
        "recall": 0.6741573033707865,
        "f1-score": 0.6741573033707865,
        "support": 89
    },
    "paper_notebook": {
        "precision": 0.5119047619047619,
        "recall": 0.4725274725274725,
        "f1-score": 0.4914285714285714,
        "support": 91
    },
    "pen": {
        "precision": 0.38961038961038963,
        "recall": 0.3333333333333333,
        "f1-score": 0.35928143712574845,
        "support": 90
    },
    "phone": {
        "precision": 0.7012987012987013,
        "recall": 0.6136363636363636,
        "f1-score": 0.6545454545454544,
        "support": 88
    },
    "printer": {
        "precision": 0.559322033898305,
        "recall": 0.6947368421052632,
        "f1-score": 0.619718309859155,
        "support": 95
    },
    "projector": {
        "precision": 0.44516129032258067,
        "recall": 0.7419354838709677,
        "f1-score": 0.5564516129032259,
        "support": 93
    },
    "punchers": {
        "precision": 0.14285714285714285,
        "recall": 0.07526881720430108,
        "f1-score": 0.09859154929577466,
        "support": 93
    },
    "ring_binder": {
        "precision": 0.5833333333333334,
        "recall": 0.16470588235294117,
        "f1-score": 0.25688073394495414,
        "support": 85
    },
    "ruler": {
        "precision": 0.515625,
        "recall": 0.4714285714285714,
        "f1-score": 0.4925373134328358,
        "support": 70
    },
    "scissors": {
        "precision": 0.25,
        "recall": 0.24210526315789474,
        "f1-score": 0.24598930481283424,
        "support": 95
    },
    "speaker": {
        "precision": 0.6351351351351351,
        "recall": 0.5,
        "f1-score": 0.5595238095238095,
        "support": 94
    },
    "stapler": {
        "precision": 0.5324675324675324,
        "recall": 0.43617021276595747,
        "f1-score": 0.47953216374269003,
        "support": 94
    },
    "tape_dispenser": {
        "precision": 0.24,
        "recall": 0.13186813186813187,
        "f1-score": 0.17021276595744683,
        "support": 91
    },
    "trash_can": {
        "precision": 0.23809523809523808,
        "recall": 0.5084745762711864,
        "f1-score": 0.3243243243243243,
        "support": 59
    },
    "accuracy": 0.581893313298272,
    "macro avg": {
        "precision": 0.5760387069695458,
        "recall": 0.582698840346611,
        "f1-score": 0.5635351830751115,
        "support": 2662
    },
    "weighted avg": {
        "precision": 0.5846838498333579,
        "recall": 0.581893313298272,
        "f1-score": 0.5687938047651078,
        "support": 2662
    }
}