{
    "back_pack": {
        "precision": 0.7384615384615385,
        "recall": 0.5517241379310345,
        "f1-score": 0.631578947368421,
        "support": 87
    },
    "bike": {
        "precision": 0.961038961038961,
        "recall": 0.961038961038961,
        "f1-score": 0.961038961038961,
        "support": 77
    },
    "bike_helmet": {
        "precision": 1.0,
        "recall": 0.47761194029850745,
        "f1-score": 0.6464646464646464,
        "support": 67
    },
    "bookcase": {
        "precision": 0.5918367346938775,
        "recall": 0.7532467532467533,
        "f1-score": 0.6628571428571429,
        "support": 77
    },
    "bottle": {
        "precision": 0.43902439024390244,
        "recall": 0.5806451612903226,
        "f1-score": 0.5,
        "support": 31
    },
    "calculator": {
        "precision": 0.5692307692307692,
        "recall": 0.8314606741573034,
        "f1-score": 0.6757990867579908,
        "support": 89
    },
    "desk_chair": {
        "precision": 0.6635514018691588,
        "recall": 0.8255813953488372,
        "f1-score": 0.7357512953367874,
        "support": 86
    },
    "desk_lamp": {
        "precision": 0.8571428571428571,
        "recall": 0.391304347826087,
        "f1-score": 0.5373134328358209,
        "support": 92
    },
    "desktop_computer": {
        "precision": 0.4166666666666667,
        "recall": 0.16304347826086957,
        "f1-score": 0.23437500000000003,
        "support": 92
    },
    "file_cabinet": {
        "precision": 0.39669421487603307,
        "recall": 0.631578947368421,
        "f1-score": 0.4873096446700508,
        "support": 76
    },
    "headphones": {
        "precision": 0.7611940298507462,
        "recall": 0.5425531914893617,
        "f1-score": 0.6335403726708074,
        "support": 94
    },
    "keyboard": {
        "precision": 0.6428571428571429,
        "recall": 0.8526315789473684,
        "f1-score": 0.733031674208145,
        "support": 95
    },
    "laptop_computer": {
        "precision": 0.676923076923077,
        "recall": 0.9263157894736842,
        "f1-score": 0.7822222222222223,
        "support": 95
    },
    "letter_tray": {
        "precision": 0.26666666666666666,
        "recall": 0.12903225806451613,
        "f1-score": 0.17391304347826086,
        "support": 93
    },
    "mobile_phone": {
        "precision": 0.8461538461538461,
        "recall": 0.6947368421052632,
        "f1-score": 0.7630057803468209,
        "support": 95
    },
    "monitor": {
        "precision": 0.9021739130434783,
        "recall": 0.8829787234042553,
        "f1-score": 0.8924731182795699,
        "support": 94
    },
    "mouse": {
        "precision": 0.6947368421052632,
        "recall": 0.6947368421052632,
        "f1-score": 0.6947368421052632,
        "support": 95
    },
    "mug": {
        "precision": 0.7384615384615385,
        "recall": 0.5393258426966292,
        "f1-score": 0.6233766233766234,
        "support": 89
    },
    "paper_notebook": {
        "precision": 0.5285714285714286,
        "recall": 0.4065934065934066,
        "f1-score": 0.45962732919254656,
        "support": 91
    },
    "pen": {
        "precision": 0.45454545454545453,
        "recall": 0.2222222222222222,
        "f1-score": 0.29850746268656714,
        "support": 90
    },
    "phone": {
        "precision": 0.9772727272727273,
        "recall": 0.48863636363636365,
        "f1-score": 0.6515151515151516,
        "support": 88
    },
    "printer": {
        "precision": 0.6213592233009708,
        "recall": 0.6736842105263158,
        "f1-score": 0.6464646464646464,
        "support": 95
    },
    "projector": {
        "precision": 0.5104166666666666,
        "recall": 0.5268817204301075,
        "f1-score": 0.5185185185185186,
        "support": 93
    },
    "punchers": {
        "precision": 0.11299435028248588,
        "recall": 0.21505376344086022,
        "f1-score": 0.14814814814814817,
        "support": 93
    },
    "ring_binder": {
        "precision": 0.5,
        "recall": 0.4,
        "f1-score": 0.4444444444444445,
        "support": 85
    },
    "ruler": {
        "precision": 0.24489795918367346,
        "recall": 0.6857142857142857,
        "f1-score": 0.3609022556390977,
        "support": 70
    },
    "scissors": {
        "precision": 0.13114754098360656,
        "recall": 0.08421052631578947,
        "f1-score": 0.10256410256410255,
        "support": 95
    },
    "speaker": {
        "precision": 0.25833333333333336,
        "recall": 0.32978723404255317,
        "f1-score": 0.28971962616822433,
        "support": 94
    },
    "stapler": {
        "precision": 0.2711864406779661,
        "recall": 0.3404255319148936,
        "f1-score": 0.30188679245283023,
        "support": 94
    },
    "tape_dispenser": {
        "precision": 0.32727272727272727,
        "recall": 0.1978021978021978,
        "f1-score": 0.24657534246575347,
        "support": 91
    },
    "trash_can": {
        "precision": 0.3968253968253968,
        "recall": 0.423728813559322,
        "f1-score": 0.4098360655737705,
        "support": 59
    },
    "accuracy": 0.5251690458302029,
    "macro avg": {
        "precision": 0.5644399302968374,
        "recall": 0.5298157142339276,
        "f1-score": 0.5241128296726237,
        "support": 2662
    },
    "weighted avg": {
        "precision": 0.5654483938633309,
        "recall": 0.5251690458302029,
        "f1-score": 0.5230052271912476,
        "support": 2662
    }
}