{
    "back_pack": {
        "precision": 0.5384615384615384,
        "recall": 1.0,
        "f1-score": 0.7000000000000001,
        "support": 7
    },
    "bike": {
        "precision": 1.0,
        "recall": 1.0,
        "f1-score": 1.0,
        "support": 16
    },
    "bike_helmet": {
        "precision": 1.0,
        "recall": 0.8947368421052632,
        "f1-score": 0.9444444444444444,
        "support": 19
    },
    "bookcase": {
        "precision": 1.0,
        "recall": 0.5714285714285714,
        "f1-score": 0.7272727272727273,
        "support": 7
    },
    "bottle": {
        "precision": 1.0,
        "recall": 1.0,
        "f1-score": 1.0,
        "support": 11
    },
    "calculator": {
        "precision": 1.0,
        "recall": 0.7142857142857143,
        "f1-score": 0.8333333333333333,
        "support": 7
    },
    "desk_chair": {
        "precision": 1.0,
        "recall": 1.0,
        "f1-score": 1.0,
        "support": 8
    },
    "desk_lamp": {
        "precision": 1.0,
        "recall": 0.7777777777777778,
        "f1-score": 0.8750000000000001,
        "support": 9
    },
    "desktop_computer": {
        "precision": 0.625,
        "recall": 0.5,
        "f1-score": 0.5555555555555556,
        "support": 10
    },
    "file_cabinet": {
        "precision": 0.45454545454545453,
        "recall": 1.0,
        "f1-score": 0.625,
        "support": 10
    },
    "headphones": {
        "precision": 0.8888888888888888,
        "recall": 1.0,
        "f1-score": 0.9411764705882353,
        "support": 8
    },
    "keyboard": {
        "precision": 0.7142857142857143,
        "recall": 1.0,
        "f1-score": 0.8333333333333333,
        "support": 5
    },
    "laptop_computer": {
        "precision": 1.0,
        "recall": 0.7894736842105263,
        "f1-score": 0.8823529411764706,
        "support": 19
    },
    "letter_tray": {
        "precision": 0.875,
        "recall": 0.6363636363636364,
        "f1-score": 0.7368421052631579,
        "support": 11
    },
    "mobile_phone": {
        "precision": 1.0,
        "recall": 0.34615384615384615,
        "f1-score": 0.5142857142857142,
        "support": 26
    },
    "monitor": {
        "precision": 1.0,
        "recall": 0.9411764705882353,
        "f1-score": 0.9696969696969697,
        "support": 17
    },
    "mouse": {
        "precision": 0.5454545454545454,
        "recall": 0.8571428571428571,
        "f1-score": 0.6666666666666665,
        "support": 7
    },
    "mug": {
        "precision": 1.0,
        "recall": 0.6666666666666666,
        "f1-score": 0.8,
        "support": 3
    },
    "paper_notebook": {
        "precision": 0.625,
        "recall": 1.0,
        "f1-score": 0.7692307692307693,
        "support": 5
    },
    "pen": {
        "precision": 0.36363636363636365,
        "recall": 0.8,
        "f1-score": 0.5000000000000001,
        "support": 5
    },
    "phone": {
        "precision": 0.8888888888888888,
        "recall": 1.0,
        "f1-score": 0.9411764705882353,
        "support": 8
    },
    "printer": {
        "precision": 0.23076923076923078,
        "recall": 0.3,
        "f1-score": 0.2608695652173913,
        "support": 10
    },
    "projector": {
        "precision": 0.6818181818181818,
        "recall": 0.8333333333333334,
        "f1-score": 0.7499999999999999,
        "support": 18
    },
    "punchers": {
        "precision": 0.6153846153846154,
        "recall": 0.6153846153846154,
        "f1-score": 0.6153846153846154,
        "support": 13
    },
    "ring_binder": {
        "precision": 0.5555555555555556,
        "recall": 1.0,
        "f1-score": 0.7142857142857143,
        "support": 5
    },
    "ruler": {
        "precision": 0.2222222222222222,
        "recall": 1.0,
        "f1-score": 0.3636363636363636,
        "support": 2
    },
    "scissors": {
        "precision": 1.0,
        "recall": 0.6153846153846154,
        "f1-score": 0.761904761904762,
        "support": 13
    },
    "speaker": {
        "precision": 0.9444444444444444,
        "recall": 0.8095238095238095,
        "f1-score": 0.8717948717948718,
        "support": 21
    },
    "stapler": {
        "precision": 0.36363636363636365,
        "recall": 0.25,
        "f1-score": 0.2962962962962963,
        "support": 16
    },
    "tape_dispenser": {
        "precision": 0.7777777777777778,
        "recall": 0.8235294117647058,
        "f1-score": 0.7999999999999999,
        "support": 17
    },
    "trash_can": {
        "precision": 1.0,
        "recall": 0.6,
        "f1-score": 0.7499999999999999,
        "support": 10
    },
    "accuracy": 0.749271137026239,
    "macro avg": {
        "precision": 0.7713151543796705,
        "recall": 0.7852374791004574,
        "f1-score": 0.7419206351598591,
        "support": 343
    },
    "weighted avg": {
        "precision": 0.8175541659506675,
        "recall": 0.749271137026239,
        "f1-score": 0.7529865630721173,
        "support": 343
    }
}