{
    "back_pack": {
        "precision": 0.7777777777777778,
        "recall": 1.0,
        "f1-score": 0.8750000000000001,
        "support": 7
    },
    "bike": {
        "precision": 0.8,
        "recall": 1.0,
        "f1-score": 0.888888888888889,
        "support": 16
    },
    "bike_helmet": {
        "precision": 0.9411764705882353,
        "recall": 0.8421052631578947,
        "f1-score": 0.8888888888888888,
        "support": 19
    },
    "bookcase": {
        "precision": 0.5,
        "recall": 1.0,
        "f1-score": 0.6666666666666666,
        "support": 7
    },
    "bottle": {
        "precision": 1.0,
        "recall": 1.0,
        "f1-score": 1.0,
        "support": 11
    },
    "calculator": {
        "precision": 1.0,
        "recall": 0.8571428571428571,
        "f1-score": 0.923076923076923,
        "support": 7
    },
    "desk_chair": {
        "precision": 1.0,
        "recall": 1.0,
        "f1-score": 1.0,
        "support": 8
    },
    "desk_lamp": {
        "precision": 0.8888888888888888,
        "recall": 0.8888888888888888,
        "f1-score": 0.8888888888888888,
        "support": 9
    },
    "desktop_computer": {
        "precision": 0.4375,
        "recall": 0.7,
        "f1-score": 0.5384615384615384,
        "support": 10
    },
    "file_cabinet": {
        "precision": 1.0,
        "recall": 0.3,
        "f1-score": 0.4615384615384615,
        "support": 10
    },
    "headphones": {
        "precision": 0.7272727272727273,
        "recall": 1.0,
        "f1-score": 0.8421052631578948,
        "support": 8
    },
    "keyboard": {
        "precision": 0.625,
        "recall": 1.0,
        "f1-score": 0.7692307692307693,
        "support": 5
    },
    "laptop_computer": {
        "precision": 0.8095238095238095,
        "recall": 0.8947368421052632,
        "f1-score": 0.8500000000000001,
        "support": 19
    },
    "letter_tray": {
        "precision": 1.0,
        "recall": 0.9090909090909091,
        "f1-score": 0.9523809523809523,
        "support": 11
    },
    "mobile_phone": {
        "precision": 0.95,
        "recall": 0.7307692307692307,
        "f1-score": 0.8260869565217392,
        "support": 26
    },
    "monitor": {
        "precision": 0.8888888888888888,
        "recall": 0.9411764705882353,
        "f1-score": 0.9142857142857143,
        "support": 17
    },
    "mouse": {
        "precision": 0.75,
        "recall": 0.8571428571428571,
        "f1-score": 0.7999999999999999,
        "support": 7
    },
    "mug": {
        "precision": 1.0,
        "recall": 1.0,
        "f1-score": 1.0,
        "support": 3
    },
    "paper_notebook": {
        "precision": 0.625,
        "recall": 1.0,
        "f1-score": 0.7692307692307693,
        "support": 5
    },
    "pen": {
        "precision": 0.14285714285714285,
        "recall": 0.2,
        "f1-score": 0.16666666666666666,
        "support": 5
    },
    "phone": {
        "precision": 0.875,
        "recall": 0.875,
        "f1-score": 0.875,
        "support": 8
    },
    "printer": {
        "precision": 0.7,
        "recall": 0.7,
        "f1-score": 0.7,
        "support": 10
    },
    "projector": {
        "precision": 0.5714285714285714,
        "recall": 0.8888888888888888,
        "f1-score": 0.6956521739130435,
        "support": 18
    },
    "punchers": {
        "precision": 1.0,
        "recall": 0.38461538461538464,
        "f1-score": 0.5555555555555556,
        "support": 13
    },
    "ring_binder": {
        "precision": 0.75,
        "recall": 0.6,
        "f1-score": 0.6666666666666665,
        "support": 5
    },
    "ruler": {
        "precision": 0.4,
        "recall": 1.0,
        "f1-score": 0.5714285714285715,
        "support": 2
    },
    "scissors": {
        "precision": 1.0,
        "recall": 0.3076923076923077,
        "f1-score": 0.47058823529411764,
        "support": 13
    },
    "speaker": {
        "precision": 1.0,
        "recall": 0.38095238095238093,
        "f1-score": 0.5517241379310345,
        "support": 21
    },
    "stapler": {
        "precision": 0.4666666666666667,
        "recall": 0.4375,
        "f1-score": 0.45161290322580644,
        "support": 16
    },
    "tape_dispenser": {
        "precision": 1.0,
        "recall": 0.5882352941176471,
        "f1-score": 0.7407407407407407,
        "support": 17
    },
    "trash_can": {
        "precision": 0.5263157894736842,
        "recall": 1.0,
        "f1-score": 0.6896551724137931,
        "support": 10
    },
    "accuracy": 0.7521865889212828,
    "macro avg": {
        "precision": 0.7791386043021417,
        "recall": 0.7833528250049272,
        "f1-score": 0.7416135969372288,
        "support": 343
    },
    "weighted avg": {
        "precision": 0.8186351815080749,
        "recall": 0.7521865889212828,
        "f1-score": 0.7449360478466456,
        "support": 343
    }
}