{
    "back_pack": {
        "precision": 0.8809523809523809,
        "recall": 0.8505747126436781,
        "f1-score": 0.8654970760233917,
        "support": 87
    },
    "bike": {
        "precision": 0.8461538461538461,
        "recall": 1.0,
        "f1-score": 0.9166666666666666,
        "support": 77
    },
    "bike_helmet": {
        "precision": 0.7746478873239436,
        "recall": 0.8208955223880597,
        "f1-score": 0.7971014492753623,
        "support": 67
    },
    "bookcase": {
        "precision": 0.5338983050847458,
        "recall": 0.8181818181818182,
        "f1-score": 0.6461538461538462,
        "support": 77
    },
    "bottle": {
        "precision": 0.4,
        "recall": 0.5161290322580645,
        "f1-score": 0.4507042253521127,
        "support": 31
    },
    "calculator": {
        "precision": 0.7613636363636364,
        "recall": 0.7528089887640449,
        "f1-score": 0.7570621468926553,
        "support": 89
    },
    "desk_chair": {
        "precision": 0.8089887640449438,
        "recall": 0.8372093023255814,
        "f1-score": 0.822857142857143,
        "support": 86
    },
    "desk_lamp": {
        "precision": 0.8444444444444444,
        "recall": 0.41304347826086957,
        "f1-score": 0.5547445255474454,
        "support": 92
    },
    "desktop_computer": {
        "precision": 0.6037735849056604,
        "recall": 0.34782608695652173,
        "f1-score": 0.4413793103448276,
        "support": 92
    },
    "file_cabinet": {
        "precision": 0.23417721518987342,
        "recall": 0.4868421052631579,
        "f1-score": 0.3162393162393162,
        "support": 76
    },
    "headphones": {
        "precision": 0.9487179487179487,
        "recall": 0.7872340425531915,
        "f1-score": 0.8604651162790696,
        "support": 94
    },
    "keyboard": {
        "precision": 0.48484848484848486,
        "recall": 0.8421052631578947,
        "f1-score": 0.6153846153846154,
        "support": 95
    },
    "laptop_computer": {
        "precision": 0.42038216560509556,
        "recall": 0.6947368421052632,
        "f1-score": 0.5238095238095238,
        "support": 95
    },
    "letter_tray": {
        "precision": 0.5425531914893617,
        "recall": 0.5483870967741935,
        "f1-score": 0.5454545454545454,
        "support": 93
    },
    "mobile_phone": {
        "precision": 0.7884615384615384,
        "recall": 0.8631578947368421,
        "f1-score": 0.8241206030150754,
        "support": 95
    },
    "monitor": {
        "precision": 0.8269230769230769,
        "recall": 0.9148936170212766,
        "f1-score": 0.8686868686868686,
        "support": 94
    },
    "mouse": {
        "precision": 0.6039603960396039,
        "recall": 0.6421052631578947,
        "f1-score": 0.6224489795918368,
        "support": 95
    },
    "mug": {
        "precision": 0.75,
        "recall": 0.6067415730337079,
        "f1-score": 0.670807453416149,
        "support": 89
    },
    "paper_notebook": {
        "precision": 0.4845360824742268,
        "recall": 0.5164835164835165,
        "f1-score": 0.5,
        "support": 91
    },
    "pen": {
        "precision": 0.7017543859649122,
        "recall": 0.4444444444444444,
        "f1-score": 0.54421768707483,
        "support": 90
    },
    "phone": {
        "precision": 0.6933333333333334,
        "recall": 0.5909090909090909,
        "f1-score": 0.638036809815951,
        "support": 88
    },
    "printer": {
        "precision": 0.5517241379310345,
        "recall": 0.6736842105263158,
        "f1-score": 0.6066350710900473,
        "support": 95
    },
    "projector": {
        "precision": 0.5625,
        "recall": 0.6774193548387096,
        "f1-score": 0.6146341463414635,
        "support": 93
    },
    "punchers": {
        "precision": 0.4,
        "recall": 0.12903225806451613,
        "f1-score": 0.1951219512195122,
        "support": 93
    },
    "ring_binder": {
        "precision": 0.3854166666666667,
        "recall": 0.43529411764705883,
        "f1-score": 0.4088397790055249,
        "support": 85
    },
    "ruler": {
        "precision": 0.4875,
        "recall": 0.5571428571428572,
        "f1-score": 0.52,
        "support": 70
    },
    "scissors": {
        "precision": 0.6,
        "recall": 0.3157894736842105,
        "f1-score": 0.41379310344827586,
        "support": 95
    },
    "speaker": {
        "precision": 0.37349397590361444,
        "recall": 0.32978723404255317,
        "f1-score": 0.35028248587570615,
        "support": 94
    },
    "stapler": {
        "precision": 0.4235294117647059,
        "recall": 0.3829787234042553,
        "f1-score": 0.4022346368715084,
        "support": 94
    },
    "tape_dispenser": {
        "precision": 0.4666666666666667,
        "recall": 0.15384615384615385,
        "f1-score": 0.23140495867768598,
        "support": 91
    },
    "trash_can": {
        "precision": 0.5384615384615384,
        "recall": 0.3559322033898305,
        "f1-score": 0.42857142857142855,
        "support": 59
    },
    "accuracy": 0.5901577761081893,
    "macro avg": {
        "precision": 0.6039730021198477,
        "recall": 0.5905037509034056,
        "f1-score": 0.5791404989994318,
        "support": 2662
    },
    "weighted avg": {
        "precision": 0.6090168000185695,
        "recall": 0.5901577761081893,
        "f1-score": 0.5809760468659528,
        "support": 2662
    }
}