{
    "back_pack": {
        "precision": 0.8596491228070176,
        "recall": 0.5632183908045977,
        "f1-score": 0.6805555555555556,
        "support": 87
    },
    "bike": {
        "precision": 0.8539325842696629,
        "recall": 0.987012987012987,
        "f1-score": 0.9156626506024096,
        "support": 77
    },
    "bike_helmet": {
        "precision": 0.55,
        "recall": 0.8208955223880597,
        "f1-score": 0.6586826347305389,
        "support": 67
    },
    "bookcase": {
        "precision": 0.25675675675675674,
        "recall": 0.4935064935064935,
        "f1-score": 0.33777777777777773,
        "support": 77
    },
    "bottle": {
        "precision": 0.55,
        "recall": 0.3548387096774194,
        "f1-score": 0.43137254901960786,
        "support": 31
    },
    "calculator": {
        "precision": 0.41847826086956524,
        "recall": 0.8651685393258427,
        "f1-score": 0.5641025641025641,
        "support": 89
    },
    "desk_chair": {
        "precision": 0.7926829268292683,
        "recall": 0.7558139534883721,
        "f1-score": 0.7738095238095238,
        "support": 86
    },
    "desk_lamp": {
        "precision": 0.7857142857142857,
        "recall": 0.2391304347826087,
        "f1-score": 0.36666666666666664,
        "support": 92
    },
    "desktop_computer": {
        "precision": 0.15,
        "recall": 0.06521739130434782,
        "f1-score": 0.09090909090909091,
        "support": 92
    },
    "file_cabinet": {
        "precision": 0.6666666666666666,
        "recall": 0.23684210526315788,
        "f1-score": 0.34951456310679613,
        "support": 76
    },
    "headphones": {
        "precision": 0.6428571428571429,
        "recall": 0.7659574468085106,
        "f1-score": 0.6990291262135921,
        "support": 94
    },
    "keyboard": {
        "precision": 0.4805194805194805,
        "recall": 0.7789473684210526,
        "f1-score": 0.5943775100401606,
        "support": 95
    },
    "laptop_computer": {
        "precision": 0.5357142857142857,
        "recall": 0.7894736842105263,
        "f1-score": 0.6382978723404255,
        "support": 95
    },
    "letter_tray": {
        "precision": 0.27884615384615385,
        "recall": 0.3118279569892473,
        "f1-score": 0.29441624365482233,
        "support": 93
    },
    "mobile_phone": {
        "precision": 0.36585365853658536,
        "recall": 0.3157894736842105,
        "f1-score": 0.3389830508474576,
        "support": 95
    },
    "monitor": {
        "precision": 0.41911764705882354,
        "recall": 0.6063829787234043,
        "f1-score": 0.4956521739130435,
        "support": 94
    },
    "mouse": {
        "precision": 0.6966292134831461,
        "recall": 0.6526315789473685,
        "f1-score": 0.6739130434782609,
        "support": 95
    },
    "mug": {
        "precision": 0.5789473684210527,
        "recall": 0.12359550561797752,
        "f1-score": 0.2037037037037037,
        "support": 89
    },
    "paper_notebook": {
        "precision": 0.5,
        "recall": 0.16483516483516483,
        "f1-score": 0.24793388429752067,
        "support": 91
    },
    "pen": {
        "precision": 0.5333333333333333,
        "recall": 0.4444444444444444,
        "f1-score": 0.4848484848484848,
        "support": 90
    },
    "phone": {
        "precision": 0.4411764705882353,
        "recall": 0.17045454545454544,
        "f1-score": 0.2459016393442623,
        "support": 88
    },
    "printer": {
        "precision": 0.4772727272727273,
        "recall": 0.22105263157894736,
        "f1-score": 0.302158273381295,
        "support": 95
    },
    "projector": {
        "precision": 0.29365079365079366,
        "recall": 0.3978494623655914,
        "f1-score": 0.33789954337899547,
        "support": 93
    },
    "punchers": {
        "precision": 0.2894736842105263,
        "recall": 0.11827956989247312,
        "f1-score": 0.16793893129770993,
        "support": 93
    },
    "ring_binder": {
        "precision": 0.2967741935483871,
        "recall": 0.5411764705882353,
        "f1-score": 0.3833333333333333,
        "support": 85
    },
    "ruler": {
        "precision": 0.6285714285714286,
        "recall": 0.3142857142857143,
        "f1-score": 0.419047619047619,
        "support": 70
    },
    "scissors": {
        "precision": 0.5,
        "recall": 0.3684210526315789,
        "f1-score": 0.4242424242424242,
        "support": 95
    },
    "speaker": {
        "precision": 0.10666666666666667,
        "recall": 0.1702127659574468,
        "f1-score": 0.13114754098360656,
        "support": 94
    },
    "stapler": {
        "precision": 0.19658119658119658,
        "recall": 0.48936170212765956,
        "f1-score": 0.28048780487804875,
        "support": 94
    },
    "tape_dispenser": {
        "precision": 0.48,
        "recall": 0.26373626373626374,
        "f1-score": 0.34042553191489366,
        "support": 91
    },
    "trash_can": {
        "precision": 0.5,
        "recall": 0.0847457627118644,
        "f1-score": 0.14492753623188406,
        "support": 59
    },
    "accuracy": 0.4357625845229151,
    "macro avg": {
        "precision": 0.4879311628636513,
        "recall": 0.43468084101826177,
        "f1-score": 0.4199264144403896,
        "support": 2662
    },
    "weighted avg": {
        "precision": 0.48138582657564694,
        "recall": 0.4357625845229151,
        "f1-score": 0.41841044380467496,
        "support": 2662
    }
}