{
    "back_pack": {
        "precision": 0.875,
        "recall": 1.0,
        "f1-score": 0.9333333333333333,
        "support": 7
    },
    "bike": {
        "precision": 1.0,
        "recall": 1.0,
        "f1-score": 1.0,
        "support": 16
    },
    "bike_helmet": {
        "precision": 0.95,
        "recall": 1.0,
        "f1-score": 0.9743589743589743,
        "support": 19
    },
    "bookcase": {
        "precision": 0.5,
        "recall": 0.7142857142857143,
        "f1-score": 0.588235294117647,
        "support": 7
    },
    "bottle": {
        "precision": 1.0,
        "recall": 1.0,
        "f1-score": 1.0,
        "support": 11
    },
    "calculator": {
        "precision": 0.6666666666666666,
        "recall": 0.5714285714285714,
        "f1-score": 0.6153846153846153,
        "support": 7
    },
    "desk_chair": {
        "precision": 0.8888888888888888,
        "recall": 1.0,
        "f1-score": 0.9411764705882353,
        "support": 8
    },
    "desk_lamp": {
        "precision": 1.0,
        "recall": 0.8888888888888888,
        "f1-score": 0.9411764705882353,
        "support": 9
    },
    "desktop_computer": {
        "precision": 0.7142857142857143,
        "recall": 0.5,
        "f1-score": 0.588235294117647,
        "support": 10
    },
    "file_cabinet": {
        "precision": 0.8181818181818182,
        "recall": 0.9,
        "f1-score": 0.8571428571428572,
        "support": 10
    },
    "headphones": {
        "precision": 0.8888888888888888,
        "recall": 1.0,
        "f1-score": 0.9411764705882353,
        "support": 8
    },
    "keyboard": {
        "precision": 0.625,
        "recall": 1.0,
        "f1-score": 0.7692307692307693,
        "support": 5
    },
    "laptop_computer": {
        "precision": 0.9444444444444444,
        "recall": 0.8947368421052632,
        "f1-score": 0.918918918918919,
        "support": 19
    },
    "letter_tray": {
        "precision": 0.5,
        "recall": 0.5454545454545454,
        "f1-score": 0.5217391304347826,
        "support": 11
    },
    "mobile_phone": {
        "precision": 0.8461538461538461,
        "recall": 0.4230769230769231,
        "f1-score": 0.5641025641025641,
        "support": 26
    },
    "monitor": {
        "precision": 0.9285714285714286,
        "recall": 0.7647058823529411,
        "f1-score": 0.8387096774193549,
        "support": 17
    },
    "mouse": {
        "precision": 0.7777777777777778,
        "recall": 1.0,
        "f1-score": 0.8750000000000001,
        "support": 7
    },
    "mug": {
        "precision": 1.0,
        "recall": 1.0,
        "f1-score": 1.0,
        "support": 3
    },
    "paper_notebook": {
        "precision": 0.6,
        "recall": 0.6,
        "f1-score": 0.6,
        "support": 5
    },
    "pen": {
        "precision": 0.5714285714285714,
        "recall": 0.8,
        "f1-score": 0.6666666666666666,
        "support": 5
    },
    "phone": {
        "precision": 1.0,
        "recall": 0.875,
        "f1-score": 0.9333333333333333,
        "support": 8
    },
    "printer": {
        "precision": 0.7,
        "recall": 0.7,
        "f1-score": 0.7,
        "support": 10
    },
    "projector": {
        "precision": 0.7333333333333333,
        "recall": 0.6111111111111112,
        "f1-score": 0.6666666666666666,
        "support": 18
    },
    "punchers": {
        "precision": 0.42857142857142855,
        "recall": 0.6923076923076923,
        "f1-score": 0.5294117647058824,
        "support": 13
    },
    "ring_binder": {
        "precision": 0.45454545454545453,
        "recall": 1.0,
        "f1-score": 0.625,
        "support": 5
    },
    "ruler": {
        "precision": 1.0,
        "recall": 0.5,
        "f1-score": 0.6666666666666666,
        "support": 2
    },
    "scissors": {
        "precision": 1.0,
        "recall": 0.7692307692307693,
        "f1-score": 0.8695652173913044,
        "support": 13
    },
    "speaker": {
        "precision": 0.75,
        "recall": 1.0,
        "f1-score": 0.8571428571428571,
        "support": 21
    },
    "stapler": {
        "precision": 0.5384615384615384,
        "recall": 0.4375,
        "f1-score": 0.4827586206896552,
        "support": 16
    },
    "tape_dispenser": {
        "precision": 0.9285714285714286,
        "recall": 0.7647058823529411,
        "f1-score": 0.8387096774193549,
        "support": 17
    },
    "trash_can": {
        "precision": 0.7777777777777778,
        "recall": 0.7,
        "f1-score": 0.7368421052631577,
        "support": 10
    },
    "accuracy": 0.7784256559766763,
    "macro avg": {
        "precision": 0.7873080324693228,
        "recall": 0.7952397684708181,
        "f1-score": 0.7755059489119909,
        "support": 343
    },
    "weighted avg": {
        "precision": 0.8032604745432734,
        "recall": 0.7784256559766763,
        "f1-score": 0.7765155073281751,
        "support": 343
    }
}