{
    "back_pack": {
        "precision": 1.0,
        "recall": 1.0,
        "f1-score": 1.0,
        "support": 24
    },
    "bike": {
        "precision": 1.0,
        "recall": 1.0,
        "f1-score": 1.0,
        "support": 16
    },
    "bike_helmet": {
        "precision": 1.0,
        "recall": 1.0,
        "f1-score": 1.0,
        "support": 23
    },
    "bookcase": {
        "precision": 1.0,
        "recall": 1.0,
        "f1-score": 1.0,
        "support": 7
    },
    "bottle": {
        "precision": 1.0,
        "recall": 1.0,
        "f1-score": 1.0,
        "support": 11
    },
    "calculator": {
        "precision": 0.8666666666666667,
        "recall": 1.0,
        "f1-score": 0.9285714285714286,
        "support": 26
    },
    "desk_chair": {
        "precision": 1.0,
        "recall": 1.0,
        "f1-score": 1.0,
        "support": 35
    },
    "desk_lamp": {
        "precision": 1.0,
        "recall": 0.9230769230769231,
        "f1-score": 0.9600000000000001,
        "support": 13
    },
    "desktop_computer": {
        "precision": 1.0,
        "recall": 0.9375,
        "f1-score": 0.967741935483871,
        "support": 16
    },
    "file_cabinet": {
        "precision": 1.0,
        "recall": 1.0,
        "f1-score": 1.0,
        "support": 14
    },
    "headphones": {
        "precision": 1.0,
        "recall": 0.9545454545454546,
        "f1-score": 0.9767441860465117,
        "support": 22
    },
    "keyboard": {
        "precision": 0.9473684210526315,
        "recall": 0.8181818181818182,
        "f1-score": 0.8780487804878049,
        "support": 22
    },
    "laptop_computer": {
        "precision": 0.8620689655172413,
        "recall": 1.0,
        "f1-score": 0.9259259259259259,
        "support": 25
    },
    "letter_tray": {
        "precision": 0.875,
        "recall": 1.0,
        "f1-score": 0.9333333333333333,
        "support": 14
    },
    "mobile_phone": {
        "precision": 0.8928571428571429,
        "recall": 1.0,
        "f1-score": 0.9433962264150945,
        "support": 25
    },
    "monitor": {
        "precision": 0.9487179487179487,
        "recall": 0.9736842105263158,
        "f1-score": 0.9610389610389611,
        "support": 38
    },
    "mouse": {
        "precision": 1.0,
        "recall": 0.96,
        "f1-score": 0.9795918367346939,
        "support": 25
    },
    "mug": {
        "precision": 1.0,
        "recall": 1.0,
        "f1-score": 1.0,
        "support": 22
    },
    "paper_notebook": {
        "precision": 1.0,
        "recall": 0.8695652173913043,
        "f1-score": 0.9302325581395349,
        "support": 23
    },
    "pen": {
        "precision": 1.0,
        "recall": 0.9259259259259259,
        "f1-score": 0.9615384615384615,
        "support": 27
    },
    "phone": {
        "precision": 1.0,
        "recall": 1.0,
        "f1-score": 1.0,
        "support": 11
    },
    "printer": {
        "precision": 0.9333333333333333,
        "recall": 0.9333333333333333,
        "f1-score": 0.9333333333333333,
        "support": 15
    },
    "projector": {
        "precision": 0.88,
        "recall": 0.88,
        "f1-score": 0.88,
        "support": 25
    },
    "punchers": {
        "precision": 0.8,
        "recall": 0.7272727272727273,
        "f1-score": 0.761904761904762,
        "support": 22
    },
    "ring_binder": {
        "precision": 1.0,
        "recall": 0.6,
        "f1-score": 0.7499999999999999,
        "support": 35
    },
    "ruler": {
        "precision": 1.0,
        "recall": 0.16666666666666666,
        "f1-score": 0.2857142857142857,
        "support": 6
    },
    "scissors": {
        "precision": 1.0,
        "recall": 1.0,
        "f1-score": 1.0,
        "support": 20
    },
    "speaker": {
        "precision": 0.8571428571428571,
        "recall": 0.96,
        "f1-score": 0.9056603773584904,
        "support": 25
    },
    "stapler": {
        "precision": 0.6428571428571429,
        "recall": 0.9473684210526315,
        "f1-score": 0.7659574468085106,
        "support": 19
    },
    "tape_dispenser": {
        "precision": 0.6923076923076923,
        "recall": 1.0,
        "f1-score": 0.8181818181818181,
        "support": 18
    },
    "trash_can": {
        "precision": 0.9333333333333333,
        "recall": 0.875,
        "f1-score": 0.9032258064516129,
        "support": 16
    },
    "accuracy": 0.9265625,
    "macro avg": {
        "precision": 0.9397307581866449,
        "recall": 0.9178103450959065,
        "f1-score": 0.9145206923699495,
        "support": 640
    },
    "weighted avg": {
        "precision": 0.9377931285857214,
        "recall": 0.9265625,
        "f1-score": 0.923715366587742,
        "support": 640
    }
}