{
    "back_pack": {
        "precision": 0.6363636363636364,
        "recall": 1.0,
        "f1-score": 0.7777777777777778,
        "support": 7
    },
    "bike": {
        "precision": 1.0,
        "recall": 1.0,
        "f1-score": 1.0,
        "support": 16
    },
    "bike_helmet": {
        "precision": 1.0,
        "recall": 0.8421052631578947,
        "f1-score": 0.9142857142857143,
        "support": 19
    },
    "bookcase": {
        "precision": 1.0,
        "recall": 0.5714285714285714,
        "f1-score": 0.7272727272727273,
        "support": 7
    },
    "bottle": {
        "precision": 0.9166666666666666,
        "recall": 1.0,
        "f1-score": 0.9565217391304348,
        "support": 11
    },
    "calculator": {
        "precision": 1.0,
        "recall": 0.7142857142857143,
        "f1-score": 0.8333333333333333,
        "support": 7
    },
    "desk_chair": {
        "precision": 1.0,
        "recall": 1.0,
        "f1-score": 1.0,
        "support": 8
    },
    "desk_lamp": {
        "precision": 1.0,
        "recall": 0.7777777777777778,
        "f1-score": 0.8750000000000001,
        "support": 9
    },
    "desktop_computer": {
        "precision": 0.4166666666666667,
        "recall": 0.5,
        "f1-score": 0.45454545454545453,
        "support": 10
    },
    "file_cabinet": {
        "precision": 0.6923076923076923,
        "recall": 0.9,
        "f1-score": 0.7826086956521738,
        "support": 10
    },
    "headphones": {
        "precision": 0.8,
        "recall": 1.0,
        "f1-score": 0.888888888888889,
        "support": 8
    },
    "keyboard": {
        "precision": 0.7142857142857143,
        "recall": 1.0,
        "f1-score": 0.8333333333333333,
        "support": 5
    },
    "laptop_computer": {
        "precision": 0.8571428571428571,
        "recall": 0.9473684210526315,
        "f1-score": 0.9,
        "support": 19
    },
    "letter_tray": {
        "precision": 0.7272727272727273,
        "recall": 0.7272727272727273,
        "f1-score": 0.7272727272727273,
        "support": 11
    },
    "mobile_phone": {
        "precision": 1.0,
        "recall": 0.38461538461538464,
        "f1-score": 0.5555555555555556,
        "support": 26
    },
    "monitor": {
        "precision": 1.0,
        "recall": 0.7058823529411765,
        "f1-score": 0.8275862068965517,
        "support": 17
    },
    "mouse": {
        "precision": 0.75,
        "recall": 0.8571428571428571,
        "f1-score": 0.7999999999999999,
        "support": 7
    },
    "mug": {
        "precision": 1.0,
        "recall": 1.0,
        "f1-score": 1.0,
        "support": 3
    },
    "paper_notebook": {
        "precision": 0.8333333333333334,
        "recall": 1.0,
        "f1-score": 0.9090909090909091,
        "support": 5
    },
    "pen": {
        "precision": 0.375,
        "recall": 0.6,
        "f1-score": 0.4615384615384615,
        "support": 5
    },
    "phone": {
        "precision": 1.0,
        "recall": 1.0,
        "f1-score": 1.0,
        "support": 8
    },
    "printer": {
        "precision": 0.5333333333333333,
        "recall": 0.8,
        "f1-score": 0.64,
        "support": 10
    },
    "projector": {
        "precision": 0.5909090909090909,
        "recall": 0.7222222222222222,
        "f1-score": 0.65,
        "support": 18
    },
    "punchers": {
        "precision": 0.5714285714285714,
        "recall": 0.6153846153846154,
        "f1-score": 0.5925925925925927,
        "support": 13
    },
    "ring_binder": {
        "precision": 0.625,
        "recall": 1.0,
        "f1-score": 0.7692307692307693,
        "support": 5
    },
    "ruler": {
        "precision": 0.5,
        "recall": 1.0,
        "f1-score": 0.6666666666666666,
        "support": 2
    },
    "scissors": {
        "precision": 1.0,
        "recall": 0.7692307692307693,
        "f1-score": 0.8695652173913044,
        "support": 13
    },
    "speaker": {
        "precision": 0.8823529411764706,
        "recall": 0.7142857142857143,
        "f1-score": 0.7894736842105262,
        "support": 21
    },
    "stapler": {
        "precision": 0.47619047619047616,
        "recall": 0.625,
        "f1-score": 0.5405405405405405,
        "support": 16
    },
    "tape_dispenser": {
        "precision": 0.8235294117647058,
        "recall": 0.8235294117647058,
        "f1-score": 0.8235294117647058,
        "support": 17
    },
    "trash_can": {
        "precision": 0.8571428571428571,
        "recall": 0.6,
        "f1-score": 0.7058823529411764,
        "support": 10
    },
    "accuracy": 0.7725947521865889,
    "macro avg": {
        "precision": 0.7928685798704774,
        "recall": 0.8128236065342829,
        "f1-score": 0.7829707341907204,
        "support": 343
    },
    "weighted avg": {
        "precision": 0.8175498199850797,
        "recall": 0.7725947521865889,
        "f1-score": 0.7738387432096102,
        "support": 343
    }
}