{
    "back_pack": {
        "precision": 1.0,
        "recall": 1.0,
        "f1-score": 1.0,
        "support": 7
    },
    "bike": {
        "precision": 1.0,
        "recall": 1.0,
        "f1-score": 1.0,
        "support": 16
    },
    "bike_helmet": {
        "precision": 1.0,
        "recall": 0.7894736842105263,
        "f1-score": 0.8823529411764706,
        "support": 19
    },
    "bookcase": {
        "precision": 0.8333333333333334,
        "recall": 0.7142857142857143,
        "f1-score": 0.7692307692307692,
        "support": 7
    },
    "bottle": {
        "precision": 0.9166666666666666,
        "recall": 1.0,
        "f1-score": 0.9565217391304348,
        "support": 11
    },
    "calculator": {
        "precision": 0.4166666666666667,
        "recall": 0.7142857142857143,
        "f1-score": 0.5263157894736842,
        "support": 7
    },
    "desk_chair": {
        "precision": 0.8888888888888888,
        "recall": 1.0,
        "f1-score": 0.9411764705882353,
        "support": 8
    },
    "desk_lamp": {
        "precision": 0.6,
        "recall": 1.0,
        "f1-score": 0.7499999999999999,
        "support": 9
    },
    "desktop_computer": {
        "precision": 0.5,
        "recall": 0.5,
        "f1-score": 0.5,
        "support": 10
    },
    "file_cabinet": {
        "precision": 0.6666666666666666,
        "recall": 1.0,
        "f1-score": 0.8,
        "support": 10
    },
    "headphones": {
        "precision": 1.0,
        "recall": 0.875,
        "f1-score": 0.9333333333333333,
        "support": 8
    },
    "keyboard": {
        "precision": 0.375,
        "recall": 0.6,
        "f1-score": 0.4615384615384615,
        "support": 5
    },
    "laptop_computer": {
        "precision": 0.8947368421052632,
        "recall": 0.8947368421052632,
        "f1-score": 0.8947368421052632,
        "support": 19
    },
    "letter_tray": {
        "precision": 0.5333333333333333,
        "recall": 0.7272727272727273,
        "f1-score": 0.6153846153846153,
        "support": 11
    },
    "mobile_phone": {
        "precision": 0.5,
        "recall": 0.15384615384615385,
        "f1-score": 0.23529411764705882,
        "support": 26
    },
    "monitor": {
        "precision": 1.0,
        "recall": 0.4117647058823529,
        "f1-score": 0.5833333333333334,
        "support": 17
    },
    "mouse": {
        "precision": 0.5833333333333334,
        "recall": 1.0,
        "f1-score": 0.7368421052631579,
        "support": 7
    },
    "mug": {
        "precision": 1.0,
        "recall": 0.6666666666666666,
        "f1-score": 0.8,
        "support": 3
    },
    "paper_notebook": {
        "precision": 0.5714285714285714,
        "recall": 0.8,
        "f1-score": 0.6666666666666666,
        "support": 5
    },
    "pen": {
        "precision": 0.8333333333333334,
        "recall": 1.0,
        "f1-score": 0.9090909090909091,
        "support": 5
    },
    "phone": {
        "precision": 0.7,
        "recall": 0.875,
        "f1-score": 0.7777777777777777,
        "support": 8
    },
    "printer": {
        "precision": 0.6428571428571429,
        "recall": 0.9,
        "f1-score": 0.75,
        "support": 10
    },
    "projector": {
        "precision": 0.4117647058823529,
        "recall": 0.7777777777777778,
        "f1-score": 0.5384615384615384,
        "support": 18
    },
    "punchers": {
        "precision": 0.8571428571428571,
        "recall": 0.46153846153846156,
        "f1-score": 0.6,
        "support": 13
    },
    "ring_binder": {
        "precision": 0.5,
        "recall": 0.2,
        "f1-score": 0.28571428571428575,
        "support": 5
    },
    "ruler": {
        "precision": 0.3333333333333333,
        "recall": 0.5,
        "f1-score": 0.4,
        "support": 2
    },
    "scissors": {
        "precision": 1.0,
        "recall": 1.0,
        "f1-score": 1.0,
        "support": 13
    },
    "speaker": {
        "precision": 0.875,
        "recall": 0.6666666666666666,
        "f1-score": 0.7567567567567567,
        "support": 21
    },
    "stapler": {
        "precision": 0.8181818181818182,
        "recall": 0.5625,
        "f1-score": 0.6666666666666666,
        "support": 16
    },
    "tape_dispenser": {
        "precision": 0.8666666666666667,
        "recall": 0.7647058823529411,
        "f1-score": 0.8125,
        "support": 17
    },
    "trash_can": {
        "precision": 1.0,
        "recall": 1.0,
        "f1-score": 1.0,
        "support": 10
    },
    "accuracy": 0.7346938775510204,
    "macro avg": {
        "precision": 0.7457527148329105,
        "recall": 0.7598555160287408,
        "f1-score": 0.7274095199786909,
        "support": 343
    },
    "weighted avg": {
        "precision": 0.7720379679391854,
        "recall": 0.7346938775510204,
        "f1-score": 0.724383173978993,
        "support": 343
    }
}