{
    "0": {
        "precision": 0.845136186770428,
        "recall": 0.9917808219178083,
        "f1-score": 0.9126050420168068,
        "support": 1095
    },
    "1": {
        "precision": 0.9008264462809917,
        "recall": 0.9954337899543378,
        "f1-score": 0.9457700650759219,
        "support": 1095
    },
    "2": {
        "precision": 0.9426485922836287,
        "recall": 0.8255707762557077,
        "f1-score": 0.8802336903602725,
        "support": 1095
    },
    "3": {
        "precision": 0.8056244830438379,
        "recall": 0.8894977168949771,
        "f1-score": 0.8454861111111112,
        "support": 1095
    },
    "4": {
        "precision": 0.950836820083682,
        "recall": 0.8301369863013699,
        "f1-score": 0.8863968795709409,
        "support": 1095
    },
    "5": {
        "precision": 0.8972332015810277,
        "recall": 0.6219178082191781,
        "f1-score": 0.7346278317152104,
        "support": 1095
    },
    "6": {
        "precision": 0.8972407231208372,
        "recall": 0.8611872146118722,
        "f1-score": 0.8788443616029823,
        "support": 1095
    },
    "7": {
        "precision": 0.8390989541432019,
        "recall": 0.9525114155251142,
        "f1-score": 0.8922155688622754,
        "support": 1095
    },
    "8": {
        "precision": 0.8695278969957082,
        "recall": 0.9251141552511416,
        "f1-score": 0.8964601769911504,
        "support": 1095
    },
    "9": {
        "precision": 0.8589398023360287,
        "recall": 0.8730593607305936,
        "f1-score": 0.8659420289855072,
        "support": 1095
    },
    "accuracy": 0.8766210045662101,
    "macro avg": {
        "precision": 0.8807113106639373,
        "recall": 0.8766210045662101,
        "f1-score": 0.8738581756292179,
        "support": 10950
    },
    "weighted avg": {
        "precision": 0.8807113106639372,
        "recall": 0.8766210045662101,
        "f1-score": 0.873858175629218,
        "support": 10950
    }
}