{
    "back_pack": {
        "precision": 0.8421052631578947,
        "recall": 0.9195402298850575,
        "f1-score": 0.879120879120879,
        "support": 87
    },
    "bike": {
        "precision": 0.9382716049382716,
        "recall": 0.987012987012987,
        "f1-score": 0.9620253164556961,
        "support": 77
    },
    "bike_helmet": {
        "precision": 0.6813186813186813,
        "recall": 0.9253731343283582,
        "f1-score": 0.7848101265822784,
        "support": 67
    },
    "bookcase": {
        "precision": 0.5462962962962963,
        "recall": 0.7662337662337663,
        "f1-score": 0.6378378378378378,
        "support": 77
    },
    "bottle": {
        "precision": 0.4222222222222222,
        "recall": 0.6129032258064516,
        "f1-score": 0.5,
        "support": 31
    },
    "calculator": {
        "precision": 0.7387387387387387,
        "recall": 0.9213483146067416,
        "f1-score": 0.8200000000000001,
        "support": 89
    },
    "desk_chair": {
        "precision": 0.891566265060241,
        "recall": 0.8604651162790697,
        "f1-score": 0.8757396449704141,
        "support": 86
    },
    "desk_lamp": {
        "precision": 0.7213114754098361,
        "recall": 0.4782608695652174,
        "f1-score": 0.5751633986928104,
        "support": 92
    },
    "desktop_computer": {
        "precision": 0.3448275862068966,
        "recall": 0.43478260869565216,
        "f1-score": 0.38461538461538464,
        "support": 92
    },
    "file_cabinet": {
        "precision": 0.43617021276595747,
        "recall": 0.5394736842105263,
        "f1-score": 0.4823529411764706,
        "support": 76
    },
    "headphones": {
        "precision": 0.8020833333333334,
        "recall": 0.8191489361702128,
        "f1-score": 0.8105263157894737,
        "support": 94
    },
    "keyboard": {
        "precision": 0.8144329896907216,
        "recall": 0.8315789473684211,
        "f1-score": 0.8229166666666666,
        "support": 95
    },
    "laptop_computer": {
        "precision": 0.7951807228915663,
        "recall": 0.6947368421052632,
        "f1-score": 0.7415730337078653,
        "support": 95
    },
    "letter_tray": {
        "precision": 0.7375,
        "recall": 0.6344086021505376,
        "f1-score": 0.6820809248554913,
        "support": 93
    },
    "mobile_phone": {
        "precision": 0.7102803738317757,
        "recall": 0.8,
        "f1-score": 0.7524752475247526,
        "support": 95
    },
    "monitor": {
        "precision": 0.8095238095238095,
        "recall": 0.9042553191489362,
        "f1-score": 0.8542713567839195,
        "support": 94
    },
    "mouse": {
        "precision": 0.7339449541284404,
        "recall": 0.8421052631578947,
        "f1-score": 0.7843137254901961,
        "support": 95
    },
    "mug": {
        "precision": 0.7752808988764045,
        "recall": 0.7752808988764045,
        "f1-score": 0.7752808988764045,
        "support": 89
    },
    "paper_notebook": {
        "precision": 0.5887850467289719,
        "recall": 0.6923076923076923,
        "f1-score": 0.6363636363636364,
        "support": 91
    },
    "pen": {
        "precision": 0.62,
        "recall": 0.34444444444444444,
        "f1-score": 0.44285714285714284,
        "support": 90
    },
    "phone": {
        "precision": 0.875,
        "recall": 0.5568181818181818,
        "f1-score": 0.6805555555555556,
        "support": 88
    },
    "printer": {
        "precision": 0.9696969696969697,
        "recall": 0.3368421052631579,
        "f1-score": 0.5,
        "support": 95
    },
    "projector": {
        "precision": 0.5573770491803278,
        "recall": 0.7311827956989247,
        "f1-score": 0.6325581395348837,
        "support": 93
    },
    "punchers": {
        "precision": 0.40350877192982454,
        "recall": 0.24731182795698925,
        "f1-score": 0.3066666666666667,
        "support": 93
    },
    "ring_binder": {
        "precision": 0.3177570093457944,
        "recall": 0.4,
        "f1-score": 0.3541666666666667,
        "support": 85
    },
    "ruler": {
        "precision": 0.5301204819277109,
        "recall": 0.6285714285714286,
        "f1-score": 0.5751633986928105,
        "support": 70
    },
    "scissors": {
        "precision": 0.40404040404040403,
        "recall": 0.42105263157894735,
        "f1-score": 0.41237113402061853,
        "support": 95
    },
    "speaker": {
        "precision": 0.7222222222222222,
        "recall": 0.4148936170212766,
        "f1-score": 0.527027027027027,
        "support": 94
    },
    "stapler": {
        "precision": 0.3308270676691729,
        "recall": 0.46808510638297873,
        "f1-score": 0.3876651982378854,
        "support": 94
    },
    "tape_dispenser": {
        "precision": 0.5178571428571429,
        "recall": 0.31868131868131866,
        "f1-score": 0.3945578231292517,
        "support": 91
    },
    "trash_can": {
        "precision": 0.46296296296296297,
        "recall": 0.423728813559322,
        "f1-score": 0.44247787610619466,
        "support": 59
    },
    "accuracy": 0.6344853493613825,
    "macro avg": {
        "precision": 0.6464906631275028,
        "recall": 0.6364783454479407,
        "f1-score": 0.6263720633549963,
        "support": 2662
    },
    "weighted avg": {
        "precision": 0.6547530737053338,
        "recall": 0.6344853493613825,
        "f1-score": 0.6290718399026037,
        "support": 2662
    }
}