{
    "back_pack": {
        "precision": 0.875,
        "recall": 1.0,
        "f1-score": 0.9333333333333333,
        "support": 7
    },
    "bike": {
        "precision": 1.0,
        "recall": 1.0,
        "f1-score": 1.0,
        "support": 16
    },
    "bike_helmet": {
        "precision": 1.0,
        "recall": 0.8421052631578947,
        "f1-score": 0.9142857142857143,
        "support": 19
    },
    "bookcase": {
        "precision": 1.0,
        "recall": 0.5714285714285714,
        "f1-score": 0.7272727272727273,
        "support": 7
    },
    "bottle": {
        "precision": 1.0,
        "recall": 1.0,
        "f1-score": 1.0,
        "support": 11
    },
    "calculator": {
        "precision": 0.5833333333333334,
        "recall": 1.0,
        "f1-score": 0.7368421052631579,
        "support": 7
    },
    "desk_chair": {
        "precision": 0.8888888888888888,
        "recall": 1.0,
        "f1-score": 0.9411764705882353,
        "support": 8
    },
    "desk_lamp": {
        "precision": 1.0,
        "recall": 1.0,
        "f1-score": 1.0,
        "support": 9
    },
    "desktop_computer": {
        "precision": 0.5555555555555556,
        "recall": 0.5,
        "f1-score": 0.5263157894736842,
        "support": 10
    },
    "file_cabinet": {
        "precision": 0.7272727272727273,
        "recall": 0.8,
        "f1-score": 0.761904761904762,
        "support": 10
    },
    "headphones": {
        "precision": 1.0,
        "recall": 1.0,
        "f1-score": 1.0,
        "support": 8
    },
    "keyboard": {
        "precision": 1.0,
        "recall": 1.0,
        "f1-score": 1.0,
        "support": 5
    },
    "laptop_computer": {
        "precision": 1.0,
        "recall": 0.8947368421052632,
        "f1-score": 0.9444444444444444,
        "support": 19
    },
    "letter_tray": {
        "precision": 0.6666666666666666,
        "recall": 0.7272727272727273,
        "f1-score": 0.6956521739130435,
        "support": 11
    },
    "mobile_phone": {
        "precision": 1.0,
        "recall": 0.4230769230769231,
        "f1-score": 0.5945945945945945,
        "support": 26
    },
    "monitor": {
        "precision": 1.0,
        "recall": 0.9411764705882353,
        "f1-score": 0.9696969696969697,
        "support": 17
    },
    "mouse": {
        "precision": 0.6,
        "recall": 0.8571428571428571,
        "f1-score": 0.7058823529411764,
        "support": 7
    },
    "mug": {
        "precision": 0.75,
        "recall": 1.0,
        "f1-score": 0.8571428571428571,
        "support": 3
    },
    "paper_notebook": {
        "precision": 0.5555555555555556,
        "recall": 1.0,
        "f1-score": 0.7142857142857143,
        "support": 5
    },
    "pen": {
        "precision": 0.5555555555555556,
        "recall": 1.0,
        "f1-score": 0.7142857142857143,
        "support": 5
    },
    "phone": {
        "precision": 1.0,
        "recall": 0.875,
        "f1-score": 0.9333333333333333,
        "support": 8
    },
    "printer": {
        "precision": 0.4666666666666667,
        "recall": 0.7,
        "f1-score": 0.56,
        "support": 10
    },
    "projector": {
        "precision": 0.6086956521739131,
        "recall": 0.7777777777777778,
        "f1-score": 0.6829268292682927,
        "support": 18
    },
    "punchers": {
        "precision": 1.0,
        "recall": 0.5384615384615384,
        "f1-score": 0.7000000000000001,
        "support": 13
    },
    "ring_binder": {
        "precision": 0.6,
        "recall": 0.6,
        "f1-score": 0.6,
        "support": 5
    },
    "ruler": {
        "precision": 1.0,
        "recall": 0.5,
        "f1-score": 0.6666666666666666,
        "support": 2
    },
    "scissors": {
        "precision": 0.8666666666666667,
        "recall": 1.0,
        "f1-score": 0.9285714285714286,
        "support": 13
    },
    "speaker": {
        "precision": 0.7619047619047619,
        "recall": 0.7619047619047619,
        "f1-score": 0.7619047619047619,
        "support": 21
    },
    "stapler": {
        "precision": 0.5789473684210527,
        "recall": 0.6875,
        "f1-score": 0.6285714285714286,
        "support": 16
    },
    "tape_dispenser": {
        "precision": 0.6666666666666666,
        "recall": 0.5882352941176471,
        "f1-score": 0.625,
        "support": 17
    },
    "trash_can": {
        "precision": 0.7777777777777778,
        "recall": 0.7,
        "f1-score": 0.7368421052631577,
        "support": 10
    },
    "accuracy": 0.7900874635568513,
    "macro avg": {
        "precision": 0.8091985110679287,
        "recall": 0.8156715815172322,
        "f1-score": 0.7922881379679096,
        "support": 343
    },
    "weighted avg": {
        "precision": 0.8272616333525594,
        "recall": 0.7900874635568513,
        "f1-score": 0.7891435769845642,
        "support": 343
    }
}