{
    "back_pack": {
        "precision": 0.4666666666666667,
        "recall": 1.0,
        "f1-score": 0.6363636363636364,
        "support": 7
    },
    "bike": {
        "precision": 0.5714285714285714,
        "recall": 1.0,
        "f1-score": 0.7272727272727273,
        "support": 16
    },
    "bike_helmet": {
        "precision": 0.7391304347826086,
        "recall": 0.8947368421052632,
        "f1-score": 0.8095238095238095,
        "support": 19
    },
    "bookcase": {
        "precision": 0.46153846153846156,
        "recall": 0.8571428571428571,
        "f1-score": 0.6,
        "support": 7
    },
    "bottle": {
        "precision": 0.8461538461538461,
        "recall": 1.0,
        "f1-score": 0.9166666666666666,
        "support": 11
    },
    "calculator": {
        "precision": 0.3157894736842105,
        "recall": 0.8571428571428571,
        "f1-score": 0.46153846153846156,
        "support": 7
    },
    "desk_chair": {
        "precision": 0.8,
        "recall": 1.0,
        "f1-score": 0.888888888888889,
        "support": 8
    },
    "desk_lamp": {
        "precision": 0.45454545454545453,
        "recall": 0.5555555555555556,
        "f1-score": 0.5,
        "support": 9
    },
    "desktop_computer": {
        "precision": 0.5,
        "recall": 0.2,
        "f1-score": 0.28571428571428575,
        "support": 10
    },
    "file_cabinet": {
        "precision": 0.6,
        "recall": 0.6,
        "f1-score": 0.6,
        "support": 10
    },
    "headphones": {
        "precision": 0.75,
        "recall": 0.375,
        "f1-score": 0.5,
        "support": 8
    },
    "keyboard": {
        "precision": 0.08,
        "recall": 0.4,
        "f1-score": 0.13333333333333333,
        "support": 5
    },
    "laptop_computer": {
        "precision": 0.8,
        "recall": 0.631578947368421,
        "f1-score": 0.7058823529411765,
        "support": 19
    },
    "letter_tray": {
        "precision": 0.1111111111111111,
        "recall": 0.2727272727272727,
        "f1-score": 0.15789473684210525,
        "support": 11
    },
    "mobile_phone": {
        "precision": 1.0,
        "recall": 0.07692307692307693,
        "f1-score": 0.14285714285714288,
        "support": 26
    },
    "monitor": {
        "precision": 0.8571428571428571,
        "recall": 0.35294117647058826,
        "f1-score": 0.5,
        "support": 17
    },
    "mouse": {
        "precision": 0.6,
        "recall": 0.8571428571428571,
        "f1-score": 0.7058823529411764,
        "support": 7
    },
    "mug": {
        "precision": 0.75,
        "recall": 1.0,
        "f1-score": 0.8571428571428571,
        "support": 3
    },
    "paper_notebook": {
        "precision": 0.5714285714285714,
        "recall": 0.8,
        "f1-score": 0.6666666666666666,
        "support": 5
    },
    "pen": {
        "precision": 0.08333333333333333,
        "recall": 0.2,
        "f1-score": 0.11764705882352941,
        "support": 5
    },
    "phone": {
        "precision": 1.0,
        "recall": 0.375,
        "f1-score": 0.5454545454545454,
        "support": 8
    },
    "printer": {
        "precision": 0.4,
        "recall": 0.2,
        "f1-score": 0.26666666666666666,
        "support": 10
    },
    "projector": {
        "precision": 0.8333333333333334,
        "recall": 0.2777777777777778,
        "f1-score": 0.4166666666666667,
        "support": 18
    },
    "punchers": {
        "precision": 0.6666666666666666,
        "recall": 0.15384615384615385,
        "f1-score": 0.25,
        "support": 13
    },
    "ring_binder": {
        "precision": 0.0,
        "recall": 0.0,
        "f1-score": 0.0,
        "support": 5
    },
    "ruler": {
        "precision": 0.2857142857142857,
        "recall": 1.0,
        "f1-score": 0.4444444444444445,
        "support": 2
    },
    "scissors": {
        "precision": 0.8,
        "recall": 0.3076923076923077,
        "f1-score": 0.4444444444444444,
        "support": 13
    },
    "speaker": {
        "precision": 0.5151515151515151,
        "recall": 0.8095238095238095,
        "f1-score": 0.6296296296296297,
        "support": 21
    },
    "stapler": {
        "precision": 0.0,
        "recall": 0.0,
        "f1-score": 0.0,
        "support": 16
    },
    "tape_dispenser": {
        "precision": 0.5,
        "recall": 0.11764705882352941,
        "f1-score": 0.19047619047619047,
        "support": 17
    },
    "trash_can": {
        "precision": 0.2727272727272727,
        "recall": 0.3,
        "f1-score": 0.28571428571428564,
        "support": 10
    },
    "accuracy": 0.4839650145772595,
    "macro avg": {
        "precision": 0.5365116727551216,
        "recall": 0.531367050007817,
        "f1-score": 0.46408941454881736,
        "support": 343
    },
    "weighted avg": {
        "precision": 0.596192154858786,
        "recall": 0.4839650145772595,
        "f1-score": 0.45679994425718273,
        "support": 343
    }
}