{
    "back_pack": {
        "precision": 0.6363636363636364,
        "recall": 1.0,
        "f1-score": 0.7777777777777778,
        "support": 7
    },
    "bike": {
        "precision": 1.0,
        "recall": 0.875,
        "f1-score": 0.9333333333333333,
        "support": 16
    },
    "bike_helmet": {
        "precision": 1.0,
        "recall": 0.7368421052631579,
        "f1-score": 0.8484848484848484,
        "support": 19
    },
    "bookcase": {
        "precision": 0.75,
        "recall": 0.42857142857142855,
        "f1-score": 0.5454545454545454,
        "support": 7
    },
    "bottle": {
        "precision": 1.0,
        "recall": 0.9090909090909091,
        "f1-score": 0.9523809523809523,
        "support": 11
    },
    "calculator": {
        "precision": 0.6,
        "recall": 0.42857142857142855,
        "f1-score": 0.5,
        "support": 7
    },
    "desk_chair": {
        "precision": 1.0,
        "recall": 1.0,
        "f1-score": 1.0,
        "support": 8
    },
    "desk_lamp": {
        "precision": 0.5,
        "recall": 0.6666666666666666,
        "f1-score": 0.5714285714285715,
        "support": 9
    },
    "desktop_computer": {
        "precision": 0.3333333333333333,
        "recall": 0.1,
        "f1-score": 0.15384615384615383,
        "support": 10
    },
    "file_cabinet": {
        "precision": 0.5333333333333333,
        "recall": 0.8,
        "f1-score": 0.64,
        "support": 10
    },
    "headphones": {
        "precision": 1.0,
        "recall": 0.75,
        "f1-score": 0.8571428571428571,
        "support": 8
    },
    "keyboard": {
        "precision": 0.5,
        "recall": 0.8,
        "f1-score": 0.6153846153846154,
        "support": 5
    },
    "laptop_computer": {
        "precision": 0.9090909090909091,
        "recall": 0.5263157894736842,
        "f1-score": 0.6666666666666666,
        "support": 19
    },
    "letter_tray": {
        "precision": 0.2571428571428571,
        "recall": 0.8181818181818182,
        "f1-score": 0.39130434782608686,
        "support": 11
    },
    "mobile_phone": {
        "precision": 1.0,
        "recall": 0.19230769230769232,
        "f1-score": 0.32258064516129037,
        "support": 26
    },
    "monitor": {
        "precision": 1.0,
        "recall": 0.29411764705882354,
        "f1-score": 0.45454545454545453,
        "support": 17
    },
    "mouse": {
        "precision": 0.5833333333333334,
        "recall": 1.0,
        "f1-score": 0.7368421052631579,
        "support": 7
    },
    "mug": {
        "precision": 0.6666666666666666,
        "recall": 0.6666666666666666,
        "f1-score": 0.6666666666666666,
        "support": 3
    },
    "paper_notebook": {
        "precision": 0.75,
        "recall": 0.6,
        "f1-score": 0.6666666666666665,
        "support": 5
    },
    "pen": {
        "precision": 0.42857142857142855,
        "recall": 0.6,
        "f1-score": 0.5,
        "support": 5
    },
    "phone": {
        "precision": 0.6666666666666666,
        "recall": 0.75,
        "f1-score": 0.7058823529411765,
        "support": 8
    },
    "printer": {
        "precision": 0.25,
        "recall": 0.1,
        "f1-score": 0.14285714285714288,
        "support": 10
    },
    "projector": {
        "precision": 0.3870967741935484,
        "recall": 0.6666666666666666,
        "f1-score": 0.4897959183673469,
        "support": 18
    },
    "punchers": {
        "precision": 0.25,
        "recall": 0.38461538461538464,
        "f1-score": 0.30303030303030304,
        "support": 13
    },
    "ring_binder": {
        "precision": 0.16666666666666666,
        "recall": 0.2,
        "f1-score": 0.1818181818181818,
        "support": 5
    },
    "ruler": {
        "precision": 0.3333333333333333,
        "recall": 0.5,
        "f1-score": 0.4,
        "support": 2
    },
    "scissors": {
        "precision": 0.8,
        "recall": 0.9230769230769231,
        "f1-score": 0.8571428571428571,
        "support": 13
    },
    "speaker": {
        "precision": 0.34615384615384615,
        "recall": 0.42857142857142855,
        "f1-score": 0.3829787234042554,
        "support": 21
    },
    "stapler": {
        "precision": 0.45454545454545453,
        "recall": 0.3125,
        "f1-score": 0.3703703703703703,
        "support": 16
    },
    "tape_dispenser": {
        "precision": 0.75,
        "recall": 0.5294117647058824,
        "f1-score": 0.6206896551724139,
        "support": 17
    },
    "trash_can": {
        "precision": 0.42857142857142855,
        "recall": 0.6,
        "f1-score": 0.5,
        "support": 10
    },
    "accuracy": 0.5685131195335277,
    "macro avg": {
        "precision": 0.6219635376763367,
        "recall": 0.5995862683705987,
        "f1-score": 0.5727442488107644,
        "support": 343
    },
    "weighted avg": {
        "precision": 0.6652403757877283,
        "recall": 0.5685131195335277,
        "f1-score": 0.5643990113776781,
        "support": 343
    }
}