{
    "back_pack": {
        "precision": 0.7722772277227723,
        "recall": 0.896551724137931,
        "f1-score": 0.8297872340425532,
        "support": 87
    },
    "bike": {
        "precision": 0.8837209302325582,
        "recall": 0.987012987012987,
        "f1-score": 0.9325153374233128,
        "support": 77
    },
    "bike_helmet": {
        "precision": 0.7466666666666667,
        "recall": 0.835820895522388,
        "f1-score": 0.7887323943661971,
        "support": 67
    },
    "bookcase": {
        "precision": 0.5037593984962406,
        "recall": 0.8701298701298701,
        "f1-score": 0.638095238095238,
        "support": 77
    },
    "bottle": {
        "precision": 0.4864864864864865,
        "recall": 0.5806451612903226,
        "f1-score": 0.5294117647058824,
        "support": 31
    },
    "calculator": {
        "precision": 0.6574074074074074,
        "recall": 0.797752808988764,
        "f1-score": 0.7208121827411168,
        "support": 89
    },
    "desk_chair": {
        "precision": 0.8674698795180723,
        "recall": 0.8372093023255814,
        "f1-score": 0.8520710059171598,
        "support": 86
    },
    "desk_lamp": {
        "precision": 0.8333333333333334,
        "recall": 0.21739130434782608,
        "f1-score": 0.3448275862068966,
        "support": 92
    },
    "desktop_computer": {
        "precision": 0.6896551724137931,
        "recall": 0.21739130434782608,
        "f1-score": 0.3305785123966942,
        "support": 92
    },
    "file_cabinet": {
        "precision": 0.35714285714285715,
        "recall": 0.5263157894736842,
        "f1-score": 0.425531914893617,
        "support": 76
    },
    "headphones": {
        "precision": 0.4883720930232558,
        "recall": 0.8936170212765957,
        "f1-score": 0.631578947368421,
        "support": 94
    },
    "keyboard": {
        "precision": 0.6349206349206349,
        "recall": 0.8421052631578947,
        "f1-score": 0.7239819004524887,
        "support": 95
    },
    "laptop_computer": {
        "precision": 0.45408163265306123,
        "recall": 0.9368421052631579,
        "f1-score": 0.6116838487972509,
        "support": 95
    },
    "letter_tray": {
        "precision": 0.5918367346938775,
        "recall": 0.3118279569892473,
        "f1-score": 0.4084507042253521,
        "support": 93
    },
    "mobile_phone": {
        "precision": 0.8888888888888888,
        "recall": 0.7578947368421053,
        "f1-score": 0.8181818181818181,
        "support": 95
    },
    "monitor": {
        "precision": 0.9139784946236559,
        "recall": 0.9042553191489362,
        "f1-score": 0.9090909090909091,
        "support": 94
    },
    "mouse": {
        "precision": 0.5833333333333334,
        "recall": 0.3684210526315789,
        "f1-score": 0.4516129032258065,
        "support": 95
    },
    "mug": {
        "precision": 0.625,
        "recall": 0.7303370786516854,
        "f1-score": 0.6735751295336788,
        "support": 89
    },
    "paper_notebook": {
        "precision": 0.5042016806722689,
        "recall": 0.6593406593406593,
        "f1-score": 0.5714285714285715,
        "support": 91
    },
    "pen": {
        "precision": 0.581081081081081,
        "recall": 0.4777777777777778,
        "f1-score": 0.524390243902439,
        "support": 90
    },
    "phone": {
        "precision": 0.8833333333333333,
        "recall": 0.6022727272727273,
        "f1-score": 0.7162162162162162,
        "support": 88
    },
    "printer": {
        "precision": 0.6857142857142857,
        "recall": 0.7578947368421053,
        "f1-score": 0.7200000000000001,
        "support": 95
    },
    "projector": {
        "precision": 0.5701754385964912,
        "recall": 0.6989247311827957,
        "f1-score": 0.6280193236714976,
        "support": 93
    },
    "punchers": {
        "precision": 0.5185185185185185,
        "recall": 0.15053763440860216,
        "f1-score": 0.23333333333333336,
        "support": 93
    },
    "ring_binder": {
        "precision": 0.33613445378151263,
        "recall": 0.47058823529411764,
        "f1-score": 0.39215686274509803,
        "support": 85
    },
    "ruler": {
        "precision": 0.4673913043478261,
        "recall": 0.6142857142857143,
        "f1-score": 0.5308641975308642,
        "support": 70
    },
    "scissors": {
        "precision": 0.5352112676056338,
        "recall": 0.4,
        "f1-score": 0.4578313253012048,
        "support": 95
    },
    "speaker": {
        "precision": 0.5531914893617021,
        "recall": 0.2765957446808511,
        "f1-score": 0.36879432624113484,
        "support": 94
    },
    "stapler": {
        "precision": 0.4140625,
        "recall": 0.5638297872340425,
        "f1-score": 0.47747747747747743,
        "support": 94
    },
    "tape_dispenser": {
        "precision": 0.48148148148148145,
        "recall": 0.14285714285714285,
        "f1-score": 0.22033898305084745,
        "support": 91
    },
    "trash_can": {
        "precision": 0.6,
        "recall": 0.1016949152542373,
        "f1-score": 0.17391304347826086,
        "support": 59
    },
    "accuracy": 0.5946656649135988,
    "macro avg": {
        "precision": 0.6164138066468073,
        "recall": 0.5944555318699727,
        "f1-score": 0.5688801043884303,
        "support": 2662
    },
    "weighted avg": {
        "precision": 0.6197893979626566,
        "recall": 0.5946656649135988,
        "f1-score": 0.5706785669190867,
        "support": 2662
    }
}