{
    "back_pack": {
        "precision": 0.9841269841269841,
        "recall": 0.7126436781609196,
        "f1-score": 0.8266666666666668,
        "support": 87
    },
    "bike": {
        "precision": 0.9871794871794872,
        "recall": 1.0,
        "f1-score": 0.9935483870967742,
        "support": 77
    },
    "bike_helmet": {
        "precision": 0.95,
        "recall": 0.8507462686567164,
        "f1-score": 0.8976377952755905,
        "support": 67
    },
    "bookcase": {
        "precision": 0.6764705882352942,
        "recall": 0.2987012987012987,
        "f1-score": 0.4144144144144144,
        "support": 77
    },
    "bottle": {
        "precision": 0.5833333333333334,
        "recall": 0.45161290322580644,
        "f1-score": 0.509090909090909,
        "support": 31
    },
    "calculator": {
        "precision": 0.42424242424242425,
        "recall": 0.7865168539325843,
        "f1-score": 0.5511811023622049,
        "support": 89
    },
    "desk_chair": {
        "precision": 0.984375,
        "recall": 0.7325581395348837,
        "f1-score": 0.8400000000000001,
        "support": 86
    },
    "desk_lamp": {
        "precision": 0.8275862068965517,
        "recall": 0.5217391304347826,
        "f1-score": 0.64,
        "support": 92
    },
    "desktop_computer": {
        "precision": 0.15671641791044777,
        "recall": 0.22826086956521738,
        "f1-score": 0.18584070796460178,
        "support": 92
    },
    "file_cabinet": {
        "precision": 0.5694444444444444,
        "recall": 0.5394736842105263,
        "f1-score": 0.5540540540540541,
        "support": 76
    },
    "headphones": {
        "precision": 0.6721311475409836,
        "recall": 0.43617021276595747,
        "f1-score": 0.529032258064516,
        "support": 94
    },
    "keyboard": {
        "precision": 0.27631578947368424,
        "recall": 0.22105263157894736,
        "f1-score": 0.2456140350877193,
        "support": 95
    },
    "laptop_computer": {
        "precision": 0.3308550185873606,
        "recall": 0.9368421052631579,
        "f1-score": 0.489010989010989,
        "support": 95
    },
    "letter_tray": {
        "precision": 0.2898550724637681,
        "recall": 0.43010752688172044,
        "f1-score": 0.34632034632034636,
        "support": 93
    },
    "mobile_phone": {
        "precision": 0.4502923976608187,
        "recall": 0.8105263157894737,
        "f1-score": 0.5789473684210527,
        "support": 95
    },
    "monitor": {
        "precision": 0.5279503105590062,
        "recall": 0.9042553191489362,
        "f1-score": 0.6666666666666667,
        "support": 94
    },
    "mouse": {
        "precision": 0.8873239436619719,
        "recall": 0.6631578947368421,
        "f1-score": 0.7590361445783133,
        "support": 95
    },
    "mug": {
        "precision": 1.0,
        "recall": 0.797752808988764,
        "f1-score": 0.8875,
        "support": 89
    },
    "paper_notebook": {
        "precision": 0.3888888888888889,
        "recall": 0.07692307692307693,
        "f1-score": 0.12844036697247707,
        "support": 91
    },
    "pen": {
        "precision": 0.9583333333333334,
        "recall": 0.25555555555555554,
        "f1-score": 0.40350877192982454,
        "support": 90
    },
    "phone": {
        "precision": 0.7090909090909091,
        "recall": 0.4431818181818182,
        "f1-score": 0.5454545454545454,
        "support": 88
    },
    "printer": {
        "precision": 0.6222222222222222,
        "recall": 0.29473684210526313,
        "f1-score": 0.3999999999999999,
        "support": 95
    },
    "projector": {
        "precision": 0.41968911917098445,
        "recall": 0.8709677419354839,
        "f1-score": 0.5664335664335663,
        "support": 93
    },
    "punchers": {
        "precision": 0.21568627450980393,
        "recall": 0.11827956989247312,
        "f1-score": 0.1527777777777778,
        "support": 93
    },
    "ring_binder": {
        "precision": 0.21428571428571427,
        "recall": 0.03529411764705882,
        "f1-score": 0.0606060606060606,
        "support": 85
    },
    "ruler": {
        "precision": 0.47368421052631576,
        "recall": 0.12857142857142856,
        "f1-score": 0.20224719101123595,
        "support": 70
    },
    "scissors": {
        "precision": 0.7441860465116279,
        "recall": 0.3368421052631579,
        "f1-score": 0.46376811594202905,
        "support": 95
    },
    "speaker": {
        "precision": 0.12307692307692308,
        "recall": 0.0851063829787234,
        "f1-score": 0.10062893081761007,
        "support": 94
    },
    "stapler": {
        "precision": 0.18085106382978725,
        "recall": 0.18085106382978725,
        "f1-score": 0.18085106382978725,
        "support": 94
    },
    "tape_dispenser": {
        "precision": 0.22844827586206898,
        "recall": 0.5824175824175825,
        "f1-score": 0.3281733746130031,
        "support": 91
    },
    "trash_can": {
        "precision": 0.6153846153846154,
        "recall": 0.4067796610169492,
        "f1-score": 0.4897959183673469,
        "support": 59
    },
    "accuracy": 0.48760330578512395,
    "macro avg": {
        "precision": 0.563613747193863,
        "recall": 0.4883104705772545,
        "f1-score": 0.4818466944783898,
        "support": 2662
    },
    "weighted avg": {
        "precision": 0.5541680399817159,
        "recall": 0.48760330578512395,
        "f1-score": 0.47543359236533195,
        "support": 2662
    }
}