{
    "back_pack": {
        "precision": 1.0,
        "recall": 1.0,
        "f1-score": 1.0,
        "support": 24
    },
    "bike": {
        "precision": 1.0,
        "recall": 1.0,
        "f1-score": 1.0,
        "support": 16
    },
    "bike_helmet": {
        "precision": 1.0,
        "recall": 0.9130434782608695,
        "f1-score": 0.9545454545454545,
        "support": 23
    },
    "bookcase": {
        "precision": 0.8333333333333334,
        "recall": 0.7142857142857143,
        "f1-score": 0.7692307692307692,
        "support": 7
    },
    "bottle": {
        "precision": 1.0,
        "recall": 0.6363636363636364,
        "f1-score": 0.7777777777777778,
        "support": 11
    },
    "calculator": {
        "precision": 0.5294117647058824,
        "recall": 0.34615384615384615,
        "f1-score": 0.41860465116279066,
        "support": 26
    },
    "desk_chair": {
        "precision": 0.8974358974358975,
        "recall": 1.0,
        "f1-score": 0.945945945945946,
        "support": 35
    },
    "desk_lamp": {
        "precision": 0.39285714285714285,
        "recall": 0.8461538461538461,
        "f1-score": 0.5365853658536585,
        "support": 13
    },
    "desktop_computer": {
        "precision": 0.4,
        "recall": 0.375,
        "f1-score": 0.38709677419354843,
        "support": 16
    },
    "file_cabinet": {
        "precision": 0.5833333333333334,
        "recall": 1.0,
        "f1-score": 0.7368421052631579,
        "support": 14
    },
    "headphones": {
        "precision": 0.8,
        "recall": 0.7272727272727273,
        "f1-score": 0.761904761904762,
        "support": 22
    },
    "keyboard": {
        "precision": 0.6428571428571429,
        "recall": 0.8181818181818182,
        "f1-score": 0.7200000000000001,
        "support": 22
    },
    "laptop_computer": {
        "precision": 0.5348837209302325,
        "recall": 0.92,
        "f1-score": 0.6764705882352942,
        "support": 25
    },
    "letter_tray": {
        "precision": 0.42105263157894735,
        "recall": 0.5714285714285714,
        "f1-score": 0.48484848484848486,
        "support": 14
    },
    "mobile_phone": {
        "precision": 0.5,
        "recall": 0.12,
        "f1-score": 0.1935483870967742,
        "support": 25
    },
    "monitor": {
        "precision": 1.0,
        "recall": 0.34210526315789475,
        "f1-score": 0.5098039215686275,
        "support": 38
    },
    "mouse": {
        "precision": 0.7272727272727273,
        "recall": 0.96,
        "f1-score": 0.8275862068965517,
        "support": 25
    },
    "mug": {
        "precision": 0.8,
        "recall": 0.7272727272727273,
        "f1-score": 0.761904761904762,
        "support": 22
    },
    "paper_notebook": {
        "precision": 0.7586206896551724,
        "recall": 0.9565217391304348,
        "f1-score": 0.8461538461538461,
        "support": 23
    },
    "pen": {
        "precision": 0.896551724137931,
        "recall": 0.9629629629629629,
        "f1-score": 0.9285714285714286,
        "support": 27
    },
    "phone": {
        "precision": 0.45,
        "recall": 0.8181818181818182,
        "f1-score": 0.5806451612903226,
        "support": 11
    },
    "printer": {
        "precision": 0.42424242424242425,
        "recall": 0.9333333333333333,
        "f1-score": 0.5833333333333333,
        "support": 15
    },
    "projector": {
        "precision": 0.5,
        "recall": 0.68,
        "f1-score": 0.576271186440678,
        "support": 25
    },
    "punchers": {
        "precision": 0.9090909090909091,
        "recall": 0.45454545454545453,
        "f1-score": 0.6060606060606061,
        "support": 22
    },
    "ring_binder": {
        "precision": 0.9230769230769231,
        "recall": 0.34285714285714286,
        "f1-score": 0.5000000000000001,
        "support": 35
    },
    "ruler": {
        "precision": 0.5,
        "recall": 0.5,
        "f1-score": 0.5,
        "support": 6
    },
    "scissors": {
        "precision": 1.0,
        "recall": 1.0,
        "f1-score": 1.0,
        "support": 20
    },
    "speaker": {
        "precision": 0.6875,
        "recall": 0.44,
        "f1-score": 0.5365853658536586,
        "support": 25
    },
    "stapler": {
        "precision": 0.7058823529411765,
        "recall": 0.631578947368421,
        "f1-score": 0.6666666666666667,
        "support": 19
    },
    "tape_dispenser": {
        "precision": 1.0,
        "recall": 0.7222222222222222,
        "f1-score": 0.8387096774193548,
        "support": 18
    },
    "trash_can": {
        "precision": 0.5,
        "recall": 0.625,
        "f1-score": 0.5555555555555556,
        "support": 16
    },
    "accuracy": 0.7,
    "macro avg": {
        "precision": 0.719916216691909,
        "recall": 0.7124021048107562,
        "f1-score": 0.6832660897991553,
        "support": 640
    },
    "weighted avg": {
        "precision": 0.7489834002043636,
        "recall": 0.7,
        "f1-score": 0.6864265634904745,
        "support": 640
    }
}