{
    "back_pack": {
        "precision": 0.8024691358024691,
        "recall": 0.7471264367816092,
        "f1-score": 0.7738095238095237,
        "support": 87
    },
    "bike": {
        "precision": 0.95,
        "recall": 0.987012987012987,
        "f1-score": 0.9681528662420381,
        "support": 77
    },
    "bike_helmet": {
        "precision": 0.5742574257425742,
        "recall": 0.8656716417910447,
        "f1-score": 0.6904761904761905,
        "support": 67
    },
    "bookcase": {
        "precision": 0.4413793103448276,
        "recall": 0.8311688311688312,
        "f1-score": 0.5765765765765766,
        "support": 77
    },
    "bottle": {
        "precision": 0.5,
        "recall": 0.5161290322580645,
        "f1-score": 0.5079365079365079,
        "support": 31
    },
    "calculator": {
        "precision": 0.5658914728682171,
        "recall": 0.8202247191011236,
        "f1-score": 0.6697247706422018,
        "support": 89
    },
    "desk_chair": {
        "precision": 0.7238095238095238,
        "recall": 0.8837209302325582,
        "f1-score": 0.7958115183246074,
        "support": 86
    },
    "desk_lamp": {
        "precision": 0.7678571428571429,
        "recall": 0.4673913043478261,
        "f1-score": 0.5810810810810811,
        "support": 92
    },
    "desktop_computer": {
        "precision": 0.5,
        "recall": 0.25,
        "f1-score": 0.3333333333333333,
        "support": 92
    },
    "file_cabinet": {
        "precision": 0.39655172413793105,
        "recall": 0.6052631578947368,
        "f1-score": 0.47916666666666674,
        "support": 76
    },
    "headphones": {
        "precision": 0.7358490566037735,
        "recall": 0.8297872340425532,
        "f1-score": 0.78,
        "support": 94
    },
    "keyboard": {
        "precision": 0.76,
        "recall": 0.8,
        "f1-score": 0.7794871794871796,
        "support": 95
    },
    "laptop_computer": {
        "precision": 0.7916666666666666,
        "recall": 0.8,
        "f1-score": 0.7958115183246073,
        "support": 95
    },
    "letter_tray": {
        "precision": 0.7023809523809523,
        "recall": 0.6344086021505376,
        "f1-score": 0.6666666666666665,
        "support": 93
    },
    "mobile_phone": {
        "precision": 0.6492537313432836,
        "recall": 0.9157894736842105,
        "f1-score": 0.759825327510917,
        "support": 95
    },
    "monitor": {
        "precision": 0.7073170731707317,
        "recall": 0.925531914893617,
        "f1-score": 0.8018433179723502,
        "support": 94
    },
    "mouse": {
        "precision": 0.6060606060606061,
        "recall": 0.8421052631578947,
        "f1-score": 0.7048458149779736,
        "support": 95
    },
    "mug": {
        "precision": 0.9365079365079365,
        "recall": 0.6629213483146067,
        "f1-score": 0.7763157894736842,
        "support": 89
    },
    "paper_notebook": {
        "precision": 0.5066666666666667,
        "recall": 0.4175824175824176,
        "f1-score": 0.4578313253012049,
        "support": 91
    },
    "pen": {
        "precision": 0.5064935064935064,
        "recall": 0.43333333333333335,
        "f1-score": 0.46706586826347307,
        "support": 90
    },
    "phone": {
        "precision": 0.7625,
        "recall": 0.6931818181818182,
        "f1-score": 0.7261904761904763,
        "support": 88
    },
    "printer": {
        "precision": 0.7319587628865979,
        "recall": 0.7473684210526316,
        "f1-score": 0.7395833333333333,
        "support": 95
    },
    "projector": {
        "precision": 0.8,
        "recall": 0.6451612903225806,
        "f1-score": 0.7142857142857142,
        "support": 93
    },
    "punchers": {
        "precision": 0.4878048780487805,
        "recall": 0.21505376344086022,
        "f1-score": 0.29850746268656714,
        "support": 93
    },
    "ring_binder": {
        "precision": 0.5176470588235295,
        "recall": 0.5176470588235295,
        "f1-score": 0.5176470588235295,
        "support": 85
    },
    "ruler": {
        "precision": 0.5569620253164557,
        "recall": 0.6285714285714286,
        "f1-score": 0.5906040268456376,
        "support": 70
    },
    "scissors": {
        "precision": 0.43820224719101125,
        "recall": 0.4105263157894737,
        "f1-score": 0.42391304347826086,
        "support": 95
    },
    "speaker": {
        "precision": 0.5882352941176471,
        "recall": 0.425531914893617,
        "f1-score": 0.49382716049382713,
        "support": 94
    },
    "stapler": {
        "precision": 0.7142857142857143,
        "recall": 0.425531914893617,
        "f1-score": 0.5333333333333333,
        "support": 94
    },
    "tape_dispenser": {
        "precision": 0.5245901639344263,
        "recall": 0.3516483516483517,
        "f1-score": 0.42105263157894746,
        "support": 91
    },
    "trash_can": {
        "precision": 0.6,
        "recall": 0.5084745762711864,
        "f1-score": 0.5504587155963302,
        "support": 59
    },
    "accuracy": 0.6386175807663411,
    "macro avg": {
        "precision": 0.6402128411632573,
        "recall": 0.6388343703753887,
        "f1-score": 0.625005316119766,
        "support": 2662
    },
    "weighted avg": {
        "precision": 0.6459784813672362,
        "recall": 0.6386175807663411,
        "f1-score": 0.627519765594519,
        "support": 2662
    }
}