{
    "back_pack": {
        "precision": 1.0,
        "recall": 1.0,
        "f1-score": 1.0,
        "support": 7
    },
    "bike": {
        "precision": 1.0,
        "recall": 0.9375,
        "f1-score": 0.967741935483871,
        "support": 16
    },
    "bike_helmet": {
        "precision": 1.0,
        "recall": 0.8421052631578947,
        "f1-score": 0.9142857142857143,
        "support": 19
    },
    "bookcase": {
        "precision": 0.7,
        "recall": 1.0,
        "f1-score": 0.8235294117647058,
        "support": 7
    },
    "bottle": {
        "precision": 0.8461538461538461,
        "recall": 1.0,
        "f1-score": 0.9166666666666666,
        "support": 11
    },
    "calculator": {
        "precision": 0.6666666666666666,
        "recall": 0.5714285714285714,
        "f1-score": 0.6153846153846153,
        "support": 7
    },
    "desk_chair": {
        "precision": 1.0,
        "recall": 1.0,
        "f1-score": 1.0,
        "support": 8
    },
    "desk_lamp": {
        "precision": 1.0,
        "recall": 0.8888888888888888,
        "f1-score": 0.9411764705882353,
        "support": 9
    },
    "desktop_computer": {
        "precision": 0.4666666666666667,
        "recall": 0.7,
        "f1-score": 0.56,
        "support": 10
    },
    "file_cabinet": {
        "precision": 0.6666666666666666,
        "recall": 0.4,
        "f1-score": 0.5,
        "support": 10
    },
    "headphones": {
        "precision": 0.8,
        "recall": 1.0,
        "f1-score": 0.888888888888889,
        "support": 8
    },
    "keyboard": {
        "precision": 0.625,
        "recall": 1.0,
        "f1-score": 0.7692307692307693,
        "support": 5
    },
    "laptop_computer": {
        "precision": 1.0,
        "recall": 0.631578947368421,
        "f1-score": 0.7741935483870968,
        "support": 19
    },
    "letter_tray": {
        "precision": 1.0,
        "recall": 0.7272727272727273,
        "f1-score": 0.8421052631578948,
        "support": 11
    },
    "mobile_phone": {
        "precision": 0.8947368421052632,
        "recall": 0.6538461538461539,
        "f1-score": 0.7555555555555555,
        "support": 26
    },
    "monitor": {
        "precision": 0.8095238095238095,
        "recall": 1.0,
        "f1-score": 0.8947368421052632,
        "support": 17
    },
    "mouse": {
        "precision": 0.6,
        "recall": 0.8571428571428571,
        "f1-score": 0.7058823529411764,
        "support": 7
    },
    "mug": {
        "precision": 1.0,
        "recall": 1.0,
        "f1-score": 1.0,
        "support": 3
    },
    "paper_notebook": {
        "precision": 0.625,
        "recall": 1.0,
        "f1-score": 0.7692307692307693,
        "support": 5
    },
    "pen": {
        "precision": 0.14285714285714285,
        "recall": 0.2,
        "f1-score": 0.16666666666666666,
        "support": 5
    },
    "phone": {
        "precision": 1.0,
        "recall": 0.875,
        "f1-score": 0.9333333333333333,
        "support": 8
    },
    "printer": {
        "precision": 0.6153846153846154,
        "recall": 0.8,
        "f1-score": 0.6956521739130435,
        "support": 10
    },
    "projector": {
        "precision": 0.5714285714285714,
        "recall": 0.8888888888888888,
        "f1-score": 0.6956521739130435,
        "support": 18
    },
    "punchers": {
        "precision": 0.8461538461538461,
        "recall": 0.8461538461538461,
        "f1-score": 0.8461538461538461,
        "support": 13
    },
    "ring_binder": {
        "precision": 0.5714285714285714,
        "recall": 0.8,
        "f1-score": 0.6666666666666666,
        "support": 5
    },
    "ruler": {
        "precision": 0.4,
        "recall": 1.0,
        "f1-score": 0.5714285714285715,
        "support": 2
    },
    "scissors": {
        "precision": 0.8888888888888888,
        "recall": 0.6153846153846154,
        "f1-score": 0.7272727272727274,
        "support": 13
    },
    "speaker": {
        "precision": 1.0,
        "recall": 0.7142857142857143,
        "f1-score": 0.8333333333333333,
        "support": 21
    },
    "stapler": {
        "precision": 0.3684210526315789,
        "recall": 0.4375,
        "f1-score": 0.39999999999999997,
        "support": 16
    },
    "tape_dispenser": {
        "precision": 0.9,
        "recall": 0.5294117647058824,
        "f1-score": 0.6666666666666667,
        "support": 17
    },
    "trash_can": {
        "precision": 1.0,
        "recall": 0.7,
        "f1-score": 0.8235294117647058,
        "support": 10
    },
    "accuracy": 0.7667638483965015,
    "macro avg": {
        "precision": 0.7743541027921333,
        "recall": 0.7940770399524021,
        "f1-score": 0.7633859475736718,
        "support": 343
    },
    "weighted avg": {
        "precision": 0.8152887357812936,
        "recall": 0.7667638483965015,
        "f1-score": 0.7721039209838408,
        "support": 343
    }
}