{
    "back_pack": {
        "precision": 0.47560975609756095,
        "recall": 0.896551724137931,
        "f1-score": 0.6215139442231076,
        "support": 87
    },
    "bike": {
        "precision": 0.9733333333333334,
        "recall": 0.948051948051948,
        "f1-score": 0.9605263157894737,
        "support": 77
    },
    "bike_helmet": {
        "precision": 0.6973684210526315,
        "recall": 0.7910447761194029,
        "f1-score": 0.7412587412587412,
        "support": 67
    },
    "bookcase": {
        "precision": 0.6623376623376623,
        "recall": 0.6623376623376623,
        "f1-score": 0.6623376623376623,
        "support": 77
    },
    "bottle": {
        "precision": 0.7,
        "recall": 0.45161290322580644,
        "f1-score": 0.5490196078431372,
        "support": 31
    },
    "calculator": {
        "precision": 0.7358490566037735,
        "recall": 0.8764044943820225,
        "f1-score": 0.8,
        "support": 89
    },
    "desk_chair": {
        "precision": 0.5170068027210885,
        "recall": 0.8837209302325582,
        "f1-score": 0.6523605150214593,
        "support": 86
    },
    "desk_lamp": {
        "precision": 0.5813953488372093,
        "recall": 0.2717391304347826,
        "f1-score": 0.37037037037037035,
        "support": 92
    },
    "desktop_computer": {
        "precision": 0.3235294117647059,
        "recall": 0.11956521739130435,
        "f1-score": 0.17460317460317462,
        "support": 92
    },
    "file_cabinet": {
        "precision": 0.5909090909090909,
        "recall": 0.34210526315789475,
        "f1-score": 0.43333333333333335,
        "support": 76
    },
    "headphones": {
        "precision": 0.8876404494382022,
        "recall": 0.8404255319148937,
        "f1-score": 0.8633879781420766,
        "support": 94
    },
    "keyboard": {
        "precision": 0.8723404255319149,
        "recall": 0.8631578947368421,
        "f1-score": 0.8677248677248677,
        "support": 95
    },
    "laptop_computer": {
        "precision": 0.4696132596685083,
        "recall": 0.8947368421052632,
        "f1-score": 0.6159420289855072,
        "support": 95
    },
    "letter_tray": {
        "precision": 0.8169014084507042,
        "recall": 0.6236559139784946,
        "f1-score": 0.7073170731707317,
        "support": 93
    },
    "mobile_phone": {
        "precision": 0.8658536585365854,
        "recall": 0.7473684210526316,
        "f1-score": 0.8022598870056497,
        "support": 95
    },
    "monitor": {
        "precision": 0.7391304347826086,
        "recall": 0.9042553191489362,
        "f1-score": 0.8133971291866029,
        "support": 94
    },
    "mouse": {
        "precision": 0.6637931034482759,
        "recall": 0.8105263157894737,
        "f1-score": 0.7298578199052133,
        "support": 95
    },
    "mug": {
        "precision": 0.7692307692307693,
        "recall": 0.33707865168539325,
        "f1-score": 0.46875,
        "support": 89
    },
    "paper_notebook": {
        "precision": 0.3380281690140845,
        "recall": 0.26373626373626374,
        "f1-score": 0.29629629629629634,
        "support": 91
    },
    "pen": {
        "precision": 0.3333333333333333,
        "recall": 0.5333333333333333,
        "f1-score": 0.4102564102564102,
        "support": 90
    },
    "phone": {
        "precision": 0.7761194029850746,
        "recall": 0.5909090909090909,
        "f1-score": 0.6709677419354839,
        "support": 88
    },
    "printer": {
        "precision": 0.6714285714285714,
        "recall": 0.49473684210526314,
        "f1-score": 0.5696969696969696,
        "support": 95
    },
    "projector": {
        "precision": 0.7052631578947368,
        "recall": 0.7204301075268817,
        "f1-score": 0.7127659574468086,
        "support": 93
    },
    "punchers": {
        "precision": 0.3698630136986301,
        "recall": 0.2903225806451613,
        "f1-score": 0.3253012048192771,
        "support": 93
    },
    "ring_binder": {
        "precision": 0.5666666666666667,
        "recall": 0.2,
        "f1-score": 0.29565217391304355,
        "support": 85
    },
    "ruler": {
        "precision": 0.5483870967741935,
        "recall": 0.4857142857142857,
        "f1-score": 0.5151515151515151,
        "support": 70
    },
    "scissors": {
        "precision": 0.35384615384615387,
        "recall": 0.24210526315789474,
        "f1-score": 0.28750000000000003,
        "support": 95
    },
    "speaker": {
        "precision": 0.45454545454545453,
        "recall": 0.5319148936170213,
        "f1-score": 0.4901960784313725,
        "support": 94
    },
    "stapler": {
        "precision": 0.37349397590361444,
        "recall": 0.32978723404255317,
        "f1-score": 0.35028248587570615,
        "support": 94
    },
    "tape_dispenser": {
        "precision": 0.3194444444444444,
        "recall": 0.25274725274725274,
        "f1-score": 0.2822085889570552,
        "support": 91
    },
    "trash_can": {
        "precision": 0.20408163265306123,
        "recall": 0.5084745762711864,
        "f1-score": 0.2912621359223301,
        "support": 59
    },
    "accuracy": 0.572877535687453,
    "macro avg": {
        "precision": 0.5921401118042787,
        "recall": 0.5712435697964331,
        "f1-score": 0.5590805808904316,
        "support": 2662
    },
    "weighted avg": {
        "precision": 0.5920218741686731,
        "recall": 0.572877535687453,
        "f1-score": 0.5603581122697668,
        "support": 2662
    }
}