{
    "back_pack": {
        "precision": 0.8888888888888888,
        "recall": 1.0,
        "f1-score": 0.9411764705882353,
        "support": 24
    },
    "bike": {
        "precision": 1.0,
        "recall": 1.0,
        "f1-score": 1.0,
        "support": 16
    },
    "bike_helmet": {
        "precision": 1.0,
        "recall": 0.9130434782608695,
        "f1-score": 0.9545454545454545,
        "support": 23
    },
    "bookcase": {
        "precision": 1.0,
        "recall": 1.0,
        "f1-score": 1.0,
        "support": 7
    },
    "bottle": {
        "precision": 1.0,
        "recall": 1.0,
        "f1-score": 1.0,
        "support": 11
    },
    "calculator": {
        "precision": 0.7878787878787878,
        "recall": 1.0,
        "f1-score": 0.8813559322033898,
        "support": 26
    },
    "desk_chair": {
        "precision": 0.9459459459459459,
        "recall": 1.0,
        "f1-score": 0.9722222222222222,
        "support": 35
    },
    "desk_lamp": {
        "precision": 0.9285714285714286,
        "recall": 1.0,
        "f1-score": 0.962962962962963,
        "support": 13
    },
    "desktop_computer": {
        "precision": 1.0,
        "recall": 0.875,
        "f1-score": 0.9333333333333333,
        "support": 16
    },
    "file_cabinet": {
        "precision": 0.9333333333333333,
        "recall": 1.0,
        "f1-score": 0.9655172413793104,
        "support": 14
    },
    "headphones": {
        "precision": 1.0,
        "recall": 1.0,
        "f1-score": 1.0,
        "support": 22
    },
    "keyboard": {
        "precision": 1.0,
        "recall": 0.8636363636363636,
        "f1-score": 0.9268292682926829,
        "support": 22
    },
    "laptop_computer": {
        "precision": 1.0,
        "recall": 0.84,
        "f1-score": 0.9130434782608696,
        "support": 25
    },
    "letter_tray": {
        "precision": 1.0,
        "recall": 1.0,
        "f1-score": 1.0,
        "support": 14
    },
    "mobile_phone": {
        "precision": 0.6923076923076923,
        "recall": 0.72,
        "f1-score": 0.7058823529411765,
        "support": 25
    },
    "monitor": {
        "precision": 0.9722222222222222,
        "recall": 0.9210526315789473,
        "f1-score": 0.9459459459459458,
        "support": 38
    },
    "mouse": {
        "precision": 0.92,
        "recall": 0.92,
        "f1-score": 0.92,
        "support": 25
    },
    "mug": {
        "precision": 1.0,
        "recall": 1.0,
        "f1-score": 1.0,
        "support": 22
    },
    "paper_notebook": {
        "precision": 0.7666666666666667,
        "recall": 1.0,
        "f1-score": 0.8679245283018869,
        "support": 23
    },
    "pen": {
        "precision": 0.8148148148148148,
        "recall": 0.8148148148148148,
        "f1-score": 0.8148148148148148,
        "support": 27
    },
    "phone": {
        "precision": 1.0,
        "recall": 0.9090909090909091,
        "f1-score": 0.9523809523809523,
        "support": 11
    },
    "printer": {
        "precision": 0.9333333333333333,
        "recall": 0.9333333333333333,
        "f1-score": 0.9333333333333333,
        "support": 15
    },
    "projector": {
        "precision": 0.9,
        "recall": 0.72,
        "f1-score": 0.7999999999999999,
        "support": 25
    },
    "punchers": {
        "precision": 0.8823529411764706,
        "recall": 0.6818181818181818,
        "f1-score": 0.7692307692307693,
        "support": 22
    },
    "ring_binder": {
        "precision": 0.9411764705882353,
        "recall": 0.9142857142857143,
        "f1-score": 0.9275362318840579,
        "support": 35
    },
    "ruler": {
        "precision": 0.2857142857142857,
        "recall": 0.6666666666666666,
        "f1-score": 0.4,
        "support": 6
    },
    "scissors": {
        "precision": 0.9444444444444444,
        "recall": 0.85,
        "f1-score": 0.8947368421052632,
        "support": 20
    },
    "speaker": {
        "precision": 0.9259259259259259,
        "recall": 1.0,
        "f1-score": 0.9615384615384615,
        "support": 25
    },
    "stapler": {
        "precision": 0.8666666666666667,
        "recall": 0.6842105263157895,
        "f1-score": 0.7647058823529413,
        "support": 19
    },
    "tape_dispenser": {
        "precision": 0.7647058823529411,
        "recall": 0.7222222222222222,
        "f1-score": 0.7428571428571428,
        "support": 18
    },
    "trash_can": {
        "precision": 1.0,
        "recall": 1.0,
        "f1-score": 1.0,
        "support": 16
    },
    "accuracy": 0.9015625,
    "macro avg": {
        "precision": 0.9062887009945834,
        "recall": 0.9015862852265748,
        "f1-score": 0.8984475361766195,
        "support": 640
    },
    "weighted avg": {
        "precision": 0.913727330822919,
        "recall": 0.9015625,
        "f1-score": 0.9036305937596584,
        "support": 640
    }
}