{
    "0": {
        "precision": 0.8369734789391575,
        "recall": 0.9781221513217867,
        "f1-score": 0.9020596889449348,
        "support": 1097
    },
    "1": {
        "precision": 0.8659112370160529,
        "recall": 0.8359161349134002,
        "f1-score": 0.8506493506493505,
        "support": 1097
    },
    "2": {
        "precision": 0.8337975858867224,
        "recall": 0.8185961713764813,
        "f1-score": 0.8261269549218032,
        "support": 1097
    },
    "3": {
        "precision": 0.5493300852618758,
        "recall": 0.8222424794895169,
        "f1-score": 0.6586345381526104,
        "support": 1097
    },
    "4": {
        "precision": 0.9377682403433476,
        "recall": 0.796718322698268,
        "f1-score": 0.8615081320847708,
        "support": 1097
    },
    "5": {
        "precision": 0.7107142857142857,
        "recall": 0.3628076572470374,
        "f1-score": 0.4803862401931201,
        "support": 1097
    },
    "6": {
        "precision": 0.9208381839348079,
        "recall": 0.7210574293527803,
        "f1-score": 0.8087934560327198,
        "support": 1097
    },
    "7": {
        "precision": 0.8748928877463582,
        "recall": 0.9307201458523245,
        "f1-score": 0.9019434628975266,
        "support": 1097
    },
    "8": {
        "precision": 0.6686217008797654,
        "recall": 0.8313582497721057,
        "f1-score": 0.7411621292157659,
        "support": 1097
    },
    "9": {
        "precision": 0.8249027237354085,
        "recall": 0.773017319963537,
        "f1-score": 0.7981176470588235,
        "support": 1097
    },
    "accuracy": 0.7870556061987238,
    "macro avg": {
        "precision": 0.8023750409457782,
        "recall": 0.787055606198724,
        "f1-score": 0.7829381600151427,
        "support": 10970
    },
    "weighted avg": {
        "precision": 0.802375040945778,
        "recall": 0.7870556061987238,
        "f1-score": 0.7829381600151425,
        "support": 10970
    }
}