{
    "0": {
        "precision": 0.9777227722772277,
        "recall": 0.992462311557789,
        "f1-score": 0.9850374064837906,
        "support": 1194
    },
    "1": {
        "precision": 0.9804305283757339,
        "recall": 0.9970149253731343,
        "f1-score": 0.9886531820424272,
        "support": 1005
    },
    "2": {
        "precision": 0.9552238805970149,
        "recall": 0.8755129958960328,
        "f1-score": 0.9136331192005709,
        "support": 731
    },
    "3": {
        "precision": 0.9310344827586207,
        "recall": 0.9848024316109423,
        "f1-score": 0.9571639586410636,
        "support": 658
    },
    "4": {
        "precision": 0.9544658493870403,
        "recall": 0.8358895705521472,
        "f1-score": 0.8912510220768602,
        "support": 652
    },
    "5": {
        "precision": 0.8837209302325582,
        "recall": 0.8201438848920863,
        "f1-score": 0.8507462686567164,
        "support": 556
    },
    "6": {
        "precision": 0.9700149925037481,
        "recall": 0.9743975903614458,
        "f1-score": 0.9722013523666416,
        "support": 664
    },
    "7": {
        "precision": 0.8561736770691994,
        "recall": 0.9782945736434109,
        "f1-score": 0.9131693198263386,
        "support": 645
    },
    "8": {
        "precision": 0.9737335834896811,
        "recall": 0.9575645756457565,
        "f1-score": 0.9655813953488371,
        "support": 542
    },
    "9": {
        "precision": 0.8575712143928036,
        "recall": 0.8881987577639752,
        "f1-score": 0.8726163234172388,
        "support": 644
    },
    "accuracy": 0.938828692909066,
    "macro avg": {
        "precision": 0.9340091911083628,
        "recall": 0.930428161729672,
        "f1-score": 0.9310053348060485,
        "support": 7291
    },
    "weighted avg": {
        "precision": 0.9400144053696833,
        "recall": 0.938828692909066,
        "f1-score": 0.9383304534086107,
        "support": 7291
    }
}