{
    "0": {
        "precision": 0.09236518953550454,
        "recall": 0.09919724770642202,
        "f1-score": 0.09565938623168373,
        "support": 1744
    },
    "1": {
        "precision": 0.2107547514619883,
        "recall": 0.9046871935673662,
        "f1-score": 0.3418683069626116,
        "support": 5099
    },
    "2": {
        "precision": 0.7777777777777778,
        "recall": 0.0016871535309713184,
        "f1-score": 0.003367003367003367,
        "support": 4149
    },
    "3": {
        "precision": 1.0,
        "recall": 0.0024288688410825814,
        "f1-score": 0.004845967462789893,
        "support": 2882
    },
    "4": {
        "precision": 0.3865546218487395,
        "recall": 0.0364645263575109,
        "f1-score": 0.06664252082578775,
        "support": 2523
    },
    "5": {
        "precision": 0.72,
        "recall": 0.007550335570469799,
        "f1-score": 0.0149439601494396,
        "support": 2384
    },
    "6": {
        "precision": 0.19014084507042253,
        "recall": 0.0409711684370258,
        "f1-score": 0.06741573033707865,
        "support": 1977
    },
    "7": {
        "precision": 0.24872057318321392,
        "recall": 0.12035661218424963,
        "f1-score": 0.16221628838451269,
        "support": 2019
    },
    "8": {
        "precision": 0.12844036697247707,
        "recall": 0.04216867469879518,
        "f1-score": 0.06349206349206349,
        "support": 1660
    },
    "9": {
        "precision": 0.3409090909090909,
        "recall": 0.009404388714733543,
        "f1-score": 0.018303843807199512,
        "support": 1595
    },
    "accuracy": 0.20432544560540872,
    "macro avg": {
        "precision": 0.4095663216759215,
        "recall": 0.1264916169608627,
        "f1-score": 0.08387550710201704,
        "support": 26032
    },
    "weighted avg": {
        "precision": 0.44835268040544,
        "recall": 0.20432544560540872,
        "f1-score": 0.10514385235178401,
        "support": 26032
    }
}