{
    "back_pack": {
        "precision": 0.9666666666666667,
        "recall": 0.6666666666666666,
        "f1-score": 0.7891156462585033,
        "support": 87
    },
    "bike": {
        "precision": 0.8105263157894737,
        "recall": 1.0,
        "f1-score": 0.8953488372093024,
        "support": 77
    },
    "bike_helmet": {
        "precision": 0.6875,
        "recall": 0.8208955223880597,
        "f1-score": 0.7482993197278912,
        "support": 67
    },
    "bookcase": {
        "precision": 0.4626865671641791,
        "recall": 0.8051948051948052,
        "f1-score": 0.5876777251184835,
        "support": 77
    },
    "bottle": {
        "precision": 0.34782608695652173,
        "recall": 0.5161290322580645,
        "f1-score": 0.4155844155844156,
        "support": 31
    },
    "calculator": {
        "precision": 0.7155172413793104,
        "recall": 0.9325842696629213,
        "f1-score": 0.8097560975609756,
        "support": 89
    },
    "desk_chair": {
        "precision": 0.6952380952380952,
        "recall": 0.8488372093023255,
        "f1-score": 0.7643979057591622,
        "support": 86
    },
    "desk_lamp": {
        "precision": 0.8461538461538461,
        "recall": 0.4782608695652174,
        "f1-score": 0.6111111111111112,
        "support": 92
    },
    "desktop_computer": {
        "precision": 0.5,
        "recall": 0.15217391304347827,
        "f1-score": 0.23333333333333334,
        "support": 92
    },
    "file_cabinet": {
        "precision": 0.6415094339622641,
        "recall": 0.4473684210526316,
        "f1-score": 0.5271317829457365,
        "support": 76
    },
    "headphones": {
        "precision": 0.8125,
        "recall": 0.8297872340425532,
        "f1-score": 0.8210526315789474,
        "support": 94
    },
    "keyboard": {
        "precision": 0.7304347826086957,
        "recall": 0.8842105263157894,
        "f1-score": 0.8,
        "support": 95
    },
    "laptop_computer": {
        "precision": 0.7256637168141593,
        "recall": 0.8631578947368421,
        "f1-score": 0.7884615384615384,
        "support": 95
    },
    "letter_tray": {
        "precision": 0.3492063492063492,
        "recall": 0.7096774193548387,
        "f1-score": 0.4680851063829788,
        "support": 93
    },
    "mobile_phone": {
        "precision": 0.9,
        "recall": 0.8526315789473684,
        "f1-score": 0.8756756756756757,
        "support": 95
    },
    "monitor": {
        "precision": 0.7058823529411765,
        "recall": 0.8936170212765957,
        "f1-score": 0.7887323943661972,
        "support": 94
    },
    "mouse": {
        "precision": 0.5625,
        "recall": 0.8526315789473684,
        "f1-score": 0.6778242677824268,
        "support": 95
    },
    "mug": {
        "precision": 0.7236842105263158,
        "recall": 0.6179775280898876,
        "f1-score": 0.6666666666666666,
        "support": 89
    },
    "paper_notebook": {
        "precision": 0.5096153846153846,
        "recall": 0.5824175824175825,
        "f1-score": 0.5435897435897435,
        "support": 91
    },
    "pen": {
        "precision": 0.47959183673469385,
        "recall": 0.5222222222222223,
        "f1-score": 0.5,
        "support": 90
    },
    "phone": {
        "precision": 0.8142857142857143,
        "recall": 0.6477272727272727,
        "f1-score": 0.7215189873417721,
        "support": 88
    },
    "printer": {
        "precision": 0.7333333333333333,
        "recall": 0.6947368421052632,
        "f1-score": 0.7135135135135134,
        "support": 95
    },
    "projector": {
        "precision": 0.6017699115044248,
        "recall": 0.7311827956989247,
        "f1-score": 0.6601941747572816,
        "support": 93
    },
    "punchers": {
        "precision": 0.19148936170212766,
        "recall": 0.0967741935483871,
        "f1-score": 0.1285714285714286,
        "support": 93
    },
    "ring_binder": {
        "precision": 0.6666666666666666,
        "recall": 0.2823529411764706,
        "f1-score": 0.39669421487603307,
        "support": 85
    },
    "ruler": {
        "precision": 0.3006993006993007,
        "recall": 0.6142857142857143,
        "f1-score": 0.40375586854460094,
        "support": 70
    },
    "scissors": {
        "precision": 0.5,
        "recall": 0.16842105263157894,
        "f1-score": 0.25196850393700787,
        "support": 95
    },
    "speaker": {
        "precision": 0.6785714285714286,
        "recall": 0.20212765957446807,
        "f1-score": 0.3114754098360656,
        "support": 94
    },
    "stapler": {
        "precision": 0.4144144144144144,
        "recall": 0.48936170212765956,
        "f1-score": 0.44878048780487806,
        "support": 94
    },
    "tape_dispenser": {
        "precision": 0.65,
        "recall": 0.14285714285714285,
        "f1-score": 0.23423423423423423,
        "support": 91
    },
    "trash_can": {
        "precision": 0.3898305084745763,
        "recall": 0.3898305084745763,
        "f1-score": 0.3898305084745763,
        "support": 59
    },
    "accuracy": 0.6051840721262209,
    "macro avg": {
        "precision": 0.6165730169809392,
        "recall": 0.6043902942158927,
        "f1-score": 0.5797542429356285,
        "support": 2662
    },
    "weighted avg": {
        "precision": 0.6260988881339995,
        "recall": 0.6051840721262209,
        "f1-score": 0.5841065722479398,
        "support": 2662
    }
}