{
    "back_pack": {
        "precision": 0.8,
        "recall": 0.735632183908046,
        "f1-score": 0.7664670658682634,
        "support": 87
    },
    "bike": {
        "precision": 0.8555555555555555,
        "recall": 1.0,
        "f1-score": 0.9221556886227544,
        "support": 77
    },
    "bike_helmet": {
        "precision": 0.7397260273972602,
        "recall": 0.8059701492537313,
        "f1-score": 0.7714285714285715,
        "support": 67
    },
    "bookcase": {
        "precision": 0.3727810650887574,
        "recall": 0.8181818181818182,
        "f1-score": 0.5121951219512195,
        "support": 77
    },
    "bottle": {
        "precision": 0.40540540540540543,
        "recall": 0.4838709677419355,
        "f1-score": 0.4411764705882353,
        "support": 31
    },
    "calculator": {
        "precision": 0.7215189873417721,
        "recall": 0.6404494382022472,
        "f1-score": 0.6785714285714286,
        "support": 89
    },
    "desk_chair": {
        "precision": 0.8222222222222222,
        "recall": 0.8604651162790697,
        "f1-score": 0.8409090909090908,
        "support": 86
    },
    "desk_lamp": {
        "precision": 0.6833333333333333,
        "recall": 0.44565217391304346,
        "f1-score": 0.5394736842105263,
        "support": 92
    },
    "desktop_computer": {
        "precision": 0.4807692307692308,
        "recall": 0.2717391304347826,
        "f1-score": 0.34722222222222227,
        "support": 92
    },
    "file_cabinet": {
        "precision": 0.422680412371134,
        "recall": 0.5394736842105263,
        "f1-score": 0.47398843930635837,
        "support": 76
    },
    "headphones": {
        "precision": 0.6747967479674797,
        "recall": 0.8829787234042553,
        "f1-score": 0.7649769585253458,
        "support": 94
    },
    "keyboard": {
        "precision": 0.8041237113402062,
        "recall": 0.8210526315789474,
        "f1-score": 0.8125,
        "support": 95
    },
    "laptop_computer": {
        "precision": 0.6929824561403509,
        "recall": 0.8315789473684211,
        "f1-score": 0.7559808612440191,
        "support": 95
    },
    "letter_tray": {
        "precision": 0.6542056074766355,
        "recall": 0.7526881720430108,
        "f1-score": 0.7,
        "support": 93
    },
    "mobile_phone": {
        "precision": 0.7327586206896551,
        "recall": 0.8947368421052632,
        "f1-score": 0.8056872037914692,
        "support": 95
    },
    "monitor": {
        "precision": 0.794392523364486,
        "recall": 0.9042553191489362,
        "f1-score": 0.845771144278607,
        "support": 94
    },
    "mouse": {
        "precision": 0.6201550387596899,
        "recall": 0.8421052631578947,
        "f1-score": 0.7142857142857142,
        "support": 95
    },
    "mug": {
        "precision": 0.8695652173913043,
        "recall": 0.6741573033707865,
        "f1-score": 0.759493670886076,
        "support": 89
    },
    "paper_notebook": {
        "precision": 0.6666666666666666,
        "recall": 0.4175824175824176,
        "f1-score": 0.5135135135135136,
        "support": 91
    },
    "pen": {
        "precision": 0.40869565217391307,
        "recall": 0.5222222222222223,
        "f1-score": 0.45853658536585373,
        "support": 90
    },
    "phone": {
        "precision": 0.7875,
        "recall": 0.7159090909090909,
        "f1-score": 0.7500000000000001,
        "support": 88
    },
    "printer": {
        "precision": 0.8636363636363636,
        "recall": 0.6,
        "f1-score": 0.7080745341614907,
        "support": 95
    },
    "projector": {
        "precision": 0.6448598130841121,
        "recall": 0.7419354838709677,
        "f1-score": 0.69,
        "support": 93
    },
    "punchers": {
        "precision": 0.3333333333333333,
        "recall": 0.17204301075268819,
        "f1-score": 0.22695035460992907,
        "support": 93
    },
    "ring_binder": {
        "precision": 0.7450980392156863,
        "recall": 0.4470588235294118,
        "f1-score": 0.5588235294117647,
        "support": 85
    },
    "ruler": {
        "precision": 0.6029411764705882,
        "recall": 0.5857142857142857,
        "f1-score": 0.5942028985507247,
        "support": 70
    },
    "scissors": {
        "precision": 0.4146341463414634,
        "recall": 0.35789473684210527,
        "f1-score": 0.384180790960452,
        "support": 95
    },
    "speaker": {
        "precision": 0.48,
        "recall": 0.5106382978723404,
        "f1-score": 0.49484536082474223,
        "support": 94
    },
    "stapler": {
        "precision": 0.4673913043478261,
        "recall": 0.4574468085106383,
        "f1-score": 0.4623655913978495,
        "support": 94
    },
    "tape_dispenser": {
        "precision": 0.6,
        "recall": 0.2967032967032967,
        "f1-score": 0.3970588235294118,
        "support": 91
    },
    "trash_can": {
        "precision": 0.5,
        "recall": 0.5254237288135594,
        "f1-score": 0.5123966942148761,
        "support": 59
    },
    "accuracy": 0.6322314049586777,
    "macro avg": {
        "precision": 0.6342493115446591,
        "recall": 0.6308245183105077,
        "f1-score": 0.6194590972009841,
        "support": 2662
    },
    "weighted avg": {
        "precision": 0.6406452348022804,
        "recall": 0.6322314049586777,
        "f1-score": 0.6231340476153491,
        "support": 2662
    }
}