{
    "back_pack": {
        "precision": 1.0,
        "recall": 0.6551724137931034,
        "f1-score": 0.7916666666666666,
        "support": 87
    },
    "bike": {
        "precision": 0.9746835443037974,
        "recall": 1.0,
        "f1-score": 0.9871794871794872,
        "support": 77
    },
    "bike_helmet": {
        "precision": 0.9230769230769231,
        "recall": 0.8955223880597015,
        "f1-score": 0.9090909090909091,
        "support": 67
    },
    "bookcase": {
        "precision": 0.6210526315789474,
        "recall": 0.7662337662337663,
        "f1-score": 0.686046511627907,
        "support": 77
    },
    "bottle": {
        "precision": 0.5909090909090909,
        "recall": 0.41935483870967744,
        "f1-score": 0.4905660377358491,
        "support": 31
    },
    "calculator": {
        "precision": 0.48201438848920863,
        "recall": 0.7528089887640449,
        "f1-score": 0.587719298245614,
        "support": 89
    },
    "desk_chair": {
        "precision": 0.8735632183908046,
        "recall": 0.8837209302325582,
        "f1-score": 0.8786127167630059,
        "support": 86
    },
    "desk_lamp": {
        "precision": 0.6944444444444444,
        "recall": 0.5434782608695652,
        "f1-score": 0.6097560975609756,
        "support": 92
    },
    "desktop_computer": {
        "precision": 0.2923076923076923,
        "recall": 0.20652173913043478,
        "f1-score": 0.24203821656050958,
        "support": 92
    },
    "file_cabinet": {
        "precision": 0.6865671641791045,
        "recall": 0.6052631578947368,
        "f1-score": 0.6433566433566432,
        "support": 76
    },
    "headphones": {
        "precision": 0.7362637362637363,
        "recall": 0.7127659574468085,
        "f1-score": 0.7243243243243244,
        "support": 94
    },
    "keyboard": {
        "precision": 0.6461538461538462,
        "recall": 0.8842105263157894,
        "f1-score": 0.7466666666666666,
        "support": 95
    },
    "laptop_computer": {
        "precision": 0.6590909090909091,
        "recall": 0.9157894736842105,
        "f1-score": 0.7665198237885463,
        "support": 95
    },
    "letter_tray": {
        "precision": 0.5797101449275363,
        "recall": 0.43010752688172044,
        "f1-score": 0.49382716049382724,
        "support": 93
    },
    "mobile_phone": {
        "precision": 0.34782608695652173,
        "recall": 0.5052631578947369,
        "f1-score": 0.41201716738197425,
        "support": 95
    },
    "monitor": {
        "precision": 0.5512820512820513,
        "recall": 0.9148936170212766,
        "f1-score": 0.688,
        "support": 94
    },
    "mouse": {
        "precision": 0.7238095238095238,
        "recall": 0.8,
        "f1-score": 0.76,
        "support": 95
    },
    "mug": {
        "precision": 0.925,
        "recall": 0.8314606741573034,
        "f1-score": 0.8757396449704142,
        "support": 89
    },
    "paper_notebook": {
        "precision": 0.5490196078431373,
        "recall": 0.6153846153846154,
        "f1-score": 0.5803108808290155,
        "support": 91
    },
    "pen": {
        "precision": 0.7702702702702703,
        "recall": 0.6333333333333333,
        "f1-score": 0.6951219512195123,
        "support": 90
    },
    "phone": {
        "precision": 0.5333333333333333,
        "recall": 0.45454545454545453,
        "f1-score": 0.49079754601226994,
        "support": 88
    },
    "printer": {
        "precision": 0.8105263157894737,
        "recall": 0.8105263157894737,
        "f1-score": 0.8105263157894737,
        "support": 95
    },
    "projector": {
        "precision": 0.73,
        "recall": 0.7849462365591398,
        "f1-score": 0.7564766839378239,
        "support": 93
    },
    "punchers": {
        "precision": 0.29577464788732394,
        "recall": 0.22580645161290322,
        "f1-score": 0.25609756097560976,
        "support": 93
    },
    "ring_binder": {
        "precision": 0.3804347826086957,
        "recall": 0.4117647058823529,
        "f1-score": 0.3954802259887006,
        "support": 85
    },
    "ruler": {
        "precision": 0.8461538461538461,
        "recall": 0.3142857142857143,
        "f1-score": 0.45833333333333337,
        "support": 70
    },
    "scissors": {
        "precision": 0.6451612903225806,
        "recall": 0.42105263157894735,
        "f1-score": 0.5095541401273885,
        "support": 95
    },
    "speaker": {
        "precision": 0.23529411764705882,
        "recall": 0.2978723404255319,
        "f1-score": 0.2629107981220657,
        "support": 94
    },
    "stapler": {
        "precision": 0.379746835443038,
        "recall": 0.3191489361702128,
        "f1-score": 0.34682080924855496,
        "support": 94
    },
    "tape_dispenser": {
        "precision": 0.41379310344827586,
        "recall": 0.3956043956043956,
        "f1-score": 0.4044943820224719,
        "support": 91
    },
    "trash_can": {
        "precision": 0.6129032258064516,
        "recall": 0.3220338983050847,
        "f1-score": 0.4222222222222223,
        "support": 59
    },
    "accuracy": 0.608564988730278,
    "macro avg": {
        "precision": 0.629360218474762,
        "recall": 0.6041571756956964,
        "f1-score": 0.6026540071690889,
        "support": 2662
    },
    "weighted avg": {
        "precision": 0.6225382670123051,
        "recall": 0.608564988730278,
        "f1-score": 0.6023846892148151,
        "support": 2662
    }
}