{
    "back_pack": {
        "precision": 1.0,
        "recall": 1.0,
        "f1-score": 1.0,
        "support": 7
    },
    "bike": {
        "precision": 1.0,
        "recall": 1.0,
        "f1-score": 1.0,
        "support": 16
    },
    "bike_helmet": {
        "precision": 0.7307692307692307,
        "recall": 1.0,
        "f1-score": 0.8444444444444443,
        "support": 19
    },
    "bookcase": {
        "precision": 0.45454545454545453,
        "recall": 0.7142857142857143,
        "f1-score": 0.5555555555555556,
        "support": 7
    },
    "bottle": {
        "precision": 0.9166666666666666,
        "recall": 1.0,
        "f1-score": 0.9565217391304348,
        "support": 11
    },
    "calculator": {
        "precision": 1.0,
        "recall": 0.8571428571428571,
        "f1-score": 0.923076923076923,
        "support": 7
    },
    "desk_chair": {
        "precision": 0.8888888888888888,
        "recall": 1.0,
        "f1-score": 0.9411764705882353,
        "support": 8
    },
    "desk_lamp": {
        "precision": 1.0,
        "recall": 0.3333333333333333,
        "f1-score": 0.5,
        "support": 9
    },
    "desktop_computer": {
        "precision": 0.6666666666666666,
        "recall": 0.4,
        "f1-score": 0.5,
        "support": 10
    },
    "file_cabinet": {
        "precision": 0.3,
        "recall": 0.9,
        "f1-score": 0.45000000000000007,
        "support": 10
    },
    "headphones": {
        "precision": 1.0,
        "recall": 0.75,
        "f1-score": 0.8571428571428571,
        "support": 8
    },
    "keyboard": {
        "precision": 1.0,
        "recall": 0.8,
        "f1-score": 0.888888888888889,
        "support": 5
    },
    "laptop_computer": {
        "precision": 0.7894736842105263,
        "recall": 0.7894736842105263,
        "f1-score": 0.7894736842105263,
        "support": 19
    },
    "letter_tray": {
        "precision": 1.0,
        "recall": 0.2727272727272727,
        "f1-score": 0.42857142857142855,
        "support": 11
    },
    "mobile_phone": {
        "precision": 0.5517241379310345,
        "recall": 0.6153846153846154,
        "f1-score": 0.5818181818181819,
        "support": 26
    },
    "monitor": {
        "precision": 0.6538461538461539,
        "recall": 1.0,
        "f1-score": 0.7906976744186047,
        "support": 17
    },
    "mouse": {
        "precision": 0.6666666666666666,
        "recall": 0.5714285714285714,
        "f1-score": 0.6153846153846153,
        "support": 7
    },
    "mug": {
        "precision": 0.5,
        "recall": 1.0,
        "f1-score": 0.6666666666666666,
        "support": 3
    },
    "paper_notebook": {
        "precision": 0.4444444444444444,
        "recall": 0.8,
        "f1-score": 0.5714285714285714,
        "support": 5
    },
    "pen": {
        "precision": 0.0,
        "recall": 0.0,
        "f1-score": 0.0,
        "support": 5
    },
    "phone": {
        "precision": 0.875,
        "recall": 0.875,
        "f1-score": 0.875,
        "support": 8
    },
    "printer": {
        "precision": 1.0,
        "recall": 0.4,
        "f1-score": 0.5714285714285715,
        "support": 10
    },
    "projector": {
        "precision": 0.8461538461538461,
        "recall": 0.6111111111111112,
        "f1-score": 0.7096774193548387,
        "support": 18
    },
    "punchers": {
        "precision": 1.0,
        "recall": 0.15384615384615385,
        "f1-score": 0.2666666666666667,
        "support": 13
    },
    "ring_binder": {
        "precision": 0.4,
        "recall": 0.4,
        "f1-score": 0.4000000000000001,
        "support": 5
    },
    "ruler": {
        "precision": 0.25,
        "recall": 1.0,
        "f1-score": 0.4,
        "support": 2
    },
    "scissors": {
        "precision": 0.6666666666666666,
        "recall": 0.9230769230769231,
        "f1-score": 0.7741935483870968,
        "support": 13
    },
    "speaker": {
        "precision": 0.8333333333333334,
        "recall": 0.7142857142857143,
        "f1-score": 0.7692307692307692,
        "support": 21
    },
    "stapler": {
        "precision": 1.0,
        "recall": 0.1875,
        "f1-score": 0.3157894736842105,
        "support": 16
    },
    "tape_dispenser": {
        "precision": 0.6428571428571429,
        "recall": 0.5294117647058824,
        "f1-score": 0.5806451612903226,
        "support": 17
    },
    "trash_can": {
        "precision": 0.42857142857142855,
        "recall": 0.3,
        "f1-score": 0.3529411764705882,
        "support": 10
    },
    "accuracy": 0.6705539358600583,
    "macro avg": {
        "precision": 0.726008852007037,
        "recall": 0.6741292811464089,
        "f1-score": 0.6411748544464192,
        "support": 343
    },
    "weighted avg": {
        "precision": 0.7606074850721478,
        "recall": 0.6705539358600583,
        "f1-score": 0.6607066570289105,
        "support": 343
    }
}