{
    "back_pack": {
        "precision": 0.46153846153846156,
        "recall": 0.8571428571428571,
        "f1-score": 0.6,
        "support": 7
    },
    "bike": {
        "precision": 1.0,
        "recall": 0.75,
        "f1-score": 0.8571428571428571,
        "support": 16
    },
    "bike_helmet": {
        "precision": 1.0,
        "recall": 0.6842105263157895,
        "f1-score": 0.8125000000000001,
        "support": 19
    },
    "bookcase": {
        "precision": 0.6,
        "recall": 0.42857142857142855,
        "f1-score": 0.5,
        "support": 7
    },
    "bottle": {
        "precision": 1.0,
        "recall": 1.0,
        "f1-score": 1.0,
        "support": 11
    },
    "calculator": {
        "precision": 1.0,
        "recall": 0.42857142857142855,
        "f1-score": 0.6,
        "support": 7
    },
    "desk_chair": {
        "precision": 1.0,
        "recall": 1.0,
        "f1-score": 1.0,
        "support": 8
    },
    "desk_lamp": {
        "precision": 0.5,
        "recall": 1.0,
        "f1-score": 0.6666666666666666,
        "support": 9
    },
    "desktop_computer": {
        "precision": 0.0,
        "recall": 0.0,
        "f1-score": 0.0,
        "support": 10
    },
    "file_cabinet": {
        "precision": 0.46153846153846156,
        "recall": 0.6,
        "f1-score": 0.5217391304347826,
        "support": 10
    },
    "headphones": {
        "precision": 1.0,
        "recall": 0.5,
        "f1-score": 0.6666666666666666,
        "support": 8
    },
    "keyboard": {
        "precision": 0.5,
        "recall": 1.0,
        "f1-score": 0.6666666666666666,
        "support": 5
    },
    "laptop_computer": {
        "precision": 0.7647058823529411,
        "recall": 0.6842105263157895,
        "f1-score": 0.7222222222222222,
        "support": 19
    },
    "letter_tray": {
        "precision": 0.23076923076923078,
        "recall": 0.5454545454545454,
        "f1-score": 0.3243243243243243,
        "support": 11
    },
    "mobile_phone": {
        "precision": 1.0,
        "recall": 0.07692307692307693,
        "f1-score": 0.14285714285714288,
        "support": 26
    },
    "monitor": {
        "precision": 1.0,
        "recall": 0.17647058823529413,
        "f1-score": 0.3,
        "support": 17
    },
    "mouse": {
        "precision": 0.375,
        "recall": 0.8571428571428571,
        "f1-score": 0.5217391304347825,
        "support": 7
    },
    "mug": {
        "precision": 0.6666666666666666,
        "recall": 0.6666666666666666,
        "f1-score": 0.6666666666666666,
        "support": 3
    },
    "paper_notebook": {
        "precision": 0.18181818181818182,
        "recall": 0.4,
        "f1-score": 0.25000000000000006,
        "support": 5
    },
    "pen": {
        "precision": 0.42857142857142855,
        "recall": 0.6,
        "f1-score": 0.5,
        "support": 5
    },
    "phone": {
        "precision": 1.0,
        "recall": 0.875,
        "f1-score": 0.9333333333333333,
        "support": 8
    },
    "printer": {
        "precision": 0.2857142857142857,
        "recall": 0.2,
        "f1-score": 0.23529411764705882,
        "support": 10
    },
    "projector": {
        "precision": 0.5714285714285714,
        "recall": 0.4444444444444444,
        "f1-score": 0.5,
        "support": 18
    },
    "punchers": {
        "precision": 0.27586206896551724,
        "recall": 0.6153846153846154,
        "f1-score": 0.380952380952381,
        "support": 13
    },
    "ring_binder": {
        "precision": 0.21428571428571427,
        "recall": 0.6,
        "f1-score": 0.3157894736842105,
        "support": 5
    },
    "ruler": {
        "precision": 0.5,
        "recall": 0.5,
        "f1-score": 0.5,
        "support": 2
    },
    "scissors": {
        "precision": 1.0,
        "recall": 0.8461538461538461,
        "f1-score": 0.9166666666666666,
        "support": 13
    },
    "speaker": {
        "precision": 0.3333333333333333,
        "recall": 0.14285714285714285,
        "f1-score": 0.2,
        "support": 21
    },
    "stapler": {
        "precision": 0.38461538461538464,
        "recall": 0.3125,
        "f1-score": 0.3448275862068966,
        "support": 16
    },
    "tape_dispenser": {
        "precision": 0.7777777777777778,
        "recall": 0.8235294117647058,
        "f1-score": 0.7999999999999999,
        "support": 17
    },
    "trash_can": {
        "precision": 0.2631578947368421,
        "recall": 0.5,
        "f1-score": 0.3448275862068966,
        "support": 10
    },
    "accuracy": 0.5364431486880467,
    "macro avg": {
        "precision": 0.6057026885197675,
        "recall": 0.584362385869177,
        "f1-score": 0.5416413747993619,
        "support": 343
    },
    "weighted avg": {
        "precision": 0.6548079158470658,
        "recall": 0.5364431486880467,
        "f1-score": 0.5261668022577387,
        "support": 343
    }
}