{
    "0": {
        "precision": 0.9865319865319865,
        "recall": 0.981574539363484,
        "f1-score": 0.984047019311503,
        "support": 1194
    },
    "1": {
        "precision": 0.9578947368421052,
        "recall": 0.9960199004975124,
        "f1-score": 0.9765853658536585,
        "support": 1005
    },
    "2": {
        "precision": 0.9279411764705883,
        "recall": 0.8632010943912448,
        "f1-score": 0.8944011339475549,
        "support": 731
    },
    "3": {
        "precision": 0.9644588045234249,
        "recall": 0.9072948328267477,
        "f1-score": 0.9350039154267816,
        "support": 658
    },
    "4": {
        "precision": 0.9582664526484751,
        "recall": 0.9156441717791411,
        "f1-score": 0.9364705882352942,
        "support": 652
    },
    "5": {
        "precision": 0.8135313531353136,
        "recall": 0.8866906474820144,
        "f1-score": 0.8485370051635112,
        "support": 556
    },
    "6": {
        "precision": 0.9213973799126638,
        "recall": 0.9533132530120482,
        "f1-score": 0.9370836417468541,
        "support": 664
    },
    "7": {
        "precision": 0.8160315374507228,
        "recall": 0.9627906976744186,
        "f1-score": 0.883357041251778,
        "support": 645
    },
    "8": {
        "precision": 0.9682835820895522,
        "recall": 0.9575645756457565,
        "f1-score": 0.9628942486085343,
        "support": 542
    },
    "9": {
        "precision": 0.9377289377289377,
        "recall": 0.7950310559006211,
        "f1-score": 0.8605042016806722,
        "support": 644
    },
    "accuracy": 0.9293649705115896,
    "macro avg": {
        "precision": 0.9252065947333771,
        "recall": 0.9219124768572987,
        "f1-score": 0.9218884161226143,
        "support": 7291
    },
    "weighted avg": {
        "precision": 0.9323152920860868,
        "recall": 0.9293649705115896,
        "f1-score": 0.9293468462163156,
        "support": 7291
    }
}