{
    "back_pack": {
        "precision": 0.5384615384615384,
        "recall": 1.0,
        "f1-score": 0.7000000000000001,
        "support": 7
    },
    "bike": {
        "precision": 1.0,
        "recall": 0.9375,
        "f1-score": 0.967741935483871,
        "support": 16
    },
    "bike_helmet": {
        "precision": 0.8421052631578947,
        "recall": 0.8421052631578947,
        "f1-score": 0.8421052631578947,
        "support": 19
    },
    "bookcase": {
        "precision": 0.75,
        "recall": 0.42857142857142855,
        "f1-score": 0.5454545454545454,
        "support": 7
    },
    "bottle": {
        "precision": 1.0,
        "recall": 0.9090909090909091,
        "f1-score": 0.9523809523809523,
        "support": 11
    },
    "calculator": {
        "precision": 0.5,
        "recall": 0.42857142857142855,
        "f1-score": 0.4615384615384615,
        "support": 7
    },
    "desk_chair": {
        "precision": 1.0,
        "recall": 0.875,
        "f1-score": 0.9333333333333333,
        "support": 8
    },
    "desk_lamp": {
        "precision": 0.6153846153846154,
        "recall": 0.8888888888888888,
        "f1-score": 0.7272727272727274,
        "support": 9
    },
    "desktop_computer": {
        "precision": 0.0,
        "recall": 0.0,
        "f1-score": 0.0,
        "support": 10
    },
    "file_cabinet": {
        "precision": 0.36363636363636365,
        "recall": 0.8,
        "f1-score": 0.5000000000000001,
        "support": 10
    },
    "headphones": {
        "precision": 1.0,
        "recall": 0.5,
        "f1-score": 0.6666666666666666,
        "support": 8
    },
    "keyboard": {
        "precision": 0.45454545454545453,
        "recall": 1.0,
        "f1-score": 0.625,
        "support": 5
    },
    "laptop_computer": {
        "precision": 1.0,
        "recall": 0.42105263157894735,
        "f1-score": 0.5925925925925926,
        "support": 19
    },
    "letter_tray": {
        "precision": 0.38095238095238093,
        "recall": 0.7272727272727273,
        "f1-score": 0.5,
        "support": 11
    },
    "mobile_phone": {
        "precision": 0.75,
        "recall": 0.11538461538461539,
        "f1-score": 0.19999999999999998,
        "support": 26
    },
    "monitor": {
        "precision": 1.0,
        "recall": 0.4117647058823529,
        "f1-score": 0.5833333333333334,
        "support": 17
    },
    "mouse": {
        "precision": 0.6,
        "recall": 0.8571428571428571,
        "f1-score": 0.7058823529411764,
        "support": 7
    },
    "mug": {
        "precision": 0.4,
        "recall": 0.6666666666666666,
        "f1-score": 0.5,
        "support": 3
    },
    "paper_notebook": {
        "precision": 0.3,
        "recall": 0.6,
        "f1-score": 0.4,
        "support": 5
    },
    "pen": {
        "precision": 0.8,
        "recall": 0.8,
        "f1-score": 0.8000000000000002,
        "support": 5
    },
    "phone": {
        "precision": 1.0,
        "recall": 0.625,
        "f1-score": 0.7692307692307693,
        "support": 8
    },
    "printer": {
        "precision": 0.36363636363636365,
        "recall": 0.4,
        "f1-score": 0.380952380952381,
        "support": 10
    },
    "projector": {
        "precision": 0.45454545454545453,
        "recall": 0.5555555555555556,
        "f1-score": 0.5,
        "support": 18
    },
    "punchers": {
        "precision": 0.2777777777777778,
        "recall": 0.38461538461538464,
        "f1-score": 0.3225806451612903,
        "support": 13
    },
    "ring_binder": {
        "precision": 0.3333333333333333,
        "recall": 0.4,
        "f1-score": 0.3636363636363636,
        "support": 5
    },
    "ruler": {
        "precision": 0.5,
        "recall": 0.5,
        "f1-score": 0.5,
        "support": 2
    },
    "scissors": {
        "precision": 0.8666666666666667,
        "recall": 1.0,
        "f1-score": 0.9285714285714286,
        "support": 13
    },
    "speaker": {
        "precision": 0.26666666666666666,
        "recall": 0.19047619047619047,
        "f1-score": 0.2222222222222222,
        "support": 21
    },
    "stapler": {
        "precision": 0.6153846153846154,
        "recall": 0.5,
        "f1-score": 0.5517241379310345,
        "support": 16
    },
    "tape_dispenser": {
        "precision": 0.625,
        "recall": 0.8823529411764706,
        "f1-score": 0.7317073170731708,
        "support": 17
    },
    "trash_can": {
        "precision": 0.26666666666666666,
        "recall": 0.4,
        "f1-score": 0.32,
        "support": 10
    },
    "accuracy": 0.577259475218659,
    "macro avg": {
        "precision": 0.6085407471230901,
        "recall": 0.6144197481945909,
        "f1-score": 0.5739976589978779,
        "support": 343
    },
    "weighted avg": {
        "precision": 0.6404014757513299,
        "recall": 0.577259475218659,
        "f1-score": 0.5623217942820303,
        "support": 343
    }
}