{
    "back_pack": {
        "precision": 0.96,
        "recall": 1.0,
        "f1-score": 0.9795918367346939,
        "support": 24
    },
    "bike": {
        "precision": 0.8421052631578947,
        "recall": 1.0,
        "f1-score": 0.9142857142857143,
        "support": 16
    },
    "bike_helmet": {
        "precision": 1.0,
        "recall": 1.0,
        "f1-score": 1.0,
        "support": 23
    },
    "bookcase": {
        "precision": 1.0,
        "recall": 1.0,
        "f1-score": 1.0,
        "support": 7
    },
    "bottle": {
        "precision": 1.0,
        "recall": 1.0,
        "f1-score": 1.0,
        "support": 11
    },
    "calculator": {
        "precision": 0.92,
        "recall": 0.8846153846153846,
        "f1-score": 0.9019607843137256,
        "support": 26
    },
    "desk_chair": {
        "precision": 1.0,
        "recall": 1.0,
        "f1-score": 1.0,
        "support": 35
    },
    "desk_lamp": {
        "precision": 1.0,
        "recall": 0.7692307692307693,
        "f1-score": 0.8695652173913044,
        "support": 13
    },
    "desktop_computer": {
        "precision": 1.0,
        "recall": 0.6875,
        "f1-score": 0.8148148148148148,
        "support": 16
    },
    "file_cabinet": {
        "precision": 1.0,
        "recall": 1.0,
        "f1-score": 1.0,
        "support": 14
    },
    "headphones": {
        "precision": 0.8461538461538461,
        "recall": 1.0,
        "f1-score": 0.9166666666666666,
        "support": 22
    },
    "keyboard": {
        "precision": 0.9166666666666666,
        "recall": 1.0,
        "f1-score": 0.9565217391304348,
        "support": 22
    },
    "laptop_computer": {
        "precision": 0.92,
        "recall": 0.92,
        "f1-score": 0.92,
        "support": 25
    },
    "letter_tray": {
        "precision": 0.7692307692307693,
        "recall": 0.7142857142857143,
        "f1-score": 0.7407407407407408,
        "support": 14
    },
    "mobile_phone": {
        "precision": 0.8421052631578947,
        "recall": 0.64,
        "f1-score": 0.7272727272727272,
        "support": 25
    },
    "monitor": {
        "precision": 1.0,
        "recall": 0.8157894736842105,
        "f1-score": 0.898550724637681,
        "support": 38
    },
    "mouse": {
        "precision": 0.9545454545454546,
        "recall": 0.84,
        "f1-score": 0.8936170212765958,
        "support": 25
    },
    "mug": {
        "precision": 0.9166666666666666,
        "recall": 1.0,
        "f1-score": 0.9565217391304348,
        "support": 22
    },
    "paper_notebook": {
        "precision": 0.8214285714285714,
        "recall": 1.0,
        "f1-score": 0.9019607843137255,
        "support": 23
    },
    "pen": {
        "precision": 0.7941176470588235,
        "recall": 1.0,
        "f1-score": 0.8852459016393442,
        "support": 27
    },
    "phone": {
        "precision": 0.9090909090909091,
        "recall": 0.9090909090909091,
        "f1-score": 0.9090909090909091,
        "support": 11
    },
    "printer": {
        "precision": 0.5357142857142857,
        "recall": 1.0,
        "f1-score": 0.6976744186046512,
        "support": 15
    },
    "projector": {
        "precision": 0.7083333333333334,
        "recall": 0.68,
        "f1-score": 0.6938775510204083,
        "support": 25
    },
    "punchers": {
        "precision": 0.8333333333333334,
        "recall": 0.45454545454545453,
        "f1-score": 0.5882352941176471,
        "support": 22
    },
    "ring_binder": {
        "precision": 0.8292682926829268,
        "recall": 0.9714285714285714,
        "f1-score": 0.8947368421052632,
        "support": 35
    },
    "ruler": {
        "precision": 1.0,
        "recall": 0.3333333333333333,
        "f1-score": 0.5,
        "support": 6
    },
    "scissors": {
        "precision": 1.0,
        "recall": 0.85,
        "f1-score": 0.9189189189189189,
        "support": 20
    },
    "speaker": {
        "precision": 0.9545454545454546,
        "recall": 0.84,
        "f1-score": 0.8936170212765958,
        "support": 25
    },
    "stapler": {
        "precision": 0.5185185185185185,
        "recall": 0.7368421052631579,
        "f1-score": 0.6086956521739131,
        "support": 19
    },
    "tape_dispenser": {
        "precision": 0.625,
        "recall": 0.8333333333333334,
        "f1-score": 0.7142857142857143,
        "support": 18
    },
    "trash_can": {
        "precision": 1.0,
        "recall": 0.375,
        "f1-score": 0.5454545454545454,
        "support": 16
    },
    "accuracy": 0.8625,
    "macro avg": {
        "precision": 0.8844136862995274,
        "recall": 0.8469353241551884,
        "f1-score": 0.8465130090128121,
        "support": 640
    },
    "weighted avg": {
        "precision": 0.8835456154629309,
        "recall": 0.8625,
        "f1-score": 0.8590726575665153,
        "support": 640
    }
}