{
    "back_pack": {
        "precision": 0.875,
        "recall": 1.0,
        "f1-score": 0.9333333333333333,
        "support": 7
    },
    "bike": {
        "precision": 1.0,
        "recall": 1.0,
        "f1-score": 1.0,
        "support": 16
    },
    "bike_helmet": {
        "precision": 1.0,
        "recall": 0.7894736842105263,
        "f1-score": 0.8823529411764706,
        "support": 19
    },
    "bookcase": {
        "precision": 1.0,
        "recall": 0.5714285714285714,
        "f1-score": 0.7272727272727273,
        "support": 7
    },
    "bottle": {
        "precision": 1.0,
        "recall": 1.0,
        "f1-score": 1.0,
        "support": 11
    },
    "calculator": {
        "precision": 0.5,
        "recall": 1.0,
        "f1-score": 0.6666666666666666,
        "support": 7
    },
    "desk_chair": {
        "precision": 1.0,
        "recall": 1.0,
        "f1-score": 1.0,
        "support": 8
    },
    "desk_lamp": {
        "precision": 0.8181818181818182,
        "recall": 1.0,
        "f1-score": 0.9,
        "support": 9
    },
    "desktop_computer": {
        "precision": 0.47058823529411764,
        "recall": 0.8,
        "f1-score": 0.5925925925925927,
        "support": 10
    },
    "file_cabinet": {
        "precision": 0.625,
        "recall": 0.5,
        "f1-score": 0.5555555555555556,
        "support": 10
    },
    "headphones": {
        "precision": 0.8888888888888888,
        "recall": 1.0,
        "f1-score": 0.9411764705882353,
        "support": 8
    },
    "keyboard": {
        "precision": 0.8333333333333334,
        "recall": 1.0,
        "f1-score": 0.9090909090909091,
        "support": 5
    },
    "laptop_computer": {
        "precision": 0.9285714285714286,
        "recall": 0.6842105263157895,
        "f1-score": 0.7878787878787878,
        "support": 19
    },
    "letter_tray": {
        "precision": 0.8181818181818182,
        "recall": 0.8181818181818182,
        "f1-score": 0.8181818181818182,
        "support": 11
    },
    "mobile_phone": {
        "precision": 0.9166666666666666,
        "recall": 0.4230769230769231,
        "f1-score": 0.5789473684210527,
        "support": 26
    },
    "monitor": {
        "precision": 1.0,
        "recall": 0.5882352941176471,
        "f1-score": 0.7407407407407407,
        "support": 17
    },
    "mouse": {
        "precision": 0.42857142857142855,
        "recall": 0.8571428571428571,
        "f1-score": 0.5714285714285714,
        "support": 7
    },
    "mug": {
        "precision": 1.0,
        "recall": 1.0,
        "f1-score": 1.0,
        "support": 3
    },
    "paper_notebook": {
        "precision": 0.75,
        "recall": 0.6,
        "f1-score": 0.6666666666666665,
        "support": 5
    },
    "pen": {
        "precision": 0.5714285714285714,
        "recall": 0.8,
        "f1-score": 0.6666666666666666,
        "support": 5
    },
    "phone": {
        "precision": 1.0,
        "recall": 0.875,
        "f1-score": 0.9333333333333333,
        "support": 8
    },
    "printer": {
        "precision": 0.6153846153846154,
        "recall": 0.8,
        "f1-score": 0.6956521739130435,
        "support": 10
    },
    "projector": {
        "precision": 0.7,
        "recall": 0.7777777777777778,
        "f1-score": 0.7368421052631577,
        "support": 18
    },
    "punchers": {
        "precision": 0.8571428571428571,
        "recall": 0.46153846153846156,
        "f1-score": 0.6,
        "support": 13
    },
    "ring_binder": {
        "precision": 0.2,
        "recall": 0.6,
        "f1-score": 0.3,
        "support": 5
    },
    "ruler": {
        "precision": 0.5,
        "recall": 0.5,
        "f1-score": 0.5,
        "support": 2
    },
    "scissors": {
        "precision": 0.8125,
        "recall": 1.0,
        "f1-score": 0.896551724137931,
        "support": 13
    },
    "speaker": {
        "precision": 0.75,
        "recall": 0.8571428571428571,
        "f1-score": 0.7999999999999999,
        "support": 21
    },
    "stapler": {
        "precision": 0.631578947368421,
        "recall": 0.75,
        "f1-score": 0.6857142857142857,
        "support": 16
    },
    "tape_dispenser": {
        "precision": 0.8461538461538461,
        "recall": 0.6470588235294118,
        "f1-score": 0.7333333333333334,
        "support": 17
    },
    "trash_can": {
        "precision": 0.8,
        "recall": 0.4,
        "f1-score": 0.5333333333333333,
        "support": 10
    },
    "accuracy": 0.7551020408163265,
    "macro avg": {
        "precision": 0.7786184662957358,
        "recall": 0.7774279869181497,
        "f1-score": 0.7533326485577166,
        "support": 343
    },
    "weighted avg": {
        "precision": 0.8134248153553996,
        "recall": 0.7551020408163265,
        "f1-score": 0.7586195272844406,
        "support": 343
    }
}