{
    "0": {
        "precision": 0.2660178426601784,
        "recall": 0.3735763097949886,
        "f1-score": 0.3107531975367125,
        "support": 878
    },
    "1": {
        "precision": 0.3931149361465852,
        "recall": 0.6968503937007874,
        "f1-score": 0.5026624068157615,
        "support": 1016
    },
    "2": {
        "precision": 0.6951672862453532,
        "recall": 0.4008574490889603,
        "f1-score": 0.5084976206662134,
        "support": 933
    },
    "3": {
        "precision": 0.9357142857142857,
        "recall": 0.14427312775330398,
        "f1-score": 0.25,
        "support": 908
    },
    "4": {
        "precision": 0.46494845360824744,
        "recall": 0.5067415730337078,
        "f1-score": 0.48494623655913977,
        "support": 890
    },
    "5": {
        "precision": 0.26885245901639343,
        "recall": 0.6096654275092936,
        "f1-score": 0.3731513083048919,
        "support": 807
    },
    "6": {
        "precision": 0.46018614270941055,
        "recall": 0.5198598130841121,
        "f1-score": 0.48820625342841467,
        "support": 856
    },
    "7": {
        "precision": 0.4705251875669882,
        "recall": 0.4803063457330416,
        "f1-score": 0.47536545749864645,
        "support": 914
    },
    "8": {
        "precision": 0.5389221556886228,
        "recall": 0.20454545454545456,
        "f1-score": 0.2965403624382208,
        "support": 880
    },
    "9": {
        "precision": 0.6862745098039216,
        "recall": 0.19042437431991294,
        "f1-score": 0.29812606473594544,
        "support": 919
    },
    "accuracy": 0.4136207088101322,
    "macro avg": {
        "precision": 0.5179723259159986,
        "recall": 0.41271002685635627,
        "f1-score": 0.3988248907983946,
        "support": 9001
    },
    "weighted avg": {
        "precision": 0.5211502366098097,
        "recall": 0.4136207088101322,
        "f1-score": 0.4005145875691324,
        "support": 9001
    }
}