{
    "0": {
        "precision": 0.660996354799514,
        "recall": 0.993607305936073,
        "f1-score": 0.7938708500547247,
        "support": 1095
    },
    "1": {
        "precision": 0.914501257334451,
        "recall": 0.9963470319634703,
        "f1-score": 0.9536713286713286,
        "support": 1095
    },
    "2": {
        "precision": 0.9457900807381776,
        "recall": 0.7488584474885844,
        "f1-score": 0.835881753312946,
        "support": 1095
    },
    "3": {
        "precision": 0.7861020629750272,
        "recall": 0.6611872146118721,
        "f1-score": 0.7182539682539683,
        "support": 1095
    },
    "4": {
        "precision": 0.9366053169734151,
        "recall": 0.8365296803652968,
        "f1-score": 0.88374336710082,
        "support": 1095
    },
    "5": {
        "precision": 0.7129300118623962,
        "recall": 0.5488584474885845,
        "f1-score": 0.6202270381836945,
        "support": 1095
    },
    "6": {
        "precision": 0.8913738019169329,
        "recall": 0.7643835616438356,
        "f1-score": 0.8230088495575222,
        "support": 1095
    },
    "7": {
        "precision": 0.9221128021486124,
        "recall": 0.9406392694063926,
        "f1-score": 0.9312839059674503,
        "support": 1095
    },
    "8": {
        "precision": 0.685656836461126,
        "recall": 0.9342465753424658,
        "f1-score": 0.7908774642442984,
        "support": 1095
    },
    "9": {
        "precision": 0.8962264150943396,
        "recall": 0.7808219178082192,
        "f1-score": 0.8345534407027818,
        "support": 1095
    },
    "accuracy": 0.8205479452054795,
    "macro avg": {
        "precision": 0.8352294940303991,
        "recall": 0.8205479452054794,
        "f1-score": 0.8185371966049535,
        "support": 10950
    },
    "weighted avg": {
        "precision": 0.835229494030399,
        "recall": 0.8205479452054795,
        "f1-score": 0.8185371966049535,
        "support": 10950
    }
}