{
    "back_pack": {
        "precision": 1.0,
        "recall": 1.0,
        "f1-score": 1.0,
        "support": 7
    },
    "bike": {
        "precision": 1.0,
        "recall": 1.0,
        "f1-score": 1.0,
        "support": 16
    },
    "bike_helmet": {
        "precision": 1.0,
        "recall": 0.9473684210526315,
        "f1-score": 0.972972972972973,
        "support": 19
    },
    "bookcase": {
        "precision": 1.0,
        "recall": 1.0,
        "f1-score": 1.0,
        "support": 7
    },
    "bottle": {
        "precision": 1.0,
        "recall": 1.0,
        "f1-score": 1.0,
        "support": 11
    },
    "calculator": {
        "precision": 0.7,
        "recall": 1.0,
        "f1-score": 0.8235294117647058,
        "support": 7
    },
    "desk_chair": {
        "precision": 1.0,
        "recall": 1.0,
        "f1-score": 1.0,
        "support": 8
    },
    "desk_lamp": {
        "precision": 1.0,
        "recall": 0.7777777777777778,
        "f1-score": 0.8750000000000001,
        "support": 9
    },
    "desktop_computer": {
        "precision": 1.0,
        "recall": 0.7,
        "f1-score": 0.8235294117647058,
        "support": 10
    },
    "file_cabinet": {
        "precision": 1.0,
        "recall": 1.0,
        "f1-score": 1.0,
        "support": 10
    },
    "headphones": {
        "precision": 1.0,
        "recall": 1.0,
        "f1-score": 1.0,
        "support": 8
    },
    "keyboard": {
        "precision": 1.0,
        "recall": 1.0,
        "f1-score": 1.0,
        "support": 5
    },
    "laptop_computer": {
        "precision": 0.8947368421052632,
        "recall": 0.8947368421052632,
        "f1-score": 0.8947368421052632,
        "support": 19
    },
    "letter_tray": {
        "precision": 0.75,
        "recall": 0.8181818181818182,
        "f1-score": 0.7826086956521738,
        "support": 11
    },
    "mobile_phone": {
        "precision": 1.0,
        "recall": 0.7307692307692307,
        "f1-score": 0.8444444444444443,
        "support": 26
    },
    "monitor": {
        "precision": 0.9444444444444444,
        "recall": 1.0,
        "f1-score": 0.9714285714285714,
        "support": 17
    },
    "mouse": {
        "precision": 1.0,
        "recall": 0.7142857142857143,
        "f1-score": 0.8333333333333333,
        "support": 7
    },
    "mug": {
        "precision": 1.0,
        "recall": 1.0,
        "f1-score": 1.0,
        "support": 3
    },
    "paper_notebook": {
        "precision": 1.0,
        "recall": 0.8,
        "f1-score": 0.888888888888889,
        "support": 5
    },
    "pen": {
        "precision": 0.8,
        "recall": 0.8,
        "f1-score": 0.8000000000000002,
        "support": 5
    },
    "phone": {
        "precision": 0.8,
        "recall": 1.0,
        "f1-score": 0.888888888888889,
        "support": 8
    },
    "printer": {
        "precision": 0.5625,
        "recall": 0.9,
        "f1-score": 0.6923076923076923,
        "support": 10
    },
    "projector": {
        "precision": 0.35135135135135137,
        "recall": 0.7222222222222222,
        "f1-score": 0.4727272727272727,
        "support": 18
    },
    "punchers": {
        "precision": 1.0,
        "recall": 0.23076923076923078,
        "f1-score": 0.375,
        "support": 13
    },
    "ring_binder": {
        "precision": 1.0,
        "recall": 0.6,
        "f1-score": 0.7499999999999999,
        "support": 5
    },
    "ruler": {
        "precision": 0.5,
        "recall": 0.5,
        "f1-score": 0.5,
        "support": 2
    },
    "scissors": {
        "precision": 1.0,
        "recall": 0.8461538461538461,
        "f1-score": 0.9166666666666666,
        "support": 13
    },
    "speaker": {
        "precision": 1.0,
        "recall": 1.0,
        "f1-score": 1.0,
        "support": 21
    },
    "stapler": {
        "precision": 0.6923076923076923,
        "recall": 0.5625,
        "f1-score": 0.6206896551724138,
        "support": 16
    },
    "tape_dispenser": {
        "precision": 0.631578947368421,
        "recall": 0.7058823529411765,
        "f1-score": 0.6666666666666667,
        "support": 17
    },
    "trash_can": {
        "precision": 1.0,
        "recall": 0.9,
        "f1-score": 0.9473684210526316,
        "support": 10
    },
    "accuracy": 0.8396501457725948,
    "macro avg": {
        "precision": 0.8911909444379734,
        "recall": 0.8435692727825456,
        "f1-score": 0.8497028334141062,
        "support": 343
    },
    "weighted avg": {
        "precision": 0.8873721430380938,
        "recall": 0.8396501457725948,
        "f1-score": 0.8441422706205344,
        "support": 343
    }
}