{
    "back_pack": {
        "precision": 0.8235294117647058,
        "recall": 0.5833333333333334,
        "f1-score": 0.6829268292682927,
        "support": 24
    },
    "bike": {
        "precision": 1.0,
        "recall": 0.6875,
        "f1-score": 0.8148148148148148,
        "support": 16
    },
    "bike_helmet": {
        "precision": 1.0,
        "recall": 0.9565217391304348,
        "f1-score": 0.9777777777777777,
        "support": 23
    },
    "bookcase": {
        "precision": 0.5,
        "recall": 0.2857142857142857,
        "f1-score": 0.36363636363636365,
        "support": 7
    },
    "bottle": {
        "precision": 1.0,
        "recall": 0.8181818181818182,
        "f1-score": 0.9,
        "support": 11
    },
    "calculator": {
        "precision": 0.9090909090909091,
        "recall": 0.38461538461538464,
        "f1-score": 0.5405405405405405,
        "support": 26
    },
    "desk_chair": {
        "precision": 0.9714285714285714,
        "recall": 0.9714285714285714,
        "f1-score": 0.9714285714285714,
        "support": 35
    },
    "desk_lamp": {
        "precision": 0.8333333333333334,
        "recall": 0.7692307692307693,
        "f1-score": 0.8,
        "support": 13
    },
    "desktop_computer": {
        "precision": 0.0,
        "recall": 0.0,
        "f1-score": 0.0,
        "support": 16
    },
    "file_cabinet": {
        "precision": 0.6666666666666666,
        "recall": 0.5714285714285714,
        "f1-score": 0.6153846153846153,
        "support": 14
    },
    "headphones": {
        "precision": 1.0,
        "recall": 0.5,
        "f1-score": 0.6666666666666666,
        "support": 22
    },
    "keyboard": {
        "precision": 0.5333333333333333,
        "recall": 0.7272727272727273,
        "f1-score": 0.6153846153846153,
        "support": 22
    },
    "laptop_computer": {
        "precision": 0.7142857142857143,
        "recall": 0.4,
        "f1-score": 0.5128205128205129,
        "support": 25
    },
    "letter_tray": {
        "precision": 0.1232876712328767,
        "recall": 0.6428571428571429,
        "f1-score": 0.20689655172413793,
        "support": 14
    },
    "mobile_phone": {
        "precision": 0.0,
        "recall": 0.0,
        "f1-score": 0.0,
        "support": 25
    },
    "monitor": {
        "precision": 0.7857142857142857,
        "recall": 0.2894736842105263,
        "f1-score": 0.423076923076923,
        "support": 38
    },
    "mouse": {
        "precision": 0.9047619047619048,
        "recall": 0.76,
        "f1-score": 0.8260869565217391,
        "support": 25
    },
    "mug": {
        "precision": 0.7307692307692307,
        "recall": 0.8636363636363636,
        "f1-score": 0.7916666666666666,
        "support": 22
    },
    "paper_notebook": {
        "precision": 0.6285714285714286,
        "recall": 0.9565217391304348,
        "f1-score": 0.7586206896551724,
        "support": 23
    },
    "pen": {
        "precision": 1.0,
        "recall": 0.9629629629629629,
        "f1-score": 0.9811320754716981,
        "support": 27
    },
    "phone": {
        "precision": 0.9090909090909091,
        "recall": 0.9090909090909091,
        "f1-score": 0.9090909090909091,
        "support": 11
    },
    "printer": {
        "precision": 0.4166666666666667,
        "recall": 0.6666666666666666,
        "f1-score": 0.5128205128205129,
        "support": 15
    },
    "projector": {
        "precision": 0.42857142857142855,
        "recall": 0.24,
        "f1-score": 0.30769230769230765,
        "support": 25
    },
    "punchers": {
        "precision": 0.3333333333333333,
        "recall": 0.5909090909090909,
        "f1-score": 0.4262295081967213,
        "support": 22
    },
    "ring_binder": {
        "precision": 0.44680851063829785,
        "recall": 0.6,
        "f1-score": 0.5121951219512195,
        "support": 35
    },
    "ruler": {
        "precision": 0.42857142857142855,
        "recall": 1.0,
        "f1-score": 0.6,
        "support": 6
    },
    "scissors": {
        "precision": 0.7692307692307693,
        "recall": 1.0,
        "f1-score": 0.8695652173913044,
        "support": 20
    },
    "speaker": {
        "precision": 0.3333333333333333,
        "recall": 0.08,
        "f1-score": 0.12903225806451613,
        "support": 25
    },
    "stapler": {
        "precision": 0.2,
        "recall": 0.15789473684210525,
        "f1-score": 0.17647058823529413,
        "support": 19
    },
    "tape_dispenser": {
        "precision": 0.39285714285714285,
        "recall": 0.6111111111111112,
        "f1-score": 0.4782608695652174,
        "support": 18
    },
    "trash_can": {
        "precision": 0.125,
        "recall": 0.125,
        "f1-score": 0.125,
        "support": 16
    },
    "accuracy": 0.5734375,
    "macro avg": {
        "precision": 0.6099430962337505,
        "recall": 0.5842371486372002,
        "f1-score": 0.5643618859305519,
        "support": 640
    },
    "weighted avg": {
        "precision": 0.6304550296314709,
        "recall": 0.5734375,
        "f1-score": 0.5692267231418666,
        "support": 640
    }
}