{
    "back_pack": {
        "precision": 0.7741935483870968,
        "recall": 1.0,
        "f1-score": 0.8727272727272727,
        "support": 24
    },
    "bike": {
        "precision": 1.0,
        "recall": 1.0,
        "f1-score": 1.0,
        "support": 16
    },
    "bike_helmet": {
        "precision": 1.0,
        "recall": 0.8260869565217391,
        "f1-score": 0.9047619047619047,
        "support": 23
    },
    "bookcase": {
        "precision": 0.3888888888888889,
        "recall": 1.0,
        "f1-score": 0.56,
        "support": 7
    },
    "bottle": {
        "precision": 0.8461538461538461,
        "recall": 1.0,
        "f1-score": 0.9166666666666666,
        "support": 11
    },
    "calculator": {
        "precision": 0.6774193548387096,
        "recall": 0.8076923076923077,
        "f1-score": 0.7368421052631579,
        "support": 26
    },
    "desk_chair": {
        "precision": 0.918918918918919,
        "recall": 0.9714285714285714,
        "f1-score": 0.9444444444444445,
        "support": 35
    },
    "desk_lamp": {
        "precision": 1.0,
        "recall": 0.6923076923076923,
        "f1-score": 0.8181818181818181,
        "support": 13
    },
    "desktop_computer": {
        "precision": 0.7857142857142857,
        "recall": 0.6875,
        "f1-score": 0.7333333333333334,
        "support": 16
    },
    "file_cabinet": {
        "precision": 1.0,
        "recall": 0.7142857142857143,
        "f1-score": 0.8333333333333333,
        "support": 14
    },
    "headphones": {
        "precision": 0.8260869565217391,
        "recall": 0.8636363636363636,
        "f1-score": 0.8444444444444444,
        "support": 22
    },
    "keyboard": {
        "precision": 1.0,
        "recall": 0.8181818181818182,
        "f1-score": 0.9,
        "support": 22
    },
    "laptop_computer": {
        "precision": 1.0,
        "recall": 0.76,
        "f1-score": 0.8636363636363636,
        "support": 25
    },
    "letter_tray": {
        "precision": 0.5333333333333333,
        "recall": 0.5714285714285714,
        "f1-score": 0.5517241379310344,
        "support": 14
    },
    "mobile_phone": {
        "precision": 0.65,
        "recall": 0.52,
        "f1-score": 0.5777777777777778,
        "support": 25
    },
    "monitor": {
        "precision": 0.7254901960784313,
        "recall": 0.9736842105263158,
        "f1-score": 0.8314606741573034,
        "support": 38
    },
    "mouse": {
        "precision": 0.7142857142857143,
        "recall": 0.6,
        "f1-score": 0.6521739130434783,
        "support": 25
    },
    "mug": {
        "precision": 1.0,
        "recall": 1.0,
        "f1-score": 1.0,
        "support": 22
    },
    "paper_notebook": {
        "precision": 0.782608695652174,
        "recall": 0.782608695652174,
        "f1-score": 0.782608695652174,
        "support": 23
    },
    "pen": {
        "precision": 0.5757575757575758,
        "recall": 0.7037037037037037,
        "f1-score": 0.6333333333333334,
        "support": 27
    },
    "phone": {
        "precision": 0.7272727272727273,
        "recall": 0.7272727272727273,
        "f1-score": 0.7272727272727273,
        "support": 11
    },
    "printer": {
        "precision": 0.8571428571428571,
        "recall": 0.4,
        "f1-score": 0.5454545454545455,
        "support": 15
    },
    "projector": {
        "precision": 0.631578947368421,
        "recall": 0.48,
        "f1-score": 0.5454545454545454,
        "support": 25
    },
    "punchers": {
        "precision": 0.6666666666666666,
        "recall": 0.36363636363636365,
        "f1-score": 0.4705882352941177,
        "support": 22
    },
    "ring_binder": {
        "precision": 0.6176470588235294,
        "recall": 0.6,
        "f1-score": 0.608695652173913,
        "support": 35
    },
    "ruler": {
        "precision": 0.2,
        "recall": 0.3333333333333333,
        "f1-score": 0.25,
        "support": 6
    },
    "scissors": {
        "precision": 0.8333333333333334,
        "recall": 0.25,
        "f1-score": 0.3846153846153846,
        "support": 20
    },
    "speaker": {
        "precision": 0.6666666666666666,
        "recall": 0.8,
        "f1-score": 0.7272727272727272,
        "support": 25
    },
    "stapler": {
        "precision": 0.9166666666666666,
        "recall": 0.5789473684210527,
        "f1-score": 0.7096774193548387,
        "support": 19
    },
    "tape_dispenser": {
        "precision": 0.4838709677419355,
        "recall": 0.8333333333333334,
        "f1-score": 0.6122448979591837,
        "support": 18
    },
    "trash_can": {
        "precision": 0.64,
        "recall": 1.0,
        "f1-score": 0.7804878048780487,
        "support": 16
    },
    "accuracy": 0.740625,
    "macro avg": {
        "precision": 0.756119264716565,
        "recall": 0.7309376687536058,
        "f1-score": 0.7199746502715443,
        "support": 640
    },
    "weighted avg": {
        "precision": 0.7697647904695676,
        "recall": 0.740625,
        "f1-score": 0.7359170765769133,
        "support": 640
    }
}