{
    "back_pack": {
        "precision": 0.6363636363636364,
        "recall": 1.0,
        "f1-score": 0.7777777777777778,
        "support": 7
    },
    "bike": {
        "precision": 1.0,
        "recall": 1.0,
        "f1-score": 1.0,
        "support": 16
    },
    "bike_helmet": {
        "precision": 1.0,
        "recall": 1.0,
        "f1-score": 1.0,
        "support": 19
    },
    "bookcase": {
        "precision": 0.7,
        "recall": 1.0,
        "f1-score": 0.8235294117647058,
        "support": 7
    },
    "bottle": {
        "precision": 1.0,
        "recall": 1.0,
        "f1-score": 1.0,
        "support": 11
    },
    "calculator": {
        "precision": 0.6666666666666666,
        "recall": 0.8571428571428571,
        "f1-score": 0.75,
        "support": 7
    },
    "desk_chair": {
        "precision": 1.0,
        "recall": 1.0,
        "f1-score": 1.0,
        "support": 8
    },
    "desk_lamp": {
        "precision": 0.6363636363636364,
        "recall": 0.7777777777777778,
        "f1-score": 0.7000000000000001,
        "support": 9
    },
    "desktop_computer": {
        "precision": 0.6363636363636364,
        "recall": 0.7,
        "f1-score": 0.6666666666666666,
        "support": 10
    },
    "file_cabinet": {
        "precision": 0.8,
        "recall": 0.8,
        "f1-score": 0.8000000000000002,
        "support": 10
    },
    "headphones": {
        "precision": 1.0,
        "recall": 1.0,
        "f1-score": 1.0,
        "support": 8
    },
    "keyboard": {
        "precision": 0.7142857142857143,
        "recall": 1.0,
        "f1-score": 0.8333333333333333,
        "support": 5
    },
    "laptop_computer": {
        "precision": 1.0,
        "recall": 0.7894736842105263,
        "f1-score": 0.8823529411764706,
        "support": 19
    },
    "letter_tray": {
        "precision": 0.875,
        "recall": 0.6363636363636364,
        "f1-score": 0.7368421052631579,
        "support": 11
    },
    "mobile_phone": {
        "precision": 0.8235294117647058,
        "recall": 0.5384615384615384,
        "f1-score": 0.6511627906976744,
        "support": 26
    },
    "monitor": {
        "precision": 1.0,
        "recall": 0.7058823529411765,
        "f1-score": 0.8275862068965517,
        "support": 17
    },
    "mouse": {
        "precision": 0.7777777777777778,
        "recall": 1.0,
        "f1-score": 0.8750000000000001,
        "support": 7
    },
    "mug": {
        "precision": 1.0,
        "recall": 1.0,
        "f1-score": 1.0,
        "support": 3
    },
    "paper_notebook": {
        "precision": 0.8333333333333334,
        "recall": 1.0,
        "f1-score": 0.9090909090909091,
        "support": 5
    },
    "pen": {
        "precision": 0.8,
        "recall": 0.8,
        "f1-score": 0.8000000000000002,
        "support": 5
    },
    "phone": {
        "precision": 1.0,
        "recall": 1.0,
        "f1-score": 1.0,
        "support": 8
    },
    "printer": {
        "precision": 0.47368421052631576,
        "recall": 0.9,
        "f1-score": 0.6206896551724138,
        "support": 10
    },
    "projector": {
        "precision": 0.9230769230769231,
        "recall": 0.6666666666666666,
        "f1-score": 0.7741935483870968,
        "support": 18
    },
    "punchers": {
        "precision": 0.7692307692307693,
        "recall": 0.7692307692307693,
        "f1-score": 0.7692307692307693,
        "support": 13
    },
    "ring_binder": {
        "precision": 0.75,
        "recall": 0.6,
        "f1-score": 0.6666666666666665,
        "support": 5
    },
    "ruler": {
        "precision": 0.5,
        "recall": 1.0,
        "f1-score": 0.6666666666666666,
        "support": 2
    },
    "scissors": {
        "precision": 0.9285714285714286,
        "recall": 1.0,
        "f1-score": 0.962962962962963,
        "support": 13
    },
    "speaker": {
        "precision": 0.8947368421052632,
        "recall": 0.8095238095238095,
        "f1-score": 0.8500000000000001,
        "support": 21
    },
    "stapler": {
        "precision": 0.6153846153846154,
        "recall": 0.5,
        "f1-score": 0.5517241379310345,
        "support": 16
    },
    "tape_dispenser": {
        "precision": 0.6818181818181818,
        "recall": 0.8823529411764706,
        "f1-score": 0.7692307692307693,
        "support": 17
    },
    "trash_can": {
        "precision": 0.875,
        "recall": 0.7,
        "f1-score": 0.7777777777777777,
        "support": 10
    },
    "accuracy": 0.8163265306122449,
    "macro avg": {
        "precision": 0.8164898962462132,
        "recall": 0.85267342043533,
        "f1-score": 0.8207253256997874,
        "support": 343
    },
    "weighted avg": {
        "precision": 0.8410542784661605,
        "recall": 0.8163265306122449,
        "f1-score": 0.8163030845209572,
        "support": 343
    }
}