{
    "back_pack": {
        "precision": 0.8888888888888888,
        "recall": 1.0,
        "f1-score": 0.9411764705882353,
        "support": 24
    },
    "bike": {
        "precision": 0.9411764705882353,
        "recall": 1.0,
        "f1-score": 0.9696969696969697,
        "support": 16
    },
    "bike_helmet": {
        "precision": 0.9565217391304348,
        "recall": 0.9565217391304348,
        "f1-score": 0.9565217391304348,
        "support": 23
    },
    "bookcase": {
        "precision": 0.875,
        "recall": 1.0,
        "f1-score": 0.9333333333333333,
        "support": 7
    },
    "bottle": {
        "precision": 0.9166666666666666,
        "recall": 1.0,
        "f1-score": 0.9565217391304348,
        "support": 11
    },
    "calculator": {
        "precision": 0.6666666666666666,
        "recall": 0.8461538461538461,
        "f1-score": 0.7457627118644068,
        "support": 26
    },
    "desk_chair": {
        "precision": 1.0,
        "recall": 1.0,
        "f1-score": 1.0,
        "support": 35
    },
    "desk_lamp": {
        "precision": 1.0,
        "recall": 0.7692307692307693,
        "f1-score": 0.8695652173913044,
        "support": 13
    },
    "desktop_computer": {
        "precision": 0.6,
        "recall": 0.75,
        "f1-score": 0.6666666666666665,
        "support": 16
    },
    "file_cabinet": {
        "precision": 1.0,
        "recall": 0.7142857142857143,
        "f1-score": 0.8333333333333333,
        "support": 14
    },
    "headphones": {
        "precision": 0.8333333333333334,
        "recall": 0.9090909090909091,
        "f1-score": 0.8695652173913043,
        "support": 22
    },
    "keyboard": {
        "precision": 0.9444444444444444,
        "recall": 0.7727272727272727,
        "f1-score": 0.85,
        "support": 22
    },
    "laptop_computer": {
        "precision": 1.0,
        "recall": 0.64,
        "f1-score": 0.7804878048780487,
        "support": 25
    },
    "letter_tray": {
        "precision": 0.8,
        "recall": 0.8571428571428571,
        "f1-score": 0.8275862068965518,
        "support": 14
    },
    "mobile_phone": {
        "precision": 0.75,
        "recall": 0.48,
        "f1-score": 0.5853658536585366,
        "support": 25
    },
    "monitor": {
        "precision": 0.8809523809523809,
        "recall": 0.9736842105263158,
        "f1-score": 0.925,
        "support": 38
    },
    "mouse": {
        "precision": 0.6923076923076923,
        "recall": 0.72,
        "f1-score": 0.7058823529411765,
        "support": 25
    },
    "mug": {
        "precision": 1.0,
        "recall": 1.0,
        "f1-score": 1.0,
        "support": 22
    },
    "paper_notebook": {
        "precision": 0.5882352941176471,
        "recall": 0.8695652173913043,
        "f1-score": 0.7017543859649124,
        "support": 23
    },
    "pen": {
        "precision": 0.5806451612903226,
        "recall": 0.6666666666666666,
        "f1-score": 0.6206896551724138,
        "support": 27
    },
    "phone": {
        "precision": 1.0,
        "recall": 0.7272727272727273,
        "f1-score": 0.8421052631578948,
        "support": 11
    },
    "printer": {
        "precision": 0.6428571428571429,
        "recall": 0.6,
        "f1-score": 0.6206896551724138,
        "support": 15
    },
    "projector": {
        "precision": 0.5714285714285714,
        "recall": 0.48,
        "f1-score": 0.5217391304347826,
        "support": 25
    },
    "punchers": {
        "precision": 0.6,
        "recall": 0.4090909090909091,
        "f1-score": 0.4864864864864865,
        "support": 22
    },
    "ring_binder": {
        "precision": 0.7096774193548387,
        "recall": 0.6285714285714286,
        "f1-score": 0.6666666666666666,
        "support": 35
    },
    "ruler": {
        "precision": 0.2,
        "recall": 0.5,
        "f1-score": 0.28571428571428575,
        "support": 6
    },
    "scissors": {
        "precision": 1.0,
        "recall": 0.25,
        "f1-score": 0.4,
        "support": 20
    },
    "speaker": {
        "precision": 0.65625,
        "recall": 0.84,
        "f1-score": 0.736842105263158,
        "support": 25
    },
    "stapler": {
        "precision": 0.7647058823529411,
        "recall": 0.6842105263157895,
        "f1-score": 0.7222222222222222,
        "support": 19
    },
    "tape_dispenser": {
        "precision": 0.5185185185185185,
        "recall": 0.7777777777777778,
        "f1-score": 0.6222222222222222,
        "support": 18
    },
    "trash_can": {
        "precision": 0.875,
        "recall": 0.875,
        "f1-score": 0.875,
        "support": 16
    },
    "accuracy": 0.7671875,
    "macro avg": {
        "precision": 0.7888153636418945,
        "recall": 0.7644191152056363,
        "f1-score": 0.7586644417863934,
        "support": 640
    },
    "weighted avg": {
        "precision": 0.793784257418719,
        "recall": 0.7671875,
        "f1-score": 0.7643055657206255,
        "support": 640
    }
}