{
    "back_pack": {
        "precision": 1.0,
        "recall": 1.0,
        "f1-score": 1.0,
        "support": 7
    },
    "bike": {
        "precision": 1.0,
        "recall": 1.0,
        "f1-score": 1.0,
        "support": 16
    },
    "bike_helmet": {
        "precision": 1.0,
        "recall": 0.8421052631578947,
        "f1-score": 0.9142857142857143,
        "support": 19
    },
    "bookcase": {
        "precision": 0.875,
        "recall": 1.0,
        "f1-score": 0.9333333333333333,
        "support": 7
    },
    "bottle": {
        "precision": 1.0,
        "recall": 1.0,
        "f1-score": 1.0,
        "support": 11
    },
    "calculator": {
        "precision": 0.5,
        "recall": 1.0,
        "f1-score": 0.6666666666666666,
        "support": 7
    },
    "desk_chair": {
        "precision": 1.0,
        "recall": 1.0,
        "f1-score": 1.0,
        "support": 8
    },
    "desk_lamp": {
        "precision": 1.0,
        "recall": 0.8888888888888888,
        "f1-score": 0.9411764705882353,
        "support": 9
    },
    "desktop_computer": {
        "precision": 0.6666666666666666,
        "recall": 0.8,
        "f1-score": 0.7272727272727272,
        "support": 10
    },
    "file_cabinet": {
        "precision": 1.0,
        "recall": 0.9,
        "f1-score": 0.9473684210526316,
        "support": 10
    },
    "headphones": {
        "precision": 0.8888888888888888,
        "recall": 1.0,
        "f1-score": 0.9411764705882353,
        "support": 8
    },
    "keyboard": {
        "precision": 0.6666666666666666,
        "recall": 0.4,
        "f1-score": 0.5,
        "support": 5
    },
    "laptop_computer": {
        "precision": 1.0,
        "recall": 0.7894736842105263,
        "f1-score": 0.8823529411764706,
        "support": 19
    },
    "letter_tray": {
        "precision": 1.0,
        "recall": 0.9090909090909091,
        "f1-score": 0.9523809523809523,
        "support": 11
    },
    "mobile_phone": {
        "precision": 0.8333333333333334,
        "recall": 0.38461538461538464,
        "f1-score": 0.5263157894736842,
        "support": 26
    },
    "monitor": {
        "precision": 0.8947368421052632,
        "recall": 1.0,
        "f1-score": 0.9444444444444444,
        "support": 17
    },
    "mouse": {
        "precision": 0.5555555555555556,
        "recall": 0.7142857142857143,
        "f1-score": 0.6250000000000001,
        "support": 7
    },
    "mug": {
        "precision": 1.0,
        "recall": 1.0,
        "f1-score": 1.0,
        "support": 3
    },
    "paper_notebook": {
        "precision": 0.8333333333333334,
        "recall": 1.0,
        "f1-score": 0.9090909090909091,
        "support": 5
    },
    "pen": {
        "precision": 0.6666666666666666,
        "recall": 0.4,
        "f1-score": 0.5,
        "support": 5
    },
    "phone": {
        "precision": 0.7777777777777778,
        "recall": 0.875,
        "f1-score": 0.823529411764706,
        "support": 8
    },
    "printer": {
        "precision": 0.8888888888888888,
        "recall": 0.8,
        "f1-score": 0.8421052631578948,
        "support": 10
    },
    "projector": {
        "precision": 0.7272727272727273,
        "recall": 0.8888888888888888,
        "f1-score": 0.7999999999999999,
        "support": 18
    },
    "punchers": {
        "precision": 0.5,
        "recall": 0.5384615384615384,
        "f1-score": 0.5185185185185186,
        "support": 13
    },
    "ring_binder": {
        "precision": 0.5555555555555556,
        "recall": 1.0,
        "f1-score": 0.7142857142857143,
        "support": 5
    },
    "ruler": {
        "precision": 0.125,
        "recall": 1.0,
        "f1-score": 0.2222222222222222,
        "support": 2
    },
    "scissors": {
        "precision": 0.9,
        "recall": 0.6923076923076923,
        "f1-score": 0.7826086956521738,
        "support": 13
    },
    "speaker": {
        "precision": 1.0,
        "recall": 1.0,
        "f1-score": 1.0,
        "support": 21
    },
    "stapler": {
        "precision": 0.36363636363636365,
        "recall": 0.25,
        "f1-score": 0.2962962962962963,
        "support": 16
    },
    "tape_dispenser": {
        "precision": 0.7777777777777778,
        "recall": 0.8235294117647058,
        "f1-score": 0.7999999999999999,
        "support": 17
    },
    "trash_can": {
        "precision": 1.0,
        "recall": 0.6,
        "f1-score": 0.7499999999999999,
        "support": 10
    },
    "accuracy": 0.7959183673469388,
    "macro avg": {
        "precision": 0.8063470014234021,
        "recall": 0.8224724959894241,
        "f1-score": 0.7890461600726301,
        "support": 343
    },
    "weighted avg": {
        "precision": 0.8381119387832598,
        "recall": 0.7959183673469388,
        "f1-score": 0.799998578737845,
        "support": 343
    }
}