{
    "0": {
        "precision": 0.9874686716791979,
        "recall": 0.9899497487437185,
        "f1-score": 0.98870765370138,
        "support": 1194
    },
    "1": {
        "precision": 0.9775828460038987,
        "recall": 0.9980099502487563,
        "f1-score": 0.9876907927129492,
        "support": 1005
    },
    "2": {
        "precision": 0.9684931506849315,
        "recall": 0.9671682626538988,
        "f1-score": 0.9678302532511978,
        "support": 731
    },
    "3": {
        "precision": 0.9472913616398243,
        "recall": 0.9832826747720365,
        "f1-score": 0.9649515287099181,
        "support": 658
    },
    "4": {
        "precision": 0.982484076433121,
        "recall": 0.946319018404908,
        "f1-score": 0.9640624999999999,
        "support": 652
    },
    "5": {
        "precision": 0.9770992366412213,
        "recall": 0.920863309352518,
        "f1-score": 0.9481481481481483,
        "support": 556
    },
    "6": {
        "precision": 0.9746646795827124,
        "recall": 0.9849397590361446,
        "f1-score": 0.9797752808988764,
        "support": 664
    },
    "7": {
        "precision": 0.8720445062586927,
        "recall": 0.9720930232558139,
        "f1-score": 0.9193548387096774,
        "support": 645
    },
    "8": {
        "precision": 0.9794392523364486,
        "recall": 0.966789667896679,
        "f1-score": 0.9730733519034355,
        "support": 542
    },
    "9": {
        "precision": 0.9688581314878892,
        "recall": 0.8695652173913043,
        "f1-score": 0.9165302782324057,
        "support": 644
    },
    "accuracy": 0.9646139075572624,
    "macro avg": {
        "precision": 0.9635425912747937,
        "recall": 0.9598980631755778,
        "f1-score": 0.9610124626267987,
        "support": 7291
    },
    "weighted avg": {
        "precision": 0.9657232371361704,
        "recall": 0.9646139075572624,
        "f1-score": 0.9645471457937198,
        "support": 7291
    }
}