{
    "0": {
        "precision": 0.9293193717277487,
        "recall": 0.9708295350957156,
        "f1-score": 0.9496210432456531,
        "support": 1097
    },
    "1": {
        "precision": 0.948936170212766,
        "recall": 0.609845031905196,
        "f1-score": 0.7425083240843506,
        "support": 1097
    },
    "2": {
        "precision": 0.7528089887640449,
        "recall": 0.7939835916134913,
        "f1-score": 0.7728482697426796,
        "support": 1097
    },
    "3": {
        "precision": 0.6894824707846411,
        "recall": 0.7529626253418414,
        "f1-score": 0.7198257080610022,
        "support": 1097
    },
    "4": {
        "precision": 0.8640955004591369,
        "recall": 0.8577939835916135,
        "f1-score": 0.8609332113449222,
        "support": 1097
    },
    "5": {
        "precision": 0.6859142607174104,
        "recall": 0.7146763901549681,
        "f1-score": 0.7000000000000001,
        "support": 1097
    },
    "6": {
        "precision": 0.8701456310679612,
        "recall": 0.6536007292616226,
        "f1-score": 0.7464862051015096,
        "support": 1097
    },
    "7": {
        "precision": 0.8268710550045085,
        "recall": 0.8359161349134002,
        "f1-score": 0.8313689936536718,
        "support": 1097
    },
    "8": {
        "precision": 0.5945945945945946,
        "recall": 0.8222424794895169,
        "f1-score": 0.6901300688599847,
        "support": 1097
    },
    "9": {
        "precision": 0.7356746765249538,
        "recall": 0.7256153144940748,
        "f1-score": 0.7306103717301514,
        "support": 1097
    },
    "accuracy": 0.7737465815861441,
    "macro avg": {
        "precision": 0.7897842719857766,
        "recall": 0.773746581586144,
        "f1-score": 0.7744332195823926,
        "support": 10970
    },
    "weighted avg": {
        "precision": 0.7897842719857767,
        "recall": 0.7737465815861441,
        "f1-score": 0.7744332195823925,
        "support": 10970
    }
}