{
    "back_pack": {
        "precision": 0.5,
        "recall": 1.0,
        "f1-score": 0.6666666666666666,
        "support": 7
    },
    "bike": {
        "precision": 1.0,
        "recall": 0.9375,
        "f1-score": 0.967741935483871,
        "support": 16
    },
    "bike_helmet": {
        "precision": 0.9333333333333333,
        "recall": 0.7368421052631579,
        "f1-score": 0.8235294117647058,
        "support": 19
    },
    "bookcase": {
        "precision": 0.75,
        "recall": 0.42857142857142855,
        "f1-score": 0.5454545454545454,
        "support": 7
    },
    "bottle": {
        "precision": 1.0,
        "recall": 1.0,
        "f1-score": 1.0,
        "support": 11
    },
    "calculator": {
        "precision": 1.0,
        "recall": 0.5714285714285714,
        "f1-score": 0.7272727272727273,
        "support": 7
    },
    "desk_chair": {
        "precision": 1.0,
        "recall": 1.0,
        "f1-score": 1.0,
        "support": 8
    },
    "desk_lamp": {
        "precision": 0.6363636363636364,
        "recall": 0.7777777777777778,
        "f1-score": 0.7000000000000001,
        "support": 9
    },
    "desktop_computer": {
        "precision": 0.0,
        "recall": 0.0,
        "f1-score": 0.0,
        "support": 10
    },
    "file_cabinet": {
        "precision": 0.38461538461538464,
        "recall": 0.5,
        "f1-score": 0.4347826086956522,
        "support": 10
    },
    "headphones": {
        "precision": 0.6666666666666666,
        "recall": 0.5,
        "f1-score": 0.5714285714285715,
        "support": 8
    },
    "keyboard": {
        "precision": 0.7142857142857143,
        "recall": 1.0,
        "f1-score": 0.8333333333333333,
        "support": 5
    },
    "laptop_computer": {
        "precision": 1.0,
        "recall": 0.3157894736842105,
        "f1-score": 0.4799999999999999,
        "support": 19
    },
    "letter_tray": {
        "precision": 0.20454545454545456,
        "recall": 0.8181818181818182,
        "f1-score": 0.3272727272727273,
        "support": 11
    },
    "mobile_phone": {
        "precision": 1.0,
        "recall": 0.11538461538461539,
        "f1-score": 0.20689655172413793,
        "support": 26
    },
    "monitor": {
        "precision": 1.0,
        "recall": 0.4117647058823529,
        "f1-score": 0.5833333333333334,
        "support": 17
    },
    "mouse": {
        "precision": 0.42857142857142855,
        "recall": 0.8571428571428571,
        "f1-score": 0.5714285714285714,
        "support": 7
    },
    "mug": {
        "precision": 0.4,
        "recall": 0.6666666666666666,
        "f1-score": 0.5,
        "support": 3
    },
    "paper_notebook": {
        "precision": 0.16666666666666666,
        "recall": 0.4,
        "f1-score": 0.23529411764705882,
        "support": 5
    },
    "pen": {
        "precision": 1.0,
        "recall": 0.8,
        "f1-score": 0.888888888888889,
        "support": 5
    },
    "phone": {
        "precision": 1.0,
        "recall": 0.625,
        "f1-score": 0.7692307692307693,
        "support": 8
    },
    "printer": {
        "precision": 0.25,
        "recall": 0.3,
        "f1-score": 0.2727272727272727,
        "support": 10
    },
    "projector": {
        "precision": 0.47368421052631576,
        "recall": 0.5,
        "f1-score": 0.4864864864864865,
        "support": 18
    },
    "punchers": {
        "precision": 0.4666666666666667,
        "recall": 0.5384615384615384,
        "f1-score": 0.5,
        "support": 13
    },
    "ring_binder": {
        "precision": 0.15384615384615385,
        "recall": 0.4,
        "f1-score": 0.2222222222222222,
        "support": 5
    },
    "ruler": {
        "precision": 0.5,
        "recall": 0.5,
        "f1-score": 0.5,
        "support": 2
    },
    "scissors": {
        "precision": 1.0,
        "recall": 0.9230769230769231,
        "f1-score": 0.9600000000000001,
        "support": 13
    },
    "speaker": {
        "precision": 0.26666666666666666,
        "recall": 0.19047619047619047,
        "f1-score": 0.2222222222222222,
        "support": 21
    },
    "stapler": {
        "precision": 0.6363636363636364,
        "recall": 0.4375,
        "f1-score": 0.5185185185185185,
        "support": 16
    },
    "tape_dispenser": {
        "precision": 0.7647058823529411,
        "recall": 0.7647058823529411,
        "f1-score": 0.7647058823529412,
        "support": 17
    },
    "trash_can": {
        "precision": 0.35294117647058826,
        "recall": 0.6,
        "f1-score": 0.4444444444444445,
        "support": 10
    },
    "accuracy": 0.5568513119533528,
    "macro avg": {
        "precision": 0.6338684734819758,
        "recall": 0.6005248565919694,
        "f1-score": 0.5717381228580538,
        "support": 343
    },
    "weighted avg": {
        "precision": 0.6805198201654529,
        "recall": 0.5568513119533528,
        "f1-score": 0.5579180609115126,
        "support": 343
    }
}