{
    "back_pack": {
        "precision": 0.9661016949152542,
        "recall": 0.6551724137931034,
        "f1-score": 0.7808219178082192,
        "support": 87
    },
    "bike": {
        "precision": 0.8941176470588236,
        "recall": 0.987012987012987,
        "f1-score": 0.9382716049382716,
        "support": 77
    },
    "bike_helmet": {
        "precision": 0.7777777777777778,
        "recall": 0.7313432835820896,
        "f1-score": 0.7538461538461538,
        "support": 67
    },
    "bookcase": {
        "precision": 0.4740740740740741,
        "recall": 0.8311688311688312,
        "f1-score": 0.6037735849056604,
        "support": 77
    },
    "bottle": {
        "precision": 0.43902439024390244,
        "recall": 0.5806451612903226,
        "f1-score": 0.5,
        "support": 31
    },
    "calculator": {
        "precision": 0.7024793388429752,
        "recall": 0.9550561797752809,
        "f1-score": 0.8095238095238095,
        "support": 89
    },
    "desk_chair": {
        "precision": 0.8,
        "recall": 0.8372093023255814,
        "f1-score": 0.8181818181818183,
        "support": 86
    },
    "desk_lamp": {
        "precision": 0.8333333333333334,
        "recall": 0.32608695652173914,
        "f1-score": 0.46875000000000006,
        "support": 92
    },
    "desktop_computer": {
        "precision": 0.25,
        "recall": 0.11956521739130435,
        "f1-score": 0.16176470588235295,
        "support": 92
    },
    "file_cabinet": {
        "precision": 0.6666666666666666,
        "recall": 0.4473684210526316,
        "f1-score": 0.5354330708661418,
        "support": 76
    },
    "headphones": {
        "precision": 0.881578947368421,
        "recall": 0.7127659574468085,
        "f1-score": 0.788235294117647,
        "support": 94
    },
    "keyboard": {
        "precision": 0.8210526315789474,
        "recall": 0.8210526315789474,
        "f1-score": 0.8210526315789475,
        "support": 95
    },
    "laptop_computer": {
        "precision": 0.8076923076923077,
        "recall": 0.8842105263157894,
        "f1-score": 0.8442211055276383,
        "support": 95
    },
    "letter_tray": {
        "precision": 0.696969696969697,
        "recall": 0.24731182795698925,
        "f1-score": 0.36507936507936506,
        "support": 93
    },
    "mobile_phone": {
        "precision": 0.4221105527638191,
        "recall": 0.8842105263157894,
        "f1-score": 0.5714285714285714,
        "support": 95
    },
    "monitor": {
        "precision": 0.845360824742268,
        "recall": 0.8723404255319149,
        "f1-score": 0.8586387434554974,
        "support": 94
    },
    "mouse": {
        "precision": 0.628099173553719,
        "recall": 0.8,
        "f1-score": 0.7037037037037038,
        "support": 95
    },
    "mug": {
        "precision": 0.8450704225352113,
        "recall": 0.6741573033707865,
        "f1-score": 0.7499999999999999,
        "support": 89
    },
    "paper_notebook": {
        "precision": 0.7647058823529411,
        "recall": 0.42857142857142855,
        "f1-score": 0.5492957746478873,
        "support": 91
    },
    "pen": {
        "precision": 0.4406779661016949,
        "recall": 0.28888888888888886,
        "f1-score": 0.34899328859060397,
        "support": 90
    },
    "phone": {
        "precision": 0.9230769230769231,
        "recall": 0.5454545454545454,
        "f1-score": 0.6857142857142856,
        "support": 88
    },
    "printer": {
        "precision": 0.7972972972972973,
        "recall": 0.6210526315789474,
        "f1-score": 0.6982248520710059,
        "support": 95
    },
    "projector": {
        "precision": 0.7341772151898734,
        "recall": 0.6236559139784946,
        "f1-score": 0.6744186046511628,
        "support": 93
    },
    "punchers": {
        "precision": 0.13953488372093023,
        "recall": 0.12903225806451613,
        "f1-score": 0.13407821229050276,
        "support": 93
    },
    "ring_binder": {
        "precision": 0.3888888888888889,
        "recall": 0.32941176470588235,
        "f1-score": 0.35668789808917195,
        "support": 85
    },
    "ruler": {
        "precision": 0.3783783783783784,
        "recall": 0.6,
        "f1-score": 0.4640883977900553,
        "support": 70
    },
    "scissors": {
        "precision": 0.376,
        "recall": 0.49473684210526314,
        "f1-score": 0.4272727272727273,
        "support": 95
    },
    "speaker": {
        "precision": 0.6190476190476191,
        "recall": 0.4148936170212766,
        "f1-score": 0.49681528662420393,
        "support": 94
    },
    "stapler": {
        "precision": 0.3275862068965517,
        "recall": 0.6063829787234043,
        "f1-score": 0.4253731343283582,
        "support": 94
    },
    "tape_dispenser": {
        "precision": 0.22666666666666666,
        "recall": 0.37362637362637363,
        "f1-score": 0.2821576763485477,
        "support": 91
    },
    "trash_can": {
        "precision": 0.6222222222222222,
        "recall": 0.4745762711864407,
        "f1-score": 0.5384615384615384,
        "support": 59
    },
    "accuracy": 0.5886551465063862,
    "macro avg": {
        "precision": 0.6287022461276512,
        "recall": 0.590224563430205,
        "f1-score": 0.5856228308943178,
        "support": 2662
    },
    "weighted avg": {
        "precision": 0.6321190241516175,
        "recall": 0.5886551465063862,
        "f1-score": 0.5858083789826329,
        "support": 2662
    }
}