{
    "back_pack": {
        "precision": 0.4375,
        "recall": 1.0,
        "f1-score": 0.6086956521739131,
        "support": 7
    },
    "bike": {
        "precision": 1.0,
        "recall": 0.9375,
        "f1-score": 0.967741935483871,
        "support": 16
    },
    "bike_helmet": {
        "precision": 0.9444444444444444,
        "recall": 0.8947368421052632,
        "f1-score": 0.918918918918919,
        "support": 19
    },
    "bookcase": {
        "precision": 0.6666666666666666,
        "recall": 0.5714285714285714,
        "f1-score": 0.6153846153846153,
        "support": 7
    },
    "bottle": {
        "precision": 1.0,
        "recall": 0.9090909090909091,
        "f1-score": 0.9523809523809523,
        "support": 11
    },
    "calculator": {
        "precision": 0.8333333333333334,
        "recall": 0.7142857142857143,
        "f1-score": 0.7692307692307692,
        "support": 7
    },
    "desk_chair": {
        "precision": 1.0,
        "recall": 0.875,
        "f1-score": 0.9333333333333333,
        "support": 8
    },
    "desk_lamp": {
        "precision": 0.5,
        "recall": 0.3333333333333333,
        "f1-score": 0.4,
        "support": 9
    },
    "desktop_computer": {
        "precision": 0.08333333333333333,
        "recall": 0.1,
        "f1-score": 0.0909090909090909,
        "support": 10
    },
    "file_cabinet": {
        "precision": 0.2857142857142857,
        "recall": 0.6,
        "f1-score": 0.3870967741935483,
        "support": 10
    },
    "headphones": {
        "precision": 1.0,
        "recall": 0.625,
        "f1-score": 0.7692307692307693,
        "support": 8
    },
    "keyboard": {
        "precision": 0.6666666666666666,
        "recall": 0.8,
        "f1-score": 0.7272727272727272,
        "support": 5
    },
    "laptop_computer": {
        "precision": 1.0,
        "recall": 0.47368421052631576,
        "f1-score": 0.6428571428571429,
        "support": 19
    },
    "letter_tray": {
        "precision": 0.22580645161290322,
        "recall": 0.6363636363636364,
        "f1-score": 0.3333333333333333,
        "support": 11
    },
    "mobile_phone": {
        "precision": 1.0,
        "recall": 0.23076923076923078,
        "f1-score": 0.375,
        "support": 26
    },
    "monitor": {
        "precision": 1.0,
        "recall": 0.23529411764705882,
        "f1-score": 0.38095238095238093,
        "support": 17
    },
    "mouse": {
        "precision": 0.6,
        "recall": 0.8571428571428571,
        "f1-score": 0.7058823529411764,
        "support": 7
    },
    "mug": {
        "precision": 0.5,
        "recall": 0.6666666666666666,
        "f1-score": 0.5714285714285715,
        "support": 3
    },
    "paper_notebook": {
        "precision": 0.3333333333333333,
        "recall": 0.4,
        "f1-score": 0.3636363636363636,
        "support": 5
    },
    "pen": {
        "precision": 0.5714285714285714,
        "recall": 0.8,
        "f1-score": 0.6666666666666666,
        "support": 5
    },
    "phone": {
        "precision": 1.0,
        "recall": 0.75,
        "f1-score": 0.8571428571428571,
        "support": 8
    },
    "printer": {
        "precision": 0.2857142857142857,
        "recall": 0.4,
        "f1-score": 0.3333333333333333,
        "support": 10
    },
    "projector": {
        "precision": 0.5263157894736842,
        "recall": 0.5555555555555556,
        "f1-score": 0.5405405405405405,
        "support": 18
    },
    "punchers": {
        "precision": 0.25,
        "recall": 0.3076923076923077,
        "f1-score": 0.27586206896551724,
        "support": 13
    },
    "ring_binder": {
        "precision": 0.3333333333333333,
        "recall": 0.4,
        "f1-score": 0.3636363636363636,
        "support": 5
    },
    "ruler": {
        "precision": 0.4,
        "recall": 1.0,
        "f1-score": 0.5714285714285715,
        "support": 2
    },
    "scissors": {
        "precision": 0.75,
        "recall": 0.9230769230769231,
        "f1-score": 0.8275862068965517,
        "support": 13
    },
    "speaker": {
        "precision": 0.4444444444444444,
        "recall": 0.19047619047619047,
        "f1-score": 0.26666666666666666,
        "support": 21
    },
    "stapler": {
        "precision": 0.5,
        "recall": 0.4375,
        "f1-score": 0.4666666666666667,
        "support": 16
    },
    "tape_dispenser": {
        "precision": 0.8,
        "recall": 0.7058823529411765,
        "f1-score": 0.7500000000000001,
        "support": 17
    },
    "trash_can": {
        "precision": 0.2222222222222222,
        "recall": 0.4,
        "f1-score": 0.2857142857142857,
        "support": 10
    },
    "accuracy": 0.5568513119533528,
    "macro avg": {
        "precision": 0.6180728116684356,
        "recall": 0.60420901351941,
        "f1-score": 0.5715654810103062,
        "support": 343
    },
    "weighted avg": {
        "precision": 0.6696544715734603,
        "recall": 0.5568513119533528,
        "f1-score": 0.5621680333924579,
        "support": 343
    }
}