{
    "back_pack": {
        "precision": 0.8315789473684211,
        "recall": 0.9080459770114943,
        "f1-score": 0.8681318681318682,
        "support": 87
    },
    "bike": {
        "precision": 0.9375,
        "recall": 0.974025974025974,
        "f1-score": 0.9554140127388535,
        "support": 77
    },
    "bike_helmet": {
        "precision": 0.5961538461538461,
        "recall": 0.9253731343283582,
        "f1-score": 0.7251461988304093,
        "support": 67
    },
    "bookcase": {
        "precision": 0.42857142857142855,
        "recall": 0.8181818181818182,
        "f1-score": 0.5625,
        "support": 77
    },
    "bottle": {
        "precision": 0.3018867924528302,
        "recall": 0.5161290322580645,
        "f1-score": 0.380952380952381,
        "support": 31
    },
    "calculator": {
        "precision": 0.6880733944954128,
        "recall": 0.8426966292134831,
        "f1-score": 0.7575757575757576,
        "support": 89
    },
    "desk_chair": {
        "precision": 0.7207207207207207,
        "recall": 0.9302325581395349,
        "f1-score": 0.8121827411167513,
        "support": 86
    },
    "desk_lamp": {
        "precision": 0.8571428571428571,
        "recall": 0.5217391304347826,
        "f1-score": 0.6486486486486486,
        "support": 92
    },
    "desktop_computer": {
        "precision": 0.05,
        "recall": 0.03260869565217391,
        "f1-score": 0.03947368421052632,
        "support": 92
    },
    "file_cabinet": {
        "precision": 0.6,
        "recall": 0.39473684210526316,
        "f1-score": 0.47619047619047616,
        "support": 76
    },
    "headphones": {
        "precision": 0.8367346938775511,
        "recall": 0.8723404255319149,
        "f1-score": 0.8541666666666667,
        "support": 94
    },
    "keyboard": {
        "precision": 0.875,
        "recall": 0.8105263157894737,
        "f1-score": 0.8415300546448087,
        "support": 95
    },
    "laptop_computer": {
        "precision": 0.55,
        "recall": 0.8105263157894737,
        "f1-score": 0.6553191489361703,
        "support": 95
    },
    "letter_tray": {
        "precision": 0.7051282051282052,
        "recall": 0.5913978494623656,
        "f1-score": 0.6432748538011697,
        "support": 93
    },
    "mobile_phone": {
        "precision": 0.551948051948052,
        "recall": 0.8947368421052632,
        "f1-score": 0.6827309236947791,
        "support": 95
    },
    "monitor": {
        "precision": 0.7372881355932204,
        "recall": 0.925531914893617,
        "f1-score": 0.8207547169811321,
        "support": 94
    },
    "mouse": {
        "precision": 0.5968992248062015,
        "recall": 0.8105263157894737,
        "f1-score": 0.6874999999999999,
        "support": 95
    },
    "mug": {
        "precision": 0.7777777777777778,
        "recall": 0.6292134831460674,
        "f1-score": 0.6956521739130433,
        "support": 89
    },
    "paper_notebook": {
        "precision": 0.4854368932038835,
        "recall": 0.5494505494505495,
        "f1-score": 0.5154639175257733,
        "support": 91
    },
    "pen": {
        "precision": 0.3565217391304348,
        "recall": 0.45555555555555555,
        "f1-score": 0.39999999999999997,
        "support": 90
    },
    "phone": {
        "precision": 0.8787878787878788,
        "recall": 0.6590909090909091,
        "f1-score": 0.7532467532467532,
        "support": 88
    },
    "printer": {
        "precision": 0.8888888888888888,
        "recall": 0.5052631578947369,
        "f1-score": 0.6442953020134229,
        "support": 95
    },
    "projector": {
        "precision": 0.7333333333333333,
        "recall": 0.5913978494623656,
        "f1-score": 0.6547619047619048,
        "support": 93
    },
    "punchers": {
        "precision": 0.6,
        "recall": 0.16129032258064516,
        "f1-score": 0.2542372881355932,
        "support": 93
    },
    "ring_binder": {
        "precision": 0.525,
        "recall": 0.49411764705882355,
        "f1-score": 0.5090909090909093,
        "support": 85
    },
    "ruler": {
        "precision": 0.524390243902439,
        "recall": 0.6142857142857143,
        "f1-score": 0.5657894736842106,
        "support": 70
    },
    "scissors": {
        "precision": 0.4605263157894737,
        "recall": 0.3684210526315789,
        "f1-score": 0.4093567251461988,
        "support": 95
    },
    "speaker": {
        "precision": 0.55,
        "recall": 0.23404255319148937,
        "f1-score": 0.3283582089552239,
        "support": 94
    },
    "stapler": {
        "precision": 0.44881889763779526,
        "recall": 0.6063829787234043,
        "f1-score": 0.5158371040723982,
        "support": 94
    },
    "tape_dispenser": {
        "precision": 0.5,
        "recall": 0.23076923076923078,
        "f1-score": 0.3157894736842105,
        "support": 91
    },
    "trash_can": {
        "precision": 0.5428571428571428,
        "recall": 0.3220338983050847,
        "f1-score": 0.4042553191489362,
        "support": 59
    },
    "accuracy": 0.6134485349361383,
    "macro avg": {
        "precision": 0.6173214648247675,
        "recall": 0.6129248604147962,
        "f1-score": 0.5928266673064186,
        "support": 2662
    },
    "weighted avg": {
        "precision": 0.6254415712435882,
        "recall": 0.6134485349361383,
        "f1-score": 0.5972091437789815,
        "support": 2662
    }
}