{
    "back_pack": {
        "precision": 0.8452380952380952,
        "recall": 0.8160919540229885,
        "f1-score": 0.8304093567251463,
        "support": 87
    },
    "bike": {
        "precision": 0.9605263157894737,
        "recall": 0.948051948051948,
        "f1-score": 0.9542483660130718,
        "support": 77
    },
    "bike_helmet": {
        "precision": 0.5647058823529412,
        "recall": 0.7164179104477612,
        "f1-score": 0.631578947368421,
        "support": 67
    },
    "bookcase": {
        "precision": 0.35106382978723405,
        "recall": 0.8571428571428571,
        "f1-score": 0.49811320754716987,
        "support": 77
    },
    "bottle": {
        "precision": 0.32142857142857145,
        "recall": 0.5806451612903226,
        "f1-score": 0.41379310344827586,
        "support": 31
    },
    "calculator": {
        "precision": 0.5871559633027523,
        "recall": 0.7191011235955056,
        "f1-score": 0.6464646464646464,
        "support": 89
    },
    "desk_chair": {
        "precision": 0.7526881720430108,
        "recall": 0.813953488372093,
        "f1-score": 0.782122905027933,
        "support": 86
    },
    "desk_lamp": {
        "precision": 0.6829268292682927,
        "recall": 0.30434782608695654,
        "f1-score": 0.4210526315789474,
        "support": 92
    },
    "desktop_computer": {
        "precision": 0.25925925925925924,
        "recall": 0.15217391304347827,
        "f1-score": 0.19178082191780824,
        "support": 92
    },
    "file_cabinet": {
        "precision": 0.45454545454545453,
        "recall": 0.32894736842105265,
        "f1-score": 0.38167938931297707,
        "support": 76
    },
    "headphones": {
        "precision": 0.801980198019802,
        "recall": 0.8617021276595744,
        "f1-score": 0.8307692307692307,
        "support": 94
    },
    "keyboard": {
        "precision": 0.5954198473282443,
        "recall": 0.8210526315789474,
        "f1-score": 0.6902654867256637,
        "support": 95
    },
    "laptop_computer": {
        "precision": 0.7217391304347827,
        "recall": 0.8736842105263158,
        "f1-score": 0.7904761904761904,
        "support": 95
    },
    "letter_tray": {
        "precision": 0.4375,
        "recall": 0.3010752688172043,
        "f1-score": 0.356687898089172,
        "support": 93
    },
    "mobile_phone": {
        "precision": 0.736,
        "recall": 0.968421052631579,
        "f1-score": 0.8363636363636363,
        "support": 95
    },
    "monitor": {
        "precision": 0.6554621848739496,
        "recall": 0.8297872340425532,
        "f1-score": 0.7323943661971831,
        "support": 94
    },
    "mouse": {
        "precision": 0.7526881720430108,
        "recall": 0.7368421052631579,
        "f1-score": 0.7446808510638299,
        "support": 95
    },
    "mug": {
        "precision": 0.7285714285714285,
        "recall": 0.5730337078651685,
        "f1-score": 0.6415094339622641,
        "support": 89
    },
    "paper_notebook": {
        "precision": 0.5211267605633803,
        "recall": 0.4065934065934066,
        "f1-score": 0.45679012345679015,
        "support": 91
    },
    "pen": {
        "precision": 0.25225225225225223,
        "recall": 0.3111111111111111,
        "f1-score": 0.2786069651741293,
        "support": 90
    },
    "phone": {
        "precision": 0.6923076923076923,
        "recall": 0.6136363636363636,
        "f1-score": 0.6506024096385543,
        "support": 88
    },
    "printer": {
        "precision": 0.62,
        "recall": 0.6526315789473685,
        "f1-score": 0.635897435897436,
        "support": 95
    },
    "projector": {
        "precision": 0.34054054054054056,
        "recall": 0.6774193548387096,
        "f1-score": 0.45323741007194246,
        "support": 93
    },
    "punchers": {
        "precision": 0.22580645161290322,
        "recall": 0.07526881720430108,
        "f1-score": 0.11290322580645161,
        "support": 93
    },
    "ring_binder": {
        "precision": 0.525,
        "recall": 0.24705882352941178,
        "f1-score": 0.336,
        "support": 85
    },
    "ruler": {
        "precision": 0.42857142857142855,
        "recall": 0.3,
        "f1-score": 0.3529411764705882,
        "support": 70
    },
    "scissors": {
        "precision": 0.18681318681318682,
        "recall": 0.17894736842105263,
        "f1-score": 0.18279569892473116,
        "support": 95
    },
    "speaker": {
        "precision": 0.7454545454545455,
        "recall": 0.43617021276595747,
        "f1-score": 0.5503355704697986,
        "support": 94
    },
    "stapler": {
        "precision": 0.45588235294117646,
        "recall": 0.32978723404255317,
        "f1-score": 0.3827160493827161,
        "support": 94
    },
    "tape_dispenser": {
        "precision": 0.23255813953488372,
        "recall": 0.10989010989010989,
        "f1-score": 0.14925373134328357,
        "support": 91
    },
    "trash_can": {
        "precision": 0.4074074074074074,
        "recall": 0.559322033898305,
        "f1-score": 0.4714285714285714,
        "support": 59
    },
    "accuracy": 0.5495867768595041,
    "macro avg": {
        "precision": 0.5433103255576033,
        "recall": 0.5516228485076811,
        "f1-score": 0.5286418979715021,
        "support": 2662
    },
    "weighted avg": {
        "precision": 0.5494906566309578,
        "recall": 0.5495867768595041,
        "f1-score": 0.5312441849870189,
        "support": 2662
    }
}