{
    "back_pack": {
        "precision": 0.7835051546391752,
        "recall": 0.8735632183908046,
        "f1-score": 0.8260869565217391,
        "support": 87
    },
    "bike": {
        "precision": 1.0,
        "recall": 0.974025974025974,
        "f1-score": 0.9868421052631579,
        "support": 77
    },
    "bike_helmet": {
        "precision": 0.9302325581395349,
        "recall": 0.5970149253731343,
        "f1-score": 0.7272727272727273,
        "support": 67
    },
    "bookcase": {
        "precision": 0.3791208791208791,
        "recall": 0.8961038961038961,
        "f1-score": 0.5328185328185329,
        "support": 77
    },
    "bottle": {
        "precision": 0.31666666666666665,
        "recall": 0.6129032258064516,
        "f1-score": 0.4175824175824176,
        "support": 31
    },
    "calculator": {
        "precision": 0.664,
        "recall": 0.9325842696629213,
        "f1-score": 0.7757009345794392,
        "support": 89
    },
    "desk_chair": {
        "precision": 0.974025974025974,
        "recall": 0.872093023255814,
        "f1-score": 0.9202453987730062,
        "support": 86
    },
    "desk_lamp": {
        "precision": 0.9791666666666666,
        "recall": 0.5108695652173914,
        "f1-score": 0.6714285714285714,
        "support": 92
    },
    "desktop_computer": {
        "precision": 0.16,
        "recall": 0.17391304347826086,
        "f1-score": 0.16666666666666666,
        "support": 92
    },
    "file_cabinet": {
        "precision": 0.38461538461538464,
        "recall": 0.5263157894736842,
        "f1-score": 0.4444444444444444,
        "support": 76
    },
    "headphones": {
        "precision": 0.8349514563106796,
        "recall": 0.9148936170212766,
        "f1-score": 0.8730964467005077,
        "support": 94
    },
    "keyboard": {
        "precision": 0.9629629629629629,
        "recall": 0.8210526315789474,
        "f1-score": 0.8863636363636364,
        "support": 95
    },
    "laptop_computer": {
        "precision": 0.7684210526315789,
        "recall": 0.7684210526315789,
        "f1-score": 0.7684210526315788,
        "support": 95
    },
    "letter_tray": {
        "precision": 0.7368421052631579,
        "recall": 0.6021505376344086,
        "f1-score": 0.6627218934911242,
        "support": 93
    },
    "mobile_phone": {
        "precision": 0.8095238095238095,
        "recall": 0.8947368421052632,
        "f1-score": 0.8500000000000001,
        "support": 95
    },
    "monitor": {
        "precision": 0.9315068493150684,
        "recall": 0.723404255319149,
        "f1-score": 0.8143712574850299,
        "support": 94
    },
    "mouse": {
        "precision": 0.5983606557377049,
        "recall": 0.7684210526315789,
        "f1-score": 0.6728110599078341,
        "support": 95
    },
    "mug": {
        "precision": 0.6204379562043796,
        "recall": 0.9550561797752809,
        "f1-score": 0.7522123893805311,
        "support": 89
    },
    "paper_notebook": {
        "precision": 0.51,
        "recall": 0.5604395604395604,
        "f1-score": 0.5340314136125655,
        "support": 91
    },
    "pen": {
        "precision": 0.5517241379310345,
        "recall": 0.35555555555555557,
        "f1-score": 0.4324324324324324,
        "support": 90
    },
    "phone": {
        "precision": 0.8611111111111112,
        "recall": 0.3522727272727273,
        "f1-score": 0.5,
        "support": 88
    },
    "printer": {
        "precision": 0.8596491228070176,
        "recall": 0.5157894736842106,
        "f1-score": 0.6447368421052632,
        "support": 95
    },
    "projector": {
        "precision": 0.405,
        "recall": 0.8709677419354839,
        "f1-score": 0.5529010238907851,
        "support": 93
    },
    "punchers": {
        "precision": 0.2846715328467153,
        "recall": 0.41935483870967744,
        "f1-score": 0.3391304347826087,
        "support": 93
    },
    "ring_binder": {
        "precision": 0.7586206896551724,
        "recall": 0.25882352941176473,
        "f1-score": 0.3859649122807018,
        "support": 85
    },
    "ruler": {
        "precision": 0.5670103092783505,
        "recall": 0.7857142857142857,
        "f1-score": 0.6586826347305389,
        "support": 70
    },
    "scissors": {
        "precision": 0.38461538461538464,
        "recall": 0.42105263157894735,
        "f1-score": 0.4020100502512563,
        "support": 95
    },
    "speaker": {
        "precision": 0.5671641791044776,
        "recall": 0.40425531914893614,
        "f1-score": 0.4720496894409938,
        "support": 94
    },
    "stapler": {
        "precision": 0.4444444444444444,
        "recall": 0.1276595744680851,
        "f1-score": 0.19834710743801653,
        "support": 94
    },
    "tape_dispenser": {
        "precision": 0.4186046511627907,
        "recall": 0.1978021978021978,
        "f1-score": 0.26865671641791045,
        "support": 91
    },
    "trash_can": {
        "precision": 1.0,
        "recall": 0.06779661016949153,
        "f1-score": 0.12698412698412698,
        "support": 59
    },
    "accuracy": 0.6070623591284748,
    "macro avg": {
        "precision": 0.659579215960649,
        "recall": 0.6050002304960239,
        "f1-score": 0.5891939959896176,
        "support": 2662
    },
    "weighted avg": {
        "precision": 0.661894803129642,
        "recall": 0.6070623591284748,
        "f1-score": 0.5959721907668087,
        "support": 2662
    }
}