{
    "back_pack": {
        "precision": 0.8375,
        "recall": 0.7701149425287356,
        "f1-score": 0.8023952095808383,
        "support": 87
    },
    "bike": {
        "precision": 0.8850574712643678,
        "recall": 1.0,
        "f1-score": 0.9390243902439025,
        "support": 77
    },
    "bike_helmet": {
        "precision": 0.6666666666666666,
        "recall": 0.7761194029850746,
        "f1-score": 0.7172413793103448,
        "support": 67
    },
    "bookcase": {
        "precision": 0.5478260869565217,
        "recall": 0.8181818181818182,
        "f1-score": 0.6562499999999999,
        "support": 77
    },
    "bottle": {
        "precision": 0.43902439024390244,
        "recall": 0.5806451612903226,
        "f1-score": 0.5,
        "support": 31
    },
    "calculator": {
        "precision": 0.5833333333333334,
        "recall": 0.7865168539325843,
        "f1-score": 0.6698564593301436,
        "support": 89
    },
    "desk_chair": {
        "precision": 0.8452380952380952,
        "recall": 0.8255813953488372,
        "f1-score": 0.8352941176470589,
        "support": 86
    },
    "desk_lamp": {
        "precision": 0.9130434782608695,
        "recall": 0.22826086956521738,
        "f1-score": 0.36521739130434777,
        "support": 92
    },
    "desktop_computer": {
        "precision": 0.7692307692307693,
        "recall": 0.21739130434782608,
        "f1-score": 0.3389830508474576,
        "support": 92
    },
    "file_cabinet": {
        "precision": 0.3181818181818182,
        "recall": 0.5526315789473685,
        "f1-score": 0.4038461538461538,
        "support": 76
    },
    "headphones": {
        "precision": 0.8850574712643678,
        "recall": 0.8191489361702128,
        "f1-score": 0.850828729281768,
        "support": 94
    },
    "keyboard": {
        "precision": 0.7232142857142857,
        "recall": 0.8526315789473684,
        "f1-score": 0.782608695652174,
        "support": 95
    },
    "laptop_computer": {
        "precision": 0.6754385964912281,
        "recall": 0.8105263157894737,
        "f1-score": 0.736842105263158,
        "support": 95
    },
    "letter_tray": {
        "precision": 0.6119402985074627,
        "recall": 0.44086021505376344,
        "f1-score": 0.5125,
        "support": 93
    },
    "mobile_phone": {
        "precision": 0.6419753086419753,
        "recall": 0.5473684210526316,
        "f1-score": 0.5909090909090908,
        "support": 95
    },
    "monitor": {
        "precision": 0.7870370370370371,
        "recall": 0.9042553191489362,
        "f1-score": 0.8415841584158417,
        "support": 94
    },
    "mouse": {
        "precision": 0.5895522388059702,
        "recall": 0.8315789473684211,
        "f1-score": 0.6899563318777292,
        "support": 95
    },
    "mug": {
        "precision": 0.7391304347826086,
        "recall": 0.5730337078651685,
        "f1-score": 0.6455696202531644,
        "support": 89
    },
    "paper_notebook": {
        "precision": 0.42857142857142855,
        "recall": 0.6593406593406593,
        "f1-score": 0.5194805194805194,
        "support": 91
    },
    "pen": {
        "precision": 0.5060240963855421,
        "recall": 0.4666666666666667,
        "f1-score": 0.48554913294797686,
        "support": 90
    },
    "phone": {
        "precision": 0.7058823529411765,
        "recall": 0.6818181818181818,
        "f1-score": 0.6936416184971098,
        "support": 88
    },
    "printer": {
        "precision": 0.8987341772151899,
        "recall": 0.7473684210526316,
        "f1-score": 0.8160919540229885,
        "support": 95
    },
    "projector": {
        "precision": 0.6055045871559633,
        "recall": 0.7096774193548387,
        "f1-score": 0.6534653465346535,
        "support": 93
    },
    "punchers": {
        "precision": 0.2549019607843137,
        "recall": 0.13978494623655913,
        "f1-score": 0.18055555555555552,
        "support": 93
    },
    "ring_binder": {
        "precision": 0.3409090909090909,
        "recall": 0.35294117647058826,
        "f1-score": 0.3468208092485549,
        "support": 85
    },
    "ruler": {
        "precision": 0.5294117647058824,
        "recall": 0.6428571428571429,
        "f1-score": 0.5806451612903226,
        "support": 70
    },
    "scissors": {
        "precision": 0.4657534246575342,
        "recall": 0.35789473684210527,
        "f1-score": 0.40476190476190477,
        "support": 95
    },
    "speaker": {
        "precision": 0.6666666666666666,
        "recall": 0.19148936170212766,
        "f1-score": 0.29752066115702475,
        "support": 94
    },
    "stapler": {
        "precision": 0.2857142857142857,
        "recall": 0.6382978723404256,
        "f1-score": 0.39473684210526316,
        "support": 94
    },
    "tape_dispenser": {
        "precision": 0.32608695652173914,
        "recall": 0.16483516483516483,
        "f1-score": 0.21897810218978103,
        "support": 91
    },
    "trash_can": {
        "precision": 0.5357142857142857,
        "recall": 0.2542372881355932,
        "f1-score": 0.3448275862068965,
        "support": 59
    },
    "accuracy": 0.5909090909090909,
    "macro avg": {
        "precision": 0.61317170511498,
        "recall": 0.5916792195540788,
        "f1-score": 0.5747090992826364,
        "support": 2662
    },
    "weighted avg": {
        "precision": 0.6190500143353407,
        "recall": 0.5909090909090909,
        "f1-score": 0.5764059513056157,
        "support": 2662
    }
}