{
    "back_pack": {
        "precision": 0.7741935483870968,
        "recall": 0.8275862068965517,
        "f1-score": 0.7999999999999999,
        "support": 87
    },
    "bike": {
        "precision": 0.9058823529411765,
        "recall": 1.0,
        "f1-score": 0.9506172839506173,
        "support": 77
    },
    "bike_helmet": {
        "precision": 0.6707317073170732,
        "recall": 0.8208955223880597,
        "f1-score": 0.738255033557047,
        "support": 67
    },
    "bookcase": {
        "precision": 0.4676258992805755,
        "recall": 0.8441558441558441,
        "f1-score": 0.6018518518518519,
        "support": 77
    },
    "bottle": {
        "precision": 0.6,
        "recall": 0.3870967741935484,
        "f1-score": 0.47058823529411764,
        "support": 31
    },
    "calculator": {
        "precision": 0.5133333333333333,
        "recall": 0.8651685393258427,
        "f1-score": 0.6443514644351465,
        "support": 89
    },
    "desk_chair": {
        "precision": 0.6363636363636364,
        "recall": 0.8953488372093024,
        "f1-score": 0.7439613526570048,
        "support": 86
    },
    "desk_lamp": {
        "precision": 0.7843137254901961,
        "recall": 0.43478260869565216,
        "f1-score": 0.5594405594405595,
        "support": 92
    },
    "desktop_computer": {
        "precision": 0.6444444444444445,
        "recall": 0.31521739130434784,
        "f1-score": 0.4233576642335767,
        "support": 92
    },
    "file_cabinet": {
        "precision": 0.4943820224719101,
        "recall": 0.5789473684210527,
        "f1-score": 0.5333333333333333,
        "support": 76
    },
    "headphones": {
        "precision": 0.78,
        "recall": 0.8297872340425532,
        "f1-score": 0.8041237113402062,
        "support": 94
    },
    "keyboard": {
        "precision": 0.6982758620689655,
        "recall": 0.8526315789473684,
        "f1-score": 0.7677725118483412,
        "support": 95
    },
    "laptop_computer": {
        "precision": 0.6496350364963503,
        "recall": 0.9368421052631579,
        "f1-score": 0.7672413793103448,
        "support": 95
    },
    "letter_tray": {
        "precision": 0.57,
        "recall": 0.6129032258064516,
        "f1-score": 0.5906735751295337,
        "support": 93
    },
    "mobile_phone": {
        "precision": 0.7358490566037735,
        "recall": 0.4105263157894737,
        "f1-score": 0.527027027027027,
        "support": 95
    },
    "monitor": {
        "precision": 0.794392523364486,
        "recall": 0.9042553191489362,
        "f1-score": 0.845771144278607,
        "support": 94
    },
    "mouse": {
        "precision": 0.8275862068965517,
        "recall": 0.7578947368421053,
        "f1-score": 0.7912087912087912,
        "support": 95
    },
    "mug": {
        "precision": 0.6376811594202898,
        "recall": 0.4943820224719101,
        "f1-score": 0.5569620253164556,
        "support": 89
    },
    "paper_notebook": {
        "precision": 0.45714285714285713,
        "recall": 0.7032967032967034,
        "f1-score": 0.5541125541125541,
        "support": 91
    },
    "pen": {
        "precision": 0.6458333333333334,
        "recall": 0.34444444444444444,
        "f1-score": 0.4492753623188406,
        "support": 90
    },
    "phone": {
        "precision": 0.8524590163934426,
        "recall": 0.5909090909090909,
        "f1-score": 0.697986577181208,
        "support": 88
    },
    "printer": {
        "precision": 0.8703703703703703,
        "recall": 0.49473684210526314,
        "f1-score": 0.6308724832214765,
        "support": 95
    },
    "projector": {
        "precision": 0.5546875,
        "recall": 0.7634408602150538,
        "f1-score": 0.6425339366515836,
        "support": 93
    },
    "punchers": {
        "precision": 0.36363636363636365,
        "recall": 0.25806451612903225,
        "f1-score": 0.3018867924528302,
        "support": 93
    },
    "ring_binder": {
        "precision": 0.2982456140350877,
        "recall": 0.4,
        "f1-score": 0.3417085427135679,
        "support": 85
    },
    "ruler": {
        "precision": 0.43333333333333335,
        "recall": 0.5571428571428572,
        "f1-score": 0.4875,
        "support": 70
    },
    "scissors": {
        "precision": 0.5384615384615384,
        "recall": 0.3684210526315789,
        "f1-score": 0.4375,
        "support": 95
    },
    "speaker": {
        "precision": 0.5833333333333334,
        "recall": 0.14893617021276595,
        "f1-score": 0.23728813559322032,
        "support": 94
    },
    "stapler": {
        "precision": 0.4375,
        "recall": 0.5957446808510638,
        "f1-score": 0.5045045045045045,
        "support": 94
    },
    "tape_dispenser": {
        "precision": 0.3392857142857143,
        "recall": 0.2087912087912088,
        "f1-score": 0.2585034013605442,
        "support": 91
    },
    "trash_can": {
        "precision": 0.45454545454545453,
        "recall": 0.3389830508474576,
        "f1-score": 0.38834951456310673,
        "support": 59
    },
    "accuracy": 0.6006761833208114,
    "macro avg": {
        "precision": 0.6133395143145384,
        "recall": 0.5981075196283443,
        "f1-score": 0.5822115725447097,
        "support": 2662
    },
    "weighted avg": {
        "precision": 0.6174836208923208,
        "recall": 0.6006761833208114,
        "f1-score": 0.5849229139200522,
        "support": 2662
    }
}