{
    "back_pack": {
        "precision": 0.5,
        "recall": 0.8571428571428571,
        "f1-score": 0.631578947368421,
        "support": 7
    },
    "bike": {
        "precision": 1.0,
        "recall": 1.0,
        "f1-score": 1.0,
        "support": 16
    },
    "bike_helmet": {
        "precision": 1.0,
        "recall": 0.8421052631578947,
        "f1-score": 0.9142857142857143,
        "support": 19
    },
    "bookcase": {
        "precision": 0.6666666666666666,
        "recall": 0.5714285714285714,
        "f1-score": 0.6153846153846153,
        "support": 7
    },
    "bottle": {
        "precision": 1.0,
        "recall": 1.0,
        "f1-score": 1.0,
        "support": 11
    },
    "calculator": {
        "precision": 1.0,
        "recall": 0.42857142857142855,
        "f1-score": 0.6,
        "support": 7
    },
    "desk_chair": {
        "precision": 1.0,
        "recall": 1.0,
        "f1-score": 1.0,
        "support": 8
    },
    "desk_lamp": {
        "precision": 0.8,
        "recall": 0.8888888888888888,
        "f1-score": 0.8421052631578948,
        "support": 9
    },
    "desktop_computer": {
        "precision": 0.6,
        "recall": 0.3,
        "f1-score": 0.4,
        "support": 10
    },
    "file_cabinet": {
        "precision": 0.5882352941176471,
        "recall": 1.0,
        "f1-score": 0.7407407407407407,
        "support": 10
    },
    "headphones": {
        "precision": 1.0,
        "recall": 0.625,
        "f1-score": 0.7692307692307693,
        "support": 8
    },
    "keyboard": {
        "precision": 0.5,
        "recall": 1.0,
        "f1-score": 0.6666666666666666,
        "support": 5
    },
    "laptop_computer": {
        "precision": 0.8571428571428571,
        "recall": 0.631578947368421,
        "f1-score": 0.7272727272727273,
        "support": 19
    },
    "letter_tray": {
        "precision": 0.5454545454545454,
        "recall": 0.5454545454545454,
        "f1-score": 0.5454545454545454,
        "support": 11
    },
    "mobile_phone": {
        "precision": 1.0,
        "recall": 0.07692307692307693,
        "f1-score": 0.14285714285714288,
        "support": 26
    },
    "monitor": {
        "precision": 1.0,
        "recall": 0.17647058823529413,
        "f1-score": 0.3,
        "support": 17
    },
    "mouse": {
        "precision": 0.7,
        "recall": 1.0,
        "f1-score": 0.8235294117647058,
        "support": 7
    },
    "mug": {
        "precision": 0.42857142857142855,
        "recall": 1.0,
        "f1-score": 0.6,
        "support": 3
    },
    "paper_notebook": {
        "precision": 0.35714285714285715,
        "recall": 1.0,
        "f1-score": 0.5263157894736842,
        "support": 5
    },
    "pen": {
        "precision": 1.0,
        "recall": 1.0,
        "f1-score": 1.0,
        "support": 5
    },
    "phone": {
        "precision": 0.8888888888888888,
        "recall": 1.0,
        "f1-score": 0.9411764705882353,
        "support": 8
    },
    "printer": {
        "precision": 0.26666666666666666,
        "recall": 0.4,
        "f1-score": 0.32,
        "support": 10
    },
    "projector": {
        "precision": 0.3793103448275862,
        "recall": 0.6111111111111112,
        "f1-score": 0.46808510638297873,
        "support": 18
    },
    "punchers": {
        "precision": 0.42105263157894735,
        "recall": 0.6153846153846154,
        "f1-score": 0.5,
        "support": 13
    },
    "ring_binder": {
        "precision": 0.1,
        "recall": 0.2,
        "f1-score": 0.13333333333333333,
        "support": 5
    },
    "ruler": {
        "precision": 0.5,
        "recall": 1.0,
        "f1-score": 0.6666666666666666,
        "support": 2
    },
    "scissors": {
        "precision": 0.9285714285714286,
        "recall": 1.0,
        "f1-score": 0.962962962962963,
        "support": 13
    },
    "speaker": {
        "precision": 0.3333333333333333,
        "recall": 0.19047619047619047,
        "f1-score": 0.24242424242424246,
        "support": 21
    },
    "stapler": {
        "precision": 0.6363636363636364,
        "recall": 0.4375,
        "f1-score": 0.5185185185185185,
        "support": 16
    },
    "tape_dispenser": {
        "precision": 0.8235294117647058,
        "recall": 0.8235294117647058,
        "f1-score": 0.8235294117647058,
        "support": 17
    },
    "trash_can": {
        "precision": 0.4444444444444444,
        "recall": 0.8,
        "f1-score": 0.5714285714285714,
        "support": 10
    },
    "accuracy": 0.6355685131195336,
    "macro avg": {
        "precision": 0.6859798205011496,
        "recall": 0.7103730805131483,
        "f1-score": 0.6449531489589627,
        "support": 343
    },
    "weighted avg": {
        "precision": 0.723856856728507,
        "recall": 0.6355685131195336,
        "f1-score": 0.6148029546224659,
        "support": 343
    }
}