{
    "0": {
        "precision": 0.9865659109991604,
        "recall": 0.9840871021775545,
        "f1-score": 0.9853249475890985,
        "support": 1194
    },
    "1": {
        "precision": 0.9661508704061895,
        "recall": 0.9940298507462687,
        "f1-score": 0.9798921039725356,
        "support": 1005
    },
    "2": {
        "precision": 0.9012178619756428,
        "recall": 0.9110807113543091,
        "f1-score": 0.9061224489795918,
        "support": 731
    },
    "3": {
        "precision": 0.9185714285714286,
        "recall": 0.9772036474164134,
        "f1-score": 0.9469808541973491,
        "support": 658
    },
    "4": {
        "precision": 0.9792746113989638,
        "recall": 0.8696319018404908,
        "f1-score": 0.9212022745735174,
        "support": 652
    },
    "5": {
        "precision": 0.8955512572533849,
        "recall": 0.8327338129496403,
        "f1-score": 0.8630009319664492,
        "support": 556
    },
    "6": {
        "precision": 0.9507462686567164,
        "recall": 0.9593373493975904,
        "f1-score": 0.9550224887556222,
        "support": 664
    },
    "7": {
        "precision": 0.8541666666666666,
        "recall": 0.9534883720930233,
        "f1-score": 0.9010989010989011,
        "support": 645
    },
    "8": {
        "precision": 0.9630996309963099,
        "recall": 0.9630996309963099,
        "f1-score": 0.9630996309963099,
        "support": 542
    },
    "9": {
        "precision": 0.9298831385642737,
        "recall": 0.8649068322981367,
        "f1-score": 0.8962188254223652,
        "support": 644
    },
    "accuracy": 0.9386915375120011,
    "macro avg": {
        "precision": 0.9345227645488736,
        "recall": 0.9309599211269737,
        "f1-score": 0.9317963407551739,
        "support": 7291
    },
    "weighted avg": {
        "precision": 0.9397398009715913,
        "recall": 0.9386915375120011,
        "f1-score": 0.9383787563694316,
        "support": 7291
    }
}