{
    "back_pack": {
        "precision": 0.7777777777777778,
        "recall": 1.0,
        "f1-score": 0.8750000000000001,
        "support": 7
    },
    "bike": {
        "precision": 1.0,
        "recall": 1.0,
        "f1-score": 1.0,
        "support": 16
    },
    "bike_helmet": {
        "precision": 0.9411764705882353,
        "recall": 0.8421052631578947,
        "f1-score": 0.8888888888888888,
        "support": 19
    },
    "bookcase": {
        "precision": 1.0,
        "recall": 1.0,
        "f1-score": 1.0,
        "support": 7
    },
    "bottle": {
        "precision": 0.7333333333333333,
        "recall": 1.0,
        "f1-score": 0.846153846153846,
        "support": 11
    },
    "calculator": {
        "precision": 0.8571428571428571,
        "recall": 0.8571428571428571,
        "f1-score": 0.8571428571428571,
        "support": 7
    },
    "desk_chair": {
        "precision": 1.0,
        "recall": 1.0,
        "f1-score": 1.0,
        "support": 8
    },
    "desk_lamp": {
        "precision": 0.8333333333333334,
        "recall": 0.5555555555555556,
        "f1-score": 0.6666666666666667,
        "support": 9
    },
    "desktop_computer": {
        "precision": 0.7777777777777778,
        "recall": 0.7,
        "f1-score": 0.7368421052631577,
        "support": 10
    },
    "file_cabinet": {
        "precision": 0.6923076923076923,
        "recall": 0.9,
        "f1-score": 0.7826086956521738,
        "support": 10
    },
    "headphones": {
        "precision": 0.8,
        "recall": 1.0,
        "f1-score": 0.888888888888889,
        "support": 8
    },
    "keyboard": {
        "precision": 0.7142857142857143,
        "recall": 1.0,
        "f1-score": 0.8333333333333333,
        "support": 5
    },
    "laptop_computer": {
        "precision": 1.0,
        "recall": 0.5789473684210527,
        "f1-score": 0.7333333333333334,
        "support": 19
    },
    "letter_tray": {
        "precision": 0.75,
        "recall": 0.8181818181818182,
        "f1-score": 0.7826086956521738,
        "support": 11
    },
    "mobile_phone": {
        "precision": 0.8823529411764706,
        "recall": 0.5769230769230769,
        "f1-score": 0.6976744186046512,
        "support": 26
    },
    "monitor": {
        "precision": 1.0,
        "recall": 1.0,
        "f1-score": 1.0,
        "support": 17
    },
    "mouse": {
        "precision": 0.6666666666666666,
        "recall": 0.8571428571428571,
        "f1-score": 0.75,
        "support": 7
    },
    "mug": {
        "precision": 0.5,
        "recall": 1.0,
        "f1-score": 0.6666666666666666,
        "support": 3
    },
    "paper_notebook": {
        "precision": 0.625,
        "recall": 1.0,
        "f1-score": 0.7692307692307693,
        "support": 5
    },
    "pen": {
        "precision": 0.16666666666666666,
        "recall": 0.2,
        "f1-score": 0.1818181818181818,
        "support": 5
    },
    "phone": {
        "precision": 0.875,
        "recall": 0.875,
        "f1-score": 0.875,
        "support": 8
    },
    "printer": {
        "precision": 0.4166666666666667,
        "recall": 0.5,
        "f1-score": 0.45454545454545453,
        "support": 10
    },
    "projector": {
        "precision": 0.7142857142857143,
        "recall": 0.8333333333333334,
        "f1-score": 0.7692307692307692,
        "support": 18
    },
    "punchers": {
        "precision": 0.9090909090909091,
        "recall": 0.7692307692307693,
        "f1-score": 0.8333333333333333,
        "support": 13
    },
    "ring_binder": {
        "precision": 0.5714285714285714,
        "recall": 0.8,
        "f1-score": 0.6666666666666666,
        "support": 5
    },
    "ruler": {
        "precision": 0.25,
        "recall": 1.0,
        "f1-score": 0.4,
        "support": 2
    },
    "scissors": {
        "precision": 0.8888888888888888,
        "recall": 0.6153846153846154,
        "f1-score": 0.7272727272727274,
        "support": 13
    },
    "speaker": {
        "precision": 0.8333333333333334,
        "recall": 0.47619047619047616,
        "f1-score": 0.6060606060606061,
        "support": 21
    },
    "stapler": {
        "precision": 0.5,
        "recall": 0.6875,
        "f1-score": 0.5789473684210527,
        "support": 16
    },
    "tape_dispenser": {
        "precision": 0.9166666666666666,
        "recall": 0.6470588235294118,
        "f1-score": 0.7586206896551724,
        "support": 17
    },
    "trash_can": {
        "precision": 0.45454545454545453,
        "recall": 0.5,
        "f1-score": 0.47619047619047616,
        "support": 10
    },
    "accuracy": 0.7580174927113703,
    "macro avg": {
        "precision": 0.743475078579443,
        "recall": 0.7932160262643135,
        "f1-score": 0.7452492076990918,
        "support": 343
    },
    "weighted avg": {
        "precision": 0.7996075843400487,
        "recall": 0.7580174927113703,
        "f1-score": 0.7607649656818019,
        "support": 343
    }
}