{
    "back_pack": {
        "precision": 0.875,
        "recall": 1.0,
        "f1-score": 0.9333333333333333,
        "support": 7
    },
    "bike": {
        "precision": 1.0,
        "recall": 1.0,
        "f1-score": 1.0,
        "support": 16
    },
    "bike_helmet": {
        "precision": 0.9,
        "recall": 0.9473684210526315,
        "f1-score": 0.9230769230769231,
        "support": 19
    },
    "bookcase": {
        "precision": 1.0,
        "recall": 0.7142857142857143,
        "f1-score": 0.8333333333333333,
        "support": 7
    },
    "bottle": {
        "precision": 1.0,
        "recall": 1.0,
        "f1-score": 1.0,
        "support": 11
    },
    "calculator": {
        "precision": 0.7142857142857143,
        "recall": 0.7142857142857143,
        "f1-score": 0.7142857142857143,
        "support": 7
    },
    "desk_chair": {
        "precision": 1.0,
        "recall": 1.0,
        "f1-score": 1.0,
        "support": 8
    },
    "desk_lamp": {
        "precision": 0.75,
        "recall": 1.0,
        "f1-score": 0.8571428571428571,
        "support": 9
    },
    "desktop_computer": {
        "precision": 0.4,
        "recall": 0.2,
        "f1-score": 0.26666666666666666,
        "support": 10
    },
    "file_cabinet": {
        "precision": 0.6,
        "recall": 0.9,
        "f1-score": 0.7200000000000001,
        "support": 10
    },
    "headphones": {
        "precision": 1.0,
        "recall": 0.875,
        "f1-score": 0.9333333333333333,
        "support": 8
    },
    "keyboard": {
        "precision": 0.8333333333333334,
        "recall": 1.0,
        "f1-score": 0.9090909090909091,
        "support": 5
    },
    "laptop_computer": {
        "precision": 1.0,
        "recall": 0.8421052631578947,
        "f1-score": 0.9142857142857143,
        "support": 19
    },
    "letter_tray": {
        "precision": 0.7692307692307693,
        "recall": 0.9090909090909091,
        "f1-score": 0.8333333333333333,
        "support": 11
    },
    "mobile_phone": {
        "precision": 0.8461538461538461,
        "recall": 0.4230769230769231,
        "f1-score": 0.5641025641025641,
        "support": 26
    },
    "monitor": {
        "precision": 0.9444444444444444,
        "recall": 1.0,
        "f1-score": 0.9714285714285714,
        "support": 17
    },
    "mouse": {
        "precision": 0.5454545454545454,
        "recall": 0.8571428571428571,
        "f1-score": 0.6666666666666665,
        "support": 7
    },
    "mug": {
        "precision": 0.4,
        "recall": 0.6666666666666666,
        "f1-score": 0.5,
        "support": 3
    },
    "paper_notebook": {
        "precision": 0.7142857142857143,
        "recall": 1.0,
        "f1-score": 0.8333333333333333,
        "support": 5
    },
    "pen": {
        "precision": 1.0,
        "recall": 0.8,
        "f1-score": 0.888888888888889,
        "support": 5
    },
    "phone": {
        "precision": 0.7777777777777778,
        "recall": 0.875,
        "f1-score": 0.823529411764706,
        "support": 8
    },
    "printer": {
        "precision": 0.7,
        "recall": 0.7,
        "f1-score": 0.7,
        "support": 10
    },
    "projector": {
        "precision": 0.8421052631578947,
        "recall": 0.8888888888888888,
        "f1-score": 0.8648648648648649,
        "support": 18
    },
    "punchers": {
        "precision": 0.47368421052631576,
        "recall": 0.6923076923076923,
        "f1-score": 0.5625,
        "support": 13
    },
    "ring_binder": {
        "precision": 1.0,
        "recall": 1.0,
        "f1-score": 1.0,
        "support": 5
    },
    "ruler": {
        "precision": 0.4,
        "recall": 1.0,
        "f1-score": 0.5714285714285715,
        "support": 2
    },
    "scissors": {
        "precision": 0.875,
        "recall": 0.5384615384615384,
        "f1-score": 0.6666666666666667,
        "support": 13
    },
    "speaker": {
        "precision": 0.3333333333333333,
        "recall": 0.14285714285714285,
        "f1-score": 0.2,
        "support": 21
    },
    "stapler": {
        "precision": 0.5555555555555556,
        "recall": 0.625,
        "f1-score": 0.5882352941176471,
        "support": 16
    },
    "tape_dispenser": {
        "precision": 0.9411764705882353,
        "recall": 0.9411764705882353,
        "f1-score": 0.9411764705882353,
        "support": 17
    },
    "trash_can": {
        "precision": 0.23529411764705882,
        "recall": 0.4,
        "f1-score": 0.29629629629629634,
        "support": 10
    },
    "accuracy": 0.7551020408163265,
    "macro avg": {
        "precision": 0.7556811321217591,
        "recall": 0.7952488452213808,
        "f1-score": 0.7573225715493269,
        "support": 343
    },
    "weighted avg": {
        "precision": 0.770271757535385,
        "recall": 0.7551020408163265,
        "f1-score": 0.745911316428809,
        "support": 343
    }
}