{
    "back_pack": {
        "precision": 0.7777777777777778,
        "recall": 1.0,
        "f1-score": 0.8750000000000001,
        "support": 7
    },
    "bike": {
        "precision": 1.0,
        "recall": 0.8125,
        "f1-score": 0.896551724137931,
        "support": 16
    },
    "bike_helmet": {
        "precision": 1.0,
        "recall": 0.7894736842105263,
        "f1-score": 0.8823529411764706,
        "support": 19
    },
    "bookcase": {
        "precision": 0.75,
        "recall": 0.42857142857142855,
        "f1-score": 0.5454545454545454,
        "support": 7
    },
    "bottle": {
        "precision": 1.0,
        "recall": 1.0,
        "f1-score": 1.0,
        "support": 11
    },
    "calculator": {
        "precision": 0.75,
        "recall": 0.42857142857142855,
        "f1-score": 0.5454545454545454,
        "support": 7
    },
    "desk_chair": {
        "precision": 1.0,
        "recall": 0.5,
        "f1-score": 0.6666666666666666,
        "support": 8
    },
    "desk_lamp": {
        "precision": 0.5,
        "recall": 0.6666666666666666,
        "f1-score": 0.5714285714285715,
        "support": 9
    },
    "desktop_computer": {
        "precision": 0.25,
        "recall": 0.3,
        "f1-score": 0.2727272727272727,
        "support": 10
    },
    "file_cabinet": {
        "precision": 0.34782608695652173,
        "recall": 0.8,
        "f1-score": 0.48484848484848486,
        "support": 10
    },
    "headphones": {
        "precision": 1.0,
        "recall": 0.75,
        "f1-score": 0.8571428571428571,
        "support": 8
    },
    "keyboard": {
        "precision": 0.5,
        "recall": 0.8,
        "f1-score": 0.6153846153846154,
        "support": 5
    },
    "laptop_computer": {
        "precision": 1.0,
        "recall": 0.631578947368421,
        "f1-score": 0.7741935483870968,
        "support": 19
    },
    "letter_tray": {
        "precision": 0.47368421052631576,
        "recall": 0.8181818181818182,
        "f1-score": 0.6,
        "support": 11
    },
    "mobile_phone": {
        "precision": 1.0,
        "recall": 0.11538461538461539,
        "f1-score": 0.20689655172413793,
        "support": 26
    },
    "monitor": {
        "precision": 1.0,
        "recall": 0.17647058823529413,
        "f1-score": 0.3,
        "support": 17
    },
    "mouse": {
        "precision": 0.5833333333333334,
        "recall": 1.0,
        "f1-score": 0.7368421052631579,
        "support": 7
    },
    "mug": {
        "precision": 0.5,
        "recall": 1.0,
        "f1-score": 0.6666666666666666,
        "support": 3
    },
    "paper_notebook": {
        "precision": 0.5,
        "recall": 0.4,
        "f1-score": 0.4444444444444445,
        "support": 5
    },
    "pen": {
        "precision": 0.8,
        "recall": 0.8,
        "f1-score": 0.8000000000000002,
        "support": 5
    },
    "phone": {
        "precision": 0.8571428571428571,
        "recall": 0.75,
        "f1-score": 0.7999999999999999,
        "support": 8
    },
    "printer": {
        "precision": 0.4,
        "recall": 0.2,
        "f1-score": 0.26666666666666666,
        "support": 10
    },
    "projector": {
        "precision": 0.48,
        "recall": 0.6666666666666666,
        "f1-score": 0.5581395348837209,
        "support": 18
    },
    "punchers": {
        "precision": 0.16666666666666666,
        "recall": 0.38461538461538464,
        "f1-score": 0.2325581395348837,
        "support": 13
    },
    "ring_binder": {
        "precision": 0.043478260869565216,
        "recall": 0.2,
        "f1-score": 0.07142857142857142,
        "support": 5
    },
    "ruler": {
        "precision": 0.3333333333333333,
        "recall": 0.5,
        "f1-score": 0.4,
        "support": 2
    },
    "scissors": {
        "precision": 1.0,
        "recall": 0.9230769230769231,
        "f1-score": 0.9600000000000001,
        "support": 13
    },
    "speaker": {
        "precision": 0.6666666666666666,
        "recall": 0.2857142857142857,
        "f1-score": 0.4,
        "support": 21
    },
    "stapler": {
        "precision": 0.5,
        "recall": 0.5625,
        "f1-score": 0.5294117647058824,
        "support": 16
    },
    "tape_dispenser": {
        "precision": 0.5384615384615384,
        "recall": 0.4117647058823529,
        "f1-score": 0.4666666666666667,
        "support": 17
    },
    "trash_can": {
        "precision": 0.3076923076923077,
        "recall": 0.4,
        "f1-score": 0.34782608695652173,
        "support": 10
    },
    "accuracy": 0.5568513119533528,
    "macro avg": {
        "precision": 0.6460020335298995,
        "recall": 0.5968302304240583,
        "f1-score": 0.57337912812098,
        "support": 343
    },
    "weighted avg": {
        "precision": 0.699694465564798,
        "recall": 0.5568513119533528,
        "f1-score": 0.5629206274578626,
        "support": 343
    }
}