{
    "back_pack": {
        "precision": 1.0,
        "recall": 1.0,
        "f1-score": 1.0,
        "support": 7
    },
    "bike": {
        "precision": 1.0,
        "recall": 1.0,
        "f1-score": 1.0,
        "support": 16
    },
    "bike_helmet": {
        "precision": 1.0,
        "recall": 1.0,
        "f1-score": 1.0,
        "support": 19
    },
    "bookcase": {
        "precision": 1.0,
        "recall": 0.5714285714285714,
        "f1-score": 0.7272727272727273,
        "support": 7
    },
    "bottle": {
        "precision": 1.0,
        "recall": 1.0,
        "f1-score": 1.0,
        "support": 11
    },
    "calculator": {
        "precision": 0.5384615384615384,
        "recall": 1.0,
        "f1-score": 0.7000000000000001,
        "support": 7
    },
    "desk_chair": {
        "precision": 1.0,
        "recall": 1.0,
        "f1-score": 1.0,
        "support": 8
    },
    "desk_lamp": {
        "precision": 1.0,
        "recall": 0.8888888888888888,
        "f1-score": 0.9411764705882353,
        "support": 9
    },
    "desktop_computer": {
        "precision": 0.4,
        "recall": 0.6,
        "f1-score": 0.48,
        "support": 10
    },
    "file_cabinet": {
        "precision": 0.7692307692307693,
        "recall": 1.0,
        "f1-score": 0.8695652173913044,
        "support": 10
    },
    "headphones": {
        "precision": 1.0,
        "recall": 1.0,
        "f1-score": 1.0,
        "support": 8
    },
    "keyboard": {
        "precision": 0.6666666666666666,
        "recall": 0.8,
        "f1-score": 0.7272727272727272,
        "support": 5
    },
    "laptop_computer": {
        "precision": 0.9,
        "recall": 0.9473684210526315,
        "f1-score": 0.9230769230769231,
        "support": 19
    },
    "letter_tray": {
        "precision": 1.0,
        "recall": 0.9090909090909091,
        "f1-score": 0.9523809523809523,
        "support": 11
    },
    "mobile_phone": {
        "precision": 0.7272727272727273,
        "recall": 0.6153846153846154,
        "f1-score": 0.6666666666666667,
        "support": 26
    },
    "monitor": {
        "precision": 0.9333333333333333,
        "recall": 0.8235294117647058,
        "f1-score": 0.8749999999999999,
        "support": 17
    },
    "mouse": {
        "precision": 1.0,
        "recall": 1.0,
        "f1-score": 1.0,
        "support": 7
    },
    "mug": {
        "precision": 1.0,
        "recall": 1.0,
        "f1-score": 1.0,
        "support": 3
    },
    "paper_notebook": {
        "precision": 0.8333333333333334,
        "recall": 1.0,
        "f1-score": 0.9090909090909091,
        "support": 5
    },
    "pen": {
        "precision": 1.0,
        "recall": 0.8,
        "f1-score": 0.888888888888889,
        "support": 5
    },
    "phone": {
        "precision": 0.8888888888888888,
        "recall": 1.0,
        "f1-score": 0.9411764705882353,
        "support": 8
    },
    "printer": {
        "precision": 0.5882352941176471,
        "recall": 1.0,
        "f1-score": 0.7407407407407407,
        "support": 10
    },
    "projector": {
        "precision": 0.8947368421052632,
        "recall": 0.9444444444444444,
        "f1-score": 0.918918918918919,
        "support": 18
    },
    "punchers": {
        "precision": 0.9230769230769231,
        "recall": 0.9230769230769231,
        "f1-score": 0.9230769230769231,
        "support": 13
    },
    "ring_binder": {
        "precision": 0.75,
        "recall": 0.6,
        "f1-score": 0.6666666666666665,
        "support": 5
    },
    "ruler": {
        "precision": 0.0,
        "recall": 0.0,
        "f1-score": 0.0,
        "support": 2
    },
    "scissors": {
        "precision": 1.0,
        "recall": 1.0,
        "f1-score": 1.0,
        "support": 13
    },
    "speaker": {
        "precision": 1.0,
        "recall": 0.8571428571428571,
        "f1-score": 0.923076923076923,
        "support": 21
    },
    "stapler": {
        "precision": 0.7777777777777778,
        "recall": 0.4375,
        "f1-score": 0.56,
        "support": 16
    },
    "tape_dispenser": {
        "precision": 0.8235294117647058,
        "recall": 0.8235294117647058,
        "f1-score": 0.8235294117647058,
        "support": 17
    },
    "trash_can": {
        "precision": 1.0,
        "recall": 0.9,
        "f1-score": 0.9473684210526316,
        "support": 10
    },
    "accuracy": 0.8629737609329446,
    "macro avg": {
        "precision": 0.8520820485815993,
        "recall": 0.8529478856141695,
        "f1-score": 0.8420950309198413,
        "support": 343
    },
    "weighted avg": {
        "precision": 0.8779313926878217,
        "recall": 0.8629737609329446,
        "f1-score": 0.8613276679751983,
        "support": 343
    }
}