{
    "back_pack": {
        "precision": 0.8734177215189873,
        "recall": 0.7931034482758621,
        "f1-score": 0.8313253012048193,
        "support": 87
    },
    "bike": {
        "precision": 0.948051948051948,
        "recall": 0.948051948051948,
        "f1-score": 0.948051948051948,
        "support": 77
    },
    "bike_helmet": {
        "precision": 0.796875,
        "recall": 0.7611940298507462,
        "f1-score": 0.7786259541984732,
        "support": 67
    },
    "bookcase": {
        "precision": 0.3283582089552239,
        "recall": 0.8571428571428571,
        "f1-score": 0.47482014388489213,
        "support": 77
    },
    "bottle": {
        "precision": 0.5,
        "recall": 0.5806451612903226,
        "f1-score": 0.537313432835821,
        "support": 31
    },
    "calculator": {
        "precision": 0.5283018867924528,
        "recall": 0.9438202247191011,
        "f1-score": 0.6774193548387096,
        "support": 89
    },
    "desk_chair": {
        "precision": 0.73,
        "recall": 0.8488372093023255,
        "f1-score": 0.7849462365591398,
        "support": 86
    },
    "desk_lamp": {
        "precision": 0.8181818181818182,
        "recall": 0.391304347826087,
        "f1-score": 0.5294117647058824,
        "support": 92
    },
    "desktop_computer": {
        "precision": 0.5789473684210527,
        "recall": 0.11956521739130435,
        "f1-score": 0.1981981981981982,
        "support": 92
    },
    "file_cabinet": {
        "precision": 0.6666666666666666,
        "recall": 0.2631578947368421,
        "f1-score": 0.3773584905660377,
        "support": 76
    },
    "headphones": {
        "precision": 0.8604651162790697,
        "recall": 0.7872340425531915,
        "f1-score": 0.8222222222222222,
        "support": 94
    },
    "keyboard": {
        "precision": 0.8809523809523809,
        "recall": 0.7789473684210526,
        "f1-score": 0.8268156424581005,
        "support": 95
    },
    "laptop_computer": {
        "precision": 0.7391304347826086,
        "recall": 0.8947368421052632,
        "f1-score": 0.8095238095238095,
        "support": 95
    },
    "letter_tray": {
        "precision": 0.5,
        "recall": 0.5268817204301075,
        "f1-score": 0.5130890052356021,
        "support": 93
    },
    "mobile_phone": {
        "precision": 0.96,
        "recall": 0.7578947368421053,
        "f1-score": 0.8470588235294118,
        "support": 95
    },
    "monitor": {
        "precision": 0.803921568627451,
        "recall": 0.8723404255319149,
        "f1-score": 0.8367346938775511,
        "support": 94
    },
    "mouse": {
        "precision": 0.7017543859649122,
        "recall": 0.8421052631578947,
        "f1-score": 0.7655502392344496,
        "support": 95
    },
    "mug": {
        "precision": 0.7792207792207793,
        "recall": 0.6741573033707865,
        "f1-score": 0.7228915662650602,
        "support": 89
    },
    "paper_notebook": {
        "precision": 0.6575342465753424,
        "recall": 0.5274725274725275,
        "f1-score": 0.5853658536585367,
        "support": 91
    },
    "pen": {
        "precision": 0.4883720930232558,
        "recall": 0.23333333333333334,
        "f1-score": 0.3157894736842105,
        "support": 90
    },
    "phone": {
        "precision": 0.9107142857142857,
        "recall": 0.5795454545454546,
        "f1-score": 0.7083333333333334,
        "support": 88
    },
    "printer": {
        "precision": 0.6770833333333334,
        "recall": 0.6842105263157895,
        "f1-score": 0.6806282722513088,
        "support": 95
    },
    "projector": {
        "precision": 0.8214285714285714,
        "recall": 0.7419354838709677,
        "f1-score": 0.7796610169491526,
        "support": 93
    },
    "punchers": {
        "precision": 0.10526315789473684,
        "recall": 0.12903225806451613,
        "f1-score": 0.11594202898550723,
        "support": 93
    },
    "ring_binder": {
        "precision": 0.6071428571428571,
        "recall": 0.2,
        "f1-score": 0.30088495575221236,
        "support": 85
    },
    "ruler": {
        "precision": 0.2978723404255319,
        "recall": 0.6,
        "f1-score": 0.39810426540284355,
        "support": 70
    },
    "scissors": {
        "precision": 0.3283582089552239,
        "recall": 0.23157894736842105,
        "f1-score": 0.2716049382716049,
        "support": 95
    },
    "speaker": {
        "precision": 0.7205882352941176,
        "recall": 0.5212765957446809,
        "f1-score": 0.6049382716049383,
        "support": 94
    },
    "stapler": {
        "precision": 0.34615384615384615,
        "recall": 0.574468085106383,
        "f1-score": 0.43200000000000005,
        "support": 94
    },
    "tape_dispenser": {
        "precision": 0.30434782608695654,
        "recall": 0.3076923076923077,
        "f1-score": 0.30601092896174864,
        "support": 91
    },
    "trash_can": {
        "precision": 0.36904761904761907,
        "recall": 0.5254237288135594,
        "f1-score": 0.4335664335664336,
        "support": 59
    },
    "accuracy": 0.5957926371149511,
    "macro avg": {
        "precision": 0.6331661904997106,
        "recall": 0.5966802996557308,
        "f1-score": 0.587554406445547,
        "support": 2662
    },
    "weighted avg": {
        "precision": 0.640147694910693,
        "recall": 0.5957926371149511,
        "f1-score": 0.5908681077048075,
        "support": 2662
    }
}