{
    "back_pack": {
        "precision": 0.4166666666666667,
        "recall": 0.7142857142857143,
        "f1-score": 0.5263157894736842,
        "support": 7
    },
    "bike": {
        "precision": 1.0,
        "recall": 1.0,
        "f1-score": 1.0,
        "support": 16
    },
    "bike_helmet": {
        "precision": 1.0,
        "recall": 0.7894736842105263,
        "f1-score": 0.8823529411764706,
        "support": 19
    },
    "bookcase": {
        "precision": 0.75,
        "recall": 0.42857142857142855,
        "f1-score": 0.5454545454545454,
        "support": 7
    },
    "bottle": {
        "precision": 1.0,
        "recall": 0.9090909090909091,
        "f1-score": 0.9523809523809523,
        "support": 11
    },
    "calculator": {
        "precision": 0.5,
        "recall": 0.2857142857142857,
        "f1-score": 0.36363636363636365,
        "support": 7
    },
    "desk_chair": {
        "precision": 1.0,
        "recall": 0.875,
        "f1-score": 0.9333333333333333,
        "support": 8
    },
    "desk_lamp": {
        "precision": 0.875,
        "recall": 0.7777777777777778,
        "f1-score": 0.823529411764706,
        "support": 9
    },
    "desktop_computer": {
        "precision": 0.0,
        "recall": 0.0,
        "f1-score": 0.0,
        "support": 10
    },
    "file_cabinet": {
        "precision": 0.47058823529411764,
        "recall": 0.8,
        "f1-score": 0.5925925925925927,
        "support": 10
    },
    "headphones": {
        "precision": 0.6666666666666666,
        "recall": 0.5,
        "f1-score": 0.5714285714285715,
        "support": 8
    },
    "keyboard": {
        "precision": 0.5,
        "recall": 1.0,
        "f1-score": 0.6666666666666666,
        "support": 5
    },
    "laptop_computer": {
        "precision": 1.0,
        "recall": 0.3157894736842105,
        "f1-score": 0.4799999999999999,
        "support": 19
    },
    "letter_tray": {
        "precision": 0.23333333333333334,
        "recall": 0.6363636363636364,
        "f1-score": 0.34146341463414637,
        "support": 11
    },
    "mobile_phone": {
        "precision": 1.0,
        "recall": 0.11538461538461539,
        "f1-score": 0.20689655172413793,
        "support": 26
    },
    "monitor": {
        "precision": 1.0,
        "recall": 0.4117647058823529,
        "f1-score": 0.5833333333333334,
        "support": 17
    },
    "mouse": {
        "precision": 0.4,
        "recall": 0.8571428571428571,
        "f1-score": 0.5454545454545455,
        "support": 7
    },
    "mug": {
        "precision": 1.0,
        "recall": 0.3333333333333333,
        "f1-score": 0.5,
        "support": 3
    },
    "paper_notebook": {
        "precision": 0.29411764705882354,
        "recall": 1.0,
        "f1-score": 0.45454545454545453,
        "support": 5
    },
    "pen": {
        "precision": 1.0,
        "recall": 1.0,
        "f1-score": 1.0,
        "support": 5
    },
    "phone": {
        "precision": 0.75,
        "recall": 0.75,
        "f1-score": 0.75,
        "support": 8
    },
    "printer": {
        "precision": 0.5454545454545454,
        "recall": 0.6,
        "f1-score": 0.5714285714285713,
        "support": 10
    },
    "projector": {
        "precision": 0.45,
        "recall": 0.5,
        "f1-score": 0.4736842105263158,
        "support": 18
    },
    "punchers": {
        "precision": 0.2777777777777778,
        "recall": 0.38461538461538464,
        "f1-score": 0.3225806451612903,
        "support": 13
    },
    "ring_binder": {
        "precision": 0.14285714285714285,
        "recall": 0.2,
        "f1-score": 0.16666666666666666,
        "support": 5
    },
    "ruler": {
        "precision": 1.0,
        "recall": 1.0,
        "f1-score": 1.0,
        "support": 2
    },
    "scissors": {
        "precision": 0.8125,
        "recall": 1.0,
        "f1-score": 0.896551724137931,
        "support": 13
    },
    "speaker": {
        "precision": 0.36363636363636365,
        "recall": 0.38095238095238093,
        "f1-score": 0.37209302325581395,
        "support": 21
    },
    "stapler": {
        "precision": 0.5714285714285714,
        "recall": 0.5,
        "f1-score": 0.5333333333333333,
        "support": 16
    },
    "tape_dispenser": {
        "precision": 0.8571428571428571,
        "recall": 0.7058823529411765,
        "f1-score": 0.7741935483870968,
        "support": 17
    },
    "trash_can": {
        "precision": 0.4,
        "recall": 0.6,
        "f1-score": 0.48,
        "support": 10
    },
    "accuracy": 0.577259475218659,
    "macro avg": {
        "precision": 0.6541022518489312,
        "recall": 0.6248755658048577,
        "f1-score": 0.5906424577579523,
        "support": 343
    },
    "weighted avg": {
        "precision": 0.6842892970422554,
        "recall": 0.577259475218659,
        "f1-score": 0.5714054778349272,
        "support": 343
    }
}