{
    "back_pack": {
        "precision": 0.8809523809523809,
        "recall": 0.8505747126436781,
        "f1-score": 0.8654970760233917,
        "support": 87
    },
    "bike": {
        "precision": 0.7403846153846154,
        "recall": 1.0,
        "f1-score": 0.850828729281768,
        "support": 77
    },
    "bike_helmet": {
        "precision": 0.5656565656565656,
        "recall": 0.835820895522388,
        "f1-score": 0.674698795180723,
        "support": 67
    },
    "bookcase": {
        "precision": 0.49206349206349204,
        "recall": 0.8051948051948052,
        "f1-score": 0.6108374384236454,
        "support": 77
    },
    "bottle": {
        "precision": 0.5,
        "recall": 0.5161290322580645,
        "f1-score": 0.5079365079365079,
        "support": 31
    },
    "calculator": {
        "precision": 0.8311688311688312,
        "recall": 0.7191011235955056,
        "f1-score": 0.7710843373493976,
        "support": 89
    },
    "desk_chair": {
        "precision": 0.85,
        "recall": 0.7906976744186046,
        "f1-score": 0.8192771084337349,
        "support": 86
    },
    "desk_lamp": {
        "precision": 0.96,
        "recall": 0.2608695652173913,
        "f1-score": 0.4102564102564102,
        "support": 92
    },
    "desktop_computer": {
        "precision": 0.3924050632911392,
        "recall": 0.33695652173913043,
        "f1-score": 0.3625730994152046,
        "support": 92
    },
    "file_cabinet": {
        "precision": 0.31313131313131315,
        "recall": 0.40789473684210525,
        "f1-score": 0.35428571428571426,
        "support": 76
    },
    "headphones": {
        "precision": 0.9146341463414634,
        "recall": 0.7978723404255319,
        "f1-score": 0.8522727272727272,
        "support": 94
    },
    "keyboard": {
        "precision": 0.49700598802395207,
        "recall": 0.8736842105263158,
        "f1-score": 0.6335877862595419,
        "support": 95
    },
    "laptop_computer": {
        "precision": 0.4411764705882353,
        "recall": 0.47368421052631576,
        "f1-score": 0.45685279187817257,
        "support": 95
    },
    "letter_tray": {
        "precision": 0.7272727272727273,
        "recall": 0.5161290322580645,
        "f1-score": 0.6037735849056604,
        "support": 93
    },
    "mobile_phone": {
        "precision": 0.8095238095238095,
        "recall": 0.8947368421052632,
        "f1-score": 0.8500000000000001,
        "support": 95
    },
    "monitor": {
        "precision": 0.8585858585858586,
        "recall": 0.9042553191489362,
        "f1-score": 0.8808290155440415,
        "support": 94
    },
    "mouse": {
        "precision": 0.5,
        "recall": 0.6210526315789474,
        "f1-score": 0.5539906103286385,
        "support": 95
    },
    "mug": {
        "precision": 0.7636363636363637,
        "recall": 0.47191011235955055,
        "f1-score": 0.5833333333333333,
        "support": 89
    },
    "paper_notebook": {
        "precision": 0.391304347826087,
        "recall": 0.5934065934065934,
        "f1-score": 0.47161572052401746,
        "support": 91
    },
    "pen": {
        "precision": 0.47572815533980584,
        "recall": 0.5444444444444444,
        "f1-score": 0.5077720207253885,
        "support": 90
    },
    "phone": {
        "precision": 0.7222222222222222,
        "recall": 0.5909090909090909,
        "f1-score": 0.65,
        "support": 88
    },
    "printer": {
        "precision": 0.7127659574468085,
        "recall": 0.7052631578947368,
        "f1-score": 0.7089947089947088,
        "support": 95
    },
    "projector": {
        "precision": 0.47794117647058826,
        "recall": 0.6989247311827957,
        "f1-score": 0.5676855895196506,
        "support": 93
    },
    "punchers": {
        "precision": 0.2727272727272727,
        "recall": 0.12903225806451613,
        "f1-score": 0.1751824817518248,
        "support": 93
    },
    "ring_binder": {
        "precision": 0.3333333333333333,
        "recall": 0.4235294117647059,
        "f1-score": 0.37305699481865284,
        "support": 85
    },
    "ruler": {
        "precision": 0.47297297297297297,
        "recall": 0.5,
        "f1-score": 0.4861111111111111,
        "support": 70
    },
    "scissors": {
        "precision": 0.4117647058823529,
        "recall": 0.3684210526315789,
        "f1-score": 0.3888888888888889,
        "support": 95
    },
    "speaker": {
        "precision": 0.42857142857142855,
        "recall": 0.19148936170212766,
        "f1-score": 0.2647058823529412,
        "support": 94
    },
    "stapler": {
        "precision": 0.46551724137931033,
        "recall": 0.574468085106383,
        "f1-score": 0.5142857142857143,
        "support": 94
    },
    "tape_dispenser": {
        "precision": 0.5,
        "recall": 0.10989010989010989,
        "f1-score": 0.18018018018018017,
        "support": 91
    },
    "trash_can": {
        "precision": 0.6129032258064516,
        "recall": 0.3220338983050847,
        "f1-score": 0.4222222222222223,
        "support": 59
    },
    "accuracy": 0.5751314800901578,
    "macro avg": {
        "precision": 0.5908177311483671,
        "recall": 0.5751089019891213,
        "f1-score": 0.5597618252091585,
        "support": 2662
    },
    "weighted avg": {
        "precision": 0.594221573841324,
        "recall": 0.5751314800901578,
        "f1-score": 0.5609806234622198,
        "support": 2662
    }
}