{
    "back_pack": {
        "precision": 0.5833333333333334,
        "recall": 1.0,
        "f1-score": 0.7368421052631579,
        "support": 7
    },
    "bike": {
        "precision": 1.0,
        "recall": 0.9375,
        "f1-score": 0.967741935483871,
        "support": 16
    },
    "bike_helmet": {
        "precision": 0.9333333333333333,
        "recall": 0.7368421052631579,
        "f1-score": 0.8235294117647058,
        "support": 19
    },
    "bookcase": {
        "precision": 0.6666666666666666,
        "recall": 0.2857142857142857,
        "f1-score": 0.4,
        "support": 7
    },
    "bottle": {
        "precision": 1.0,
        "recall": 0.9090909090909091,
        "f1-score": 0.9523809523809523,
        "support": 11
    },
    "calculator": {
        "precision": 0.6666666666666666,
        "recall": 0.5714285714285714,
        "f1-score": 0.6153846153846153,
        "support": 7
    },
    "desk_chair": {
        "precision": 1.0,
        "recall": 0.875,
        "f1-score": 0.9333333333333333,
        "support": 8
    },
    "desk_lamp": {
        "precision": 0.5833333333333334,
        "recall": 0.7777777777777778,
        "f1-score": 0.6666666666666666,
        "support": 9
    },
    "desktop_computer": {
        "precision": 0.0,
        "recall": 0.0,
        "f1-score": 0.0,
        "support": 10
    },
    "file_cabinet": {
        "precision": 0.36,
        "recall": 0.9,
        "f1-score": 0.5142857142857143,
        "support": 10
    },
    "headphones": {
        "precision": 0.6666666666666666,
        "recall": 0.5,
        "f1-score": 0.5714285714285715,
        "support": 8
    },
    "keyboard": {
        "precision": 0.5,
        "recall": 1.0,
        "f1-score": 0.6666666666666666,
        "support": 5
    },
    "laptop_computer": {
        "precision": 1.0,
        "recall": 0.6842105263157895,
        "f1-score": 0.8125000000000001,
        "support": 19
    },
    "letter_tray": {
        "precision": 0.3181818181818182,
        "recall": 0.6363636363636364,
        "f1-score": 0.4242424242424242,
        "support": 11
    },
    "mobile_phone": {
        "precision": 1.0,
        "recall": 0.15384615384615385,
        "f1-score": 0.2666666666666667,
        "support": 26
    },
    "monitor": {
        "precision": 1.0,
        "recall": 0.35294117647058826,
        "f1-score": 0.5217391304347826,
        "support": 17
    },
    "mouse": {
        "precision": 0.35714285714285715,
        "recall": 0.7142857142857143,
        "f1-score": 0.4761904761904762,
        "support": 7
    },
    "mug": {
        "precision": 0.6666666666666666,
        "recall": 0.6666666666666666,
        "f1-score": 0.6666666666666666,
        "support": 3
    },
    "paper_notebook": {
        "precision": 0.2857142857142857,
        "recall": 0.4,
        "f1-score": 0.3333333333333333,
        "support": 5
    },
    "pen": {
        "precision": 0.75,
        "recall": 0.6,
        "f1-score": 0.6666666666666665,
        "support": 5
    },
    "phone": {
        "precision": 1.0,
        "recall": 0.75,
        "f1-score": 0.8571428571428571,
        "support": 8
    },
    "printer": {
        "precision": 0.2222222222222222,
        "recall": 0.4,
        "f1-score": 0.2857142857142857,
        "support": 10
    },
    "projector": {
        "precision": 0.4583333333333333,
        "recall": 0.6111111111111112,
        "f1-score": 0.5238095238095238,
        "support": 18
    },
    "punchers": {
        "precision": 0.1875,
        "recall": 0.23076923076923078,
        "f1-score": 0.20689655172413793,
        "support": 13
    },
    "ring_binder": {
        "precision": 0.0625,
        "recall": 0.2,
        "f1-score": 0.09523809523809523,
        "support": 5
    },
    "ruler": {
        "precision": 0.3333333333333333,
        "recall": 0.5,
        "f1-score": 0.4,
        "support": 2
    },
    "scissors": {
        "precision": 1.0,
        "recall": 0.9230769230769231,
        "f1-score": 0.9600000000000001,
        "support": 13
    },
    "speaker": {
        "precision": 0.5,
        "recall": 0.42857142857142855,
        "f1-score": 0.4615384615384615,
        "support": 21
    },
    "stapler": {
        "precision": 0.5454545454545454,
        "recall": 0.375,
        "f1-score": 0.4444444444444444,
        "support": 16
    },
    "tape_dispenser": {
        "precision": 0.8333333333333334,
        "recall": 0.5882352941176471,
        "f1-score": 0.6896551724137931,
        "support": 17
    },
    "trash_can": {
        "precision": 0.3333333333333333,
        "recall": 0.4,
        "f1-score": 0.3636363636363636,
        "support": 10
    },
    "accuracy": 0.5626822157434402,
    "macro avg": {
        "precision": 0.6068940557650235,
        "recall": 0.5841429519635352,
        "f1-score": 0.5582045513716527,
        "support": 343
    },
    "weighted avg": {
        "precision": 0.6694695812771614,
        "recall": 0.5626822157434402,
        "f1-score": 0.5667055823302767,
        "support": 343
    }
}