{
    "back_pack": {
        "precision": 0.9393939393939394,
        "recall": 0.7126436781609196,
        "f1-score": 0.8104575163398693,
        "support": 87
    },
    "bike": {
        "precision": 0.96,
        "recall": 0.935064935064935,
        "f1-score": 0.9473684210526316,
        "support": 77
    },
    "bike_helmet": {
        "precision": 0.828125,
        "recall": 0.7910447761194029,
        "f1-score": 0.8091603053435115,
        "support": 67
    },
    "bookcase": {
        "precision": 0.6704545454545454,
        "recall": 0.7662337662337663,
        "f1-score": 0.715151515151515,
        "support": 77
    },
    "bottle": {
        "precision": 0.43902439024390244,
        "recall": 0.5806451612903226,
        "f1-score": 0.5,
        "support": 31
    },
    "calculator": {
        "precision": 0.7102803738317757,
        "recall": 0.8539325842696629,
        "f1-score": 0.7755102040816326,
        "support": 89
    },
    "desk_chair": {
        "precision": 0.7171717171717171,
        "recall": 0.8255813953488372,
        "f1-score": 0.7675675675675675,
        "support": 86
    },
    "desk_lamp": {
        "precision": 1.0,
        "recall": 0.2391304347826087,
        "f1-score": 0.3859649122807018,
        "support": 92
    },
    "desktop_computer": {
        "precision": 0.42857142857142855,
        "recall": 0.13043478260869565,
        "f1-score": 0.2,
        "support": 92
    },
    "file_cabinet": {
        "precision": 0.6049382716049383,
        "recall": 0.6447368421052632,
        "f1-score": 0.6242038216560509,
        "support": 76
    },
    "headphones": {
        "precision": 0.7297297297297297,
        "recall": 0.8617021276595744,
        "f1-score": 0.7902439024390245,
        "support": 94
    },
    "keyboard": {
        "precision": 0.8681318681318682,
        "recall": 0.8315789473684211,
        "f1-score": 0.849462365591398,
        "support": 95
    },
    "laptop_computer": {
        "precision": 0.7310924369747899,
        "recall": 0.9157894736842105,
        "f1-score": 0.8130841121495327,
        "support": 95
    },
    "letter_tray": {
        "precision": 0.7441860465116279,
        "recall": 0.34408602150537637,
        "f1-score": 0.47058823529411764,
        "support": 93
    },
    "mobile_phone": {
        "precision": 0.43333333333333335,
        "recall": 0.9578947368421052,
        "f1-score": 0.5967213114754097,
        "support": 95
    },
    "monitor": {
        "precision": 0.7217391304347827,
        "recall": 0.8829787234042553,
        "f1-score": 0.7942583732057416,
        "support": 94
    },
    "mouse": {
        "precision": 0.6981132075471698,
        "recall": 0.7789473684210526,
        "f1-score": 0.7363184079601991,
        "support": 95
    },
    "mug": {
        "precision": 0.7241379310344828,
        "recall": 0.7078651685393258,
        "f1-score": 0.7159090909090908,
        "support": 89
    },
    "paper_notebook": {
        "precision": 0.5692307692307692,
        "recall": 0.4065934065934066,
        "f1-score": 0.47435897435897434,
        "support": 91
    },
    "pen": {
        "precision": 0.4095238095238095,
        "recall": 0.4777777777777778,
        "f1-score": 0.44102564102564107,
        "support": 90
    },
    "phone": {
        "precision": 0.7567567567567568,
        "recall": 0.6363636363636364,
        "f1-score": 0.691358024691358,
        "support": 88
    },
    "printer": {
        "precision": 0.72,
        "recall": 0.5684210526315789,
        "f1-score": 0.6352941176470588,
        "support": 95
    },
    "projector": {
        "precision": 0.6705882352941176,
        "recall": 0.6129032258064516,
        "f1-score": 0.6404494382022471,
        "support": 93
    },
    "punchers": {
        "precision": 0.1232876712328767,
        "recall": 0.0967741935483871,
        "f1-score": 0.10843373493975904,
        "support": 93
    },
    "ring_binder": {
        "precision": 0.6571428571428571,
        "recall": 0.27058823529411763,
        "f1-score": 0.3833333333333333,
        "support": 85
    },
    "ruler": {
        "precision": 0.4791666666666667,
        "recall": 0.6571428571428571,
        "f1-score": 0.5542168674698795,
        "support": 70
    },
    "scissors": {
        "precision": 0.35,
        "recall": 0.29473684210526313,
        "f1-score": 0.32,
        "support": 95
    },
    "speaker": {
        "precision": 0.43333333333333335,
        "recall": 0.4148936170212766,
        "f1-score": 0.42391304347826086,
        "support": 94
    },
    "stapler": {
        "precision": 0.5288461538461539,
        "recall": 0.5851063829787234,
        "f1-score": 0.5555555555555556,
        "support": 94
    },
    "tape_dispenser": {
        "precision": 0.36633663366336633,
        "recall": 0.4065934065934066,
        "f1-score": 0.3854166666666667,
        "support": 91
    },
    "trash_can": {
        "precision": 0.2222222222222222,
        "recall": 0.4745762711864407,
        "f1-score": 0.3027027027027027,
        "support": 59
    },
    "accuracy": 0.599549211119459,
    "macro avg": {
        "precision": 0.6204793051252568,
        "recall": 0.6020245751113567,
        "f1-score": 0.5876783278248205,
        "support": 2662
    },
    "weighted avg": {
        "precision": 0.6255428283647549,
        "recall": 0.599549211119459,
        "f1-score": 0.5883170825449758,
        "support": 2662
    }
}