{
    "back_pack": {
        "precision": 0.96,
        "recall": 1.0,
        "f1-score": 0.9795918367346939,
        "support": 24
    },
    "bike": {
        "precision": 1.0,
        "recall": 1.0,
        "f1-score": 1.0,
        "support": 16
    },
    "bike_helmet": {
        "precision": 0.9583333333333334,
        "recall": 1.0,
        "f1-score": 0.9787234042553191,
        "support": 23
    },
    "bookcase": {
        "precision": 1.0,
        "recall": 1.0,
        "f1-score": 1.0,
        "support": 7
    },
    "bottle": {
        "precision": 1.0,
        "recall": 1.0,
        "f1-score": 1.0,
        "support": 11
    },
    "calculator": {
        "precision": 0.875,
        "recall": 0.8076923076923077,
        "f1-score": 0.8400000000000001,
        "support": 26
    },
    "desk_chair": {
        "precision": 1.0,
        "recall": 1.0,
        "f1-score": 1.0,
        "support": 35
    },
    "desk_lamp": {
        "precision": 0.8333333333333334,
        "recall": 0.7692307692307693,
        "f1-score": 0.8,
        "support": 13
    },
    "desktop_computer": {
        "precision": 1.0,
        "recall": 0.75,
        "f1-score": 0.8571428571428571,
        "support": 16
    },
    "file_cabinet": {
        "precision": 0.875,
        "recall": 1.0,
        "f1-score": 0.9333333333333333,
        "support": 14
    },
    "headphones": {
        "precision": 0.84,
        "recall": 0.9545454545454546,
        "f1-score": 0.8936170212765958,
        "support": 22
    },
    "keyboard": {
        "precision": 1.0,
        "recall": 0.8181818181818182,
        "f1-score": 0.9,
        "support": 22
    },
    "laptop_computer": {
        "precision": 1.0,
        "recall": 0.96,
        "f1-score": 0.9795918367346939,
        "support": 25
    },
    "letter_tray": {
        "precision": 1.0,
        "recall": 1.0,
        "f1-score": 1.0,
        "support": 14
    },
    "mobile_phone": {
        "precision": 0.423728813559322,
        "recall": 1.0,
        "f1-score": 0.5952380952380952,
        "support": 25
    },
    "monitor": {
        "precision": 0.7755102040816326,
        "recall": 1.0,
        "f1-score": 0.8735632183908045,
        "support": 38
    },
    "mouse": {
        "precision": 1.0,
        "recall": 0.6,
        "f1-score": 0.7499999999999999,
        "support": 25
    },
    "mug": {
        "precision": 1.0,
        "recall": 1.0,
        "f1-score": 1.0,
        "support": 22
    },
    "paper_notebook": {
        "precision": 0.9230769230769231,
        "recall": 0.5217391304347826,
        "f1-score": 0.6666666666666667,
        "support": 23
    },
    "pen": {
        "precision": 0.8387096774193549,
        "recall": 0.9629629629629629,
        "f1-score": 0.896551724137931,
        "support": 27
    },
    "phone": {
        "precision": 0.9166666666666666,
        "recall": 1.0,
        "f1-score": 0.9565217391304348,
        "support": 11
    },
    "printer": {
        "precision": 0.8571428571428571,
        "recall": 0.8,
        "f1-score": 0.8275862068965518,
        "support": 15
    },
    "projector": {
        "precision": 0.8888888888888888,
        "recall": 0.64,
        "f1-score": 0.7441860465116279,
        "support": 25
    },
    "punchers": {
        "precision": 0.8823529411764706,
        "recall": 0.6818181818181818,
        "f1-score": 0.7692307692307693,
        "support": 22
    },
    "ring_binder": {
        "precision": 0.9285714285714286,
        "recall": 0.37142857142857144,
        "f1-score": 0.5306122448979592,
        "support": 35
    },
    "ruler": {
        "precision": 0.0,
        "recall": 0.0,
        "f1-score": 0.0,
        "support": 6
    },
    "scissors": {
        "precision": 0.9047619047619048,
        "recall": 0.95,
        "f1-score": 0.9268292682926829,
        "support": 20
    },
    "speaker": {
        "precision": 0.7575757575757576,
        "recall": 1.0,
        "f1-score": 0.8620689655172413,
        "support": 25
    },
    "stapler": {
        "precision": 0.8181818181818182,
        "recall": 0.9473684210526315,
        "f1-score": 0.8780487804878049,
        "support": 19
    },
    "tape_dispenser": {
        "precision": 1.0,
        "recall": 1.0,
        "f1-score": 1.0,
        "support": 18
    },
    "trash_can": {
        "precision": 0.7894736842105263,
        "recall": 0.9375,
        "f1-score": 0.8571428571428572,
        "support": 16
    },
    "accuracy": 0.859375,
    "macro avg": {
        "precision": 0.8724615558703297,
        "recall": 0.8539505683015315,
        "f1-score": 0.8482660281296427,
        "support": 640
    },
    "weighted avg": {
        "precision": 0.8853432300956448,
        "recall": 0.859375,
        "f1-score": 0.8529343135160753,
        "support": 640
    }
}