{
    "back_pack": {
        "precision": 0.6774193548387096,
        "recall": 0.875,
        "f1-score": 0.7636363636363636,
        "support": 24
    },
    "bike": {
        "precision": 1.0,
        "recall": 1.0,
        "f1-score": 1.0,
        "support": 16
    },
    "bike_helmet": {
        "precision": 1.0,
        "recall": 0.8260869565217391,
        "f1-score": 0.9047619047619047,
        "support": 23
    },
    "bookcase": {
        "precision": 0.6,
        "recall": 0.42857142857142855,
        "f1-score": 0.5,
        "support": 7
    },
    "bottle": {
        "precision": 1.0,
        "recall": 0.9090909090909091,
        "f1-score": 0.9523809523809523,
        "support": 11
    },
    "calculator": {
        "precision": 0.6666666666666666,
        "recall": 0.46153846153846156,
        "f1-score": 0.5454545454545455,
        "support": 26
    },
    "desk_chair": {
        "precision": 1.0,
        "recall": 0.9428571428571428,
        "f1-score": 0.9705882352941176,
        "support": 35
    },
    "desk_lamp": {
        "precision": 0.24444444444444444,
        "recall": 0.8461538461538461,
        "f1-score": 0.37931034482758624,
        "support": 13
    },
    "desktop_computer": {
        "precision": 0.75,
        "recall": 0.1875,
        "f1-score": 0.3,
        "support": 16
    },
    "file_cabinet": {
        "precision": 0.42857142857142855,
        "recall": 0.8571428571428571,
        "f1-score": 0.5714285714285714,
        "support": 14
    },
    "headphones": {
        "precision": 0.875,
        "recall": 0.3181818181818182,
        "f1-score": 0.4666666666666667,
        "support": 22
    },
    "keyboard": {
        "precision": 0.6333333333333333,
        "recall": 0.8636363636363636,
        "f1-score": 0.7307692307692307,
        "support": 22
    },
    "laptop_computer": {
        "precision": 0.8666666666666667,
        "recall": 0.52,
        "f1-score": 0.65,
        "support": 25
    },
    "letter_tray": {
        "precision": 0.24,
        "recall": 0.8571428571428571,
        "f1-score": 0.375,
        "support": 14
    },
    "mobile_phone": {
        "precision": 0.0,
        "recall": 0.0,
        "f1-score": 0.0,
        "support": 25
    },
    "monitor": {
        "precision": 1.0,
        "recall": 0.2894736842105263,
        "f1-score": 0.4489795918367347,
        "support": 38
    },
    "mouse": {
        "precision": 0.9545454545454546,
        "recall": 0.84,
        "f1-score": 0.8936170212765958,
        "support": 25
    },
    "mug": {
        "precision": 1.0,
        "recall": 0.5454545454545454,
        "f1-score": 0.7058823529411764,
        "support": 22
    },
    "paper_notebook": {
        "precision": 0.4,
        "recall": 0.2608695652173913,
        "f1-score": 0.31578947368421056,
        "support": 23
    },
    "pen": {
        "precision": 0.7027027027027027,
        "recall": 0.9629629629629629,
        "f1-score": 0.8125,
        "support": 27
    },
    "phone": {
        "precision": 0.8888888888888888,
        "recall": 0.7272727272727273,
        "f1-score": 0.7999999999999999,
        "support": 11
    },
    "printer": {
        "precision": 0.5714285714285714,
        "recall": 0.5333333333333333,
        "f1-score": 0.5517241379310344,
        "support": 15
    },
    "projector": {
        "precision": 0.625,
        "recall": 0.2,
        "f1-score": 0.30303030303030304,
        "support": 25
    },
    "punchers": {
        "precision": 0.42424242424242425,
        "recall": 0.6363636363636364,
        "f1-score": 0.5090909090909091,
        "support": 22
    },
    "ring_binder": {
        "precision": 0.40625,
        "recall": 0.7428571428571429,
        "f1-score": 0.5252525252525253,
        "support": 35
    },
    "ruler": {
        "precision": 0.4,
        "recall": 0.3333333333333333,
        "f1-score": 0.3636363636363636,
        "support": 6
    },
    "scissors": {
        "precision": 0.5925925925925926,
        "recall": 0.8,
        "f1-score": 0.6808510638297872,
        "support": 20
    },
    "speaker": {
        "precision": 0.45,
        "recall": 0.36,
        "f1-score": 0.39999999999999997,
        "support": 25
    },
    "stapler": {
        "precision": 0.5454545454545454,
        "recall": 0.3157894736842105,
        "f1-score": 0.39999999999999997,
        "support": 19
    },
    "tape_dispenser": {
        "precision": 0.6086956521739131,
        "recall": 0.7777777777777778,
        "f1-score": 0.6829268292682927,
        "support": 18
    },
    "trash_can": {
        "precision": 0.25,
        "recall": 0.25,
        "f1-score": 0.25,
        "support": 16
    },
    "accuracy": 0.5921875,
    "macro avg": {
        "precision": 0.6387710556951725,
        "recall": 0.5957545426872584,
        "f1-score": 0.5726863673225119,
        "support": 640
    },
    "weighted avg": {
        "precision": 0.6602563821890747,
        "recall": 0.5921875,
        "f1-score": 0.5795292464865718,
        "support": 640
    }
}