{
    "back_pack": {
        "precision": 0.7741935483870968,
        "recall": 1.0,
        "f1-score": 0.8727272727272727,
        "support": 24
    },
    "bike": {
        "precision": 0.8888888888888888,
        "recall": 1.0,
        "f1-score": 0.9411764705882353,
        "support": 16
    },
    "bike_helmet": {
        "precision": 0.95,
        "recall": 0.8260869565217391,
        "f1-score": 0.8837209302325583,
        "support": 23
    },
    "bookcase": {
        "precision": 0.5714285714285714,
        "recall": 0.5714285714285714,
        "f1-score": 0.5714285714285714,
        "support": 7
    },
    "bottle": {
        "precision": 0.9166666666666666,
        "recall": 1.0,
        "f1-score": 0.9565217391304348,
        "support": 11
    },
    "calculator": {
        "precision": 0.84,
        "recall": 0.8076923076923077,
        "f1-score": 0.8235294117647058,
        "support": 26
    },
    "desk_chair": {
        "precision": 1.0,
        "recall": 0.9714285714285714,
        "f1-score": 0.9855072463768115,
        "support": 35
    },
    "desk_lamp": {
        "precision": 0.8181818181818182,
        "recall": 0.6923076923076923,
        "f1-score": 0.7500000000000001,
        "support": 13
    },
    "desktop_computer": {
        "precision": 0.7272727272727273,
        "recall": 0.5,
        "f1-score": 0.5925925925925926,
        "support": 16
    },
    "file_cabinet": {
        "precision": 1.0,
        "recall": 1.0,
        "f1-score": 1.0,
        "support": 14
    },
    "headphones": {
        "precision": 1.0,
        "recall": 0.9545454545454546,
        "f1-score": 0.9767441860465117,
        "support": 22
    },
    "keyboard": {
        "precision": 0.8888888888888888,
        "recall": 0.7272727272727273,
        "f1-score": 0.7999999999999999,
        "support": 22
    },
    "laptop_computer": {
        "precision": 0.8235294117647058,
        "recall": 0.56,
        "f1-score": 0.6666666666666666,
        "support": 25
    },
    "letter_tray": {
        "precision": 0.5,
        "recall": 0.42857142857142855,
        "f1-score": 0.4615384615384615,
        "support": 14
    },
    "mobile_phone": {
        "precision": 0.5555555555555556,
        "recall": 0.4,
        "f1-score": 0.46511627906976744,
        "support": 25
    },
    "monitor": {
        "precision": 0.9411764705882353,
        "recall": 0.8421052631578947,
        "f1-score": 0.8888888888888888,
        "support": 38
    },
    "mouse": {
        "precision": 0.9333333333333333,
        "recall": 0.56,
        "f1-score": 0.7000000000000001,
        "support": 25
    },
    "mug": {
        "precision": 0.9166666666666666,
        "recall": 1.0,
        "f1-score": 0.9565217391304348,
        "support": 22
    },
    "paper_notebook": {
        "precision": 0.6451612903225806,
        "recall": 0.8695652173913043,
        "f1-score": 0.7407407407407407,
        "support": 23
    },
    "pen": {
        "precision": 0.55,
        "recall": 0.8148148148148148,
        "f1-score": 0.6567164179104479,
        "support": 27
    },
    "phone": {
        "precision": 0.5263157894736842,
        "recall": 0.9090909090909091,
        "f1-score": 0.6666666666666666,
        "support": 11
    },
    "printer": {
        "precision": 0.48,
        "recall": 0.8,
        "f1-score": 0.6,
        "support": 15
    },
    "projector": {
        "precision": 0.5714285714285714,
        "recall": 0.48,
        "f1-score": 0.5217391304347826,
        "support": 25
    },
    "punchers": {
        "precision": 1.0,
        "recall": 0.36363636363636365,
        "f1-score": 0.5333333333333333,
        "support": 22
    },
    "ring_binder": {
        "precision": 0.7948717948717948,
        "recall": 0.8857142857142857,
        "f1-score": 0.8378378378378378,
        "support": 35
    },
    "ruler": {
        "precision": 0.23076923076923078,
        "recall": 0.5,
        "f1-score": 0.3157894736842105,
        "support": 6
    },
    "scissors": {
        "precision": 0.9285714285714286,
        "recall": 0.65,
        "f1-score": 0.7647058823529412,
        "support": 20
    },
    "speaker": {
        "precision": 0.6896551724137931,
        "recall": 0.8,
        "f1-score": 0.7407407407407408,
        "support": 25
    },
    "stapler": {
        "precision": 1.0,
        "recall": 0.2631578947368421,
        "f1-score": 0.4166666666666667,
        "support": 19
    },
    "tape_dispenser": {
        "precision": 0.35714285714285715,
        "recall": 0.8333333333333334,
        "f1-score": 0.5,
        "support": 18
    },
    "trash_can": {
        "precision": 0.4166666666666667,
        "recall": 0.3125,
        "f1-score": 0.35714285714285715,
        "support": 16
    },
    "accuracy": 0.7359375,
    "macro avg": {
        "precision": 0.7495601725575406,
        "recall": 0.7201048965046529,
        "f1-score": 0.7078954904417142,
        "support": 640
    },
    "weighted avg": {
        "precision": 0.7815990397499564,
        "recall": 0.7359375,
        "f1-score": 0.7338976775139637,
        "support": 640
    }
}