{
    "back_pack": {
        "precision": 0.96,
        "recall": 0.27586206896551724,
        "f1-score": 0.42857142857142855,
        "support": 87
    },
    "bike": {
        "precision": 0.8690476190476191,
        "recall": 0.948051948051948,
        "f1-score": 0.906832298136646,
        "support": 77
    },
    "bike_helmet": {
        "precision": 0.7228915662650602,
        "recall": 0.8955223880597015,
        "f1-score": 0.7999999999999999,
        "support": 67
    },
    "bookcase": {
        "precision": 0.24761904761904763,
        "recall": 0.6753246753246753,
        "f1-score": 0.36236933797909404,
        "support": 77
    },
    "bottle": {
        "precision": 0.7368421052631579,
        "recall": 0.45161290322580644,
        "f1-score": 0.56,
        "support": 31
    },
    "calculator": {
        "precision": 0.42857142857142855,
        "recall": 0.9101123595505618,
        "f1-score": 0.5827338129496402,
        "support": 89
    },
    "desk_chair": {
        "precision": 0.78125,
        "recall": 0.9036144578313253,
        "f1-score": 0.8379888268156425,
        "support": 83
    },
    "desk_lamp": {
        "precision": 0.5555555555555556,
        "recall": 0.27472527472527475,
        "f1-score": 0.36764705882352944,
        "support": 91
    },
    "desktop_computer": {
        "precision": 0.0,
        "recall": 0.0,
        "f1-score": 0.0,
        "support": 92
    },
    "file_cabinet": {
        "precision": 0.2619047619047619,
        "recall": 0.14473684210526316,
        "f1-score": 0.1864406779661017,
        "support": 76
    },
    "headphones": {
        "precision": 0.7297297297297297,
        "recall": 0.2872340425531915,
        "f1-score": 0.4122137404580153,
        "support": 94
    },
    "keyboard": {
        "precision": 0.8909090909090909,
        "recall": 0.5157894736842106,
        "f1-score": 0.6533333333333333,
        "support": 95
    },
    "laptop_computer": {
        "precision": 0.7721518987341772,
        "recall": 0.648936170212766,
        "f1-score": 0.7052023121387283,
        "support": 94
    },
    "letter_tray": {
        "precision": 0.2903225806451613,
        "recall": 0.1935483870967742,
        "f1-score": 0.23225806451612904,
        "support": 93
    },
    "mobile_phone": {
        "precision": 0.18951612903225806,
        "recall": 0.49473684210526314,
        "f1-score": 0.27405247813411077,
        "support": 95
    },
    "monitor": {
        "precision": 0.5277777777777778,
        "recall": 0.6063829787234043,
        "f1-score": 0.5643564356435643,
        "support": 94
    },
    "mouse": {
        "precision": 0.632183908045977,
        "recall": 0.5789473684210527,
        "f1-score": 0.6043956043956045,
        "support": 95
    },
    "mug": {
        "precision": 0.8666666666666667,
        "recall": 0.14606741573033707,
        "f1-score": 0.25,
        "support": 89
    },
    "paper_notebook": {
        "precision": 0.75,
        "recall": 0.06593406593406594,
        "f1-score": 0.12121212121212123,
        "support": 91
    },
    "pen": {
        "precision": 0.33695652173913043,
        "recall": 0.34444444444444444,
        "f1-score": 0.3406593406593406,
        "support": 90
    },
    "phone": {
        "precision": 0.7352941176470589,
        "recall": 0.2840909090909091,
        "f1-score": 0.4098360655737705,
        "support": 88
    },
    "printer": {
        "precision": 0.2608695652173913,
        "recall": 0.1276595744680851,
        "f1-score": 0.1714285714285714,
        "support": 94
    },
    "projector": {
        "precision": 0.5531914893617021,
        "recall": 0.27956989247311825,
        "f1-score": 0.37142857142857144,
        "support": 93
    },
    "punchers": {
        "precision": 0.1592920353982301,
        "recall": 0.1935483870967742,
        "f1-score": 0.17475728155339806,
        "support": 93
    },
    "ring_binder": {
        "precision": 0.26666666666666666,
        "recall": 0.1411764705882353,
        "f1-score": 0.1846153846153846,
        "support": 85
    },
    "ruler": {
        "precision": 0.3132530120481928,
        "recall": 0.37142857142857144,
        "f1-score": 0.33986928104575165,
        "support": 70
    },
    "scissors": {
        "precision": 0.3488372093023256,
        "recall": 0.47368421052631576,
        "f1-score": 0.4017857142857143,
        "support": 95
    },
    "speaker": {
        "precision": 0.14450867052023122,
        "recall": 0.26595744680851063,
        "f1-score": 0.1872659176029963,
        "support": 94
    },
    "stapler": {
        "precision": 0.17297297297297298,
        "recall": 0.3404255319148936,
        "f1-score": 0.2293906810035842,
        "support": 94
    },
    "tape_dispenser": {
        "precision": 0.19161676646706588,
        "recall": 0.3516483516483517,
        "f1-score": 0.248062015503876,
        "support": 91
    },
    "trash_can": {
        "precision": 0.4146341463414634,
        "recall": 0.288135593220339,
        "f1-score": 0.33999999999999997,
        "support": 59
    },
    "accuracy": 0.39495481927710846,
    "macro avg": {
        "precision": 0.4874526786919324,
        "recall": 0.40254545309708667,
        "f1-score": 0.39511955986369834,
        "support": 2656
    },
    "weighted avg": {
        "precision": 0.4801911469599456,
        "recall": 0.39495481927710846,
        "f1-score": 0.3865168659371441,
        "support": 2656
    }
}