{
    "0": {
        "precision": 0.7927994121969141,
        "recall": 0.9818016378525932,
        "f1-score": 0.8772357723577235,
        "support": 1099
    },
    "1": {
        "precision": 0.6158680282796544,
        "recall": 0.7133757961783439,
        "f1-score": 0.6610455311973018,
        "support": 1099
    },
    "2": {
        "precision": 0.7275747508305648,
        "recall": 0.7970882620564149,
        "f1-score": 0.7607468519322622,
        "support": 1099
    },
    "3": {
        "precision": 0.8007590132827325,
        "recall": 0.7679708826205641,
        "f1-score": 0.7840222944728286,
        "support": 1099
    },
    "4": {
        "precision": 0.6634686346863469,
        "recall": 0.8180163785259327,
        "f1-score": 0.7326813365933171,
        "support": 1099
    },
    "5": {
        "precision": 0.695351137487636,
        "recall": 0.6396724294813467,
        "f1-score": 0.6663507109004739,
        "support": 1099
    },
    "6": {
        "precision": 0.7927835051546391,
        "recall": 0.6997270245677889,
        "f1-score": 0.7433542774287095,
        "support": 1099
    },
    "7": {
        "precision": 0.45433070866141734,
        "recall": 0.5250227479526842,
        "f1-score": 0.48712536935415784,
        "support": 1099
    },
    "8": {
        "precision": 0.6466666666666666,
        "recall": 0.6178343949044586,
        "f1-score": 0.6319218241042345,
        "support": 1099
    },
    "9": {
        "precision": 0.6719457013574661,
        "recall": 0.27024567788899,
        "f1-score": 0.3854639844256977,
        "support": 1099
    },
    "accuracy": 0.6830755232029118,
    "macro avg": {
        "precision": 0.6861547558604038,
        "recall": 0.6830755232029118,
        "f1-score": 0.6729947952766707,
        "support": 10990
    },
    "weighted avg": {
        "precision": 0.6861547558604038,
        "recall": 0.6830755232029118,
        "f1-score": 0.6729947952766707,
        "support": 10990
    }
}