{
    "back_pack": {
        "precision": 0.7339449541284404,
        "recall": 0.9195402298850575,
        "f1-score": 0.8163265306122449,
        "support": 87
    },
    "bike": {
        "precision": 0.971830985915493,
        "recall": 0.8961038961038961,
        "f1-score": 0.9324324324324325,
        "support": 77
    },
    "bike_helmet": {
        "precision": 0.6559139784946236,
        "recall": 0.9104477611940298,
        "f1-score": 0.7624999999999998,
        "support": 67
    },
    "bookcase": {
        "precision": 0.4305555555555556,
        "recall": 0.8051948051948052,
        "f1-score": 0.5610859728506787,
        "support": 77
    },
    "bottle": {
        "precision": 0.22535211267605634,
        "recall": 0.5161290322580645,
        "f1-score": 0.3137254901960784,
        "support": 31
    },
    "calculator": {
        "precision": 0.8846153846153846,
        "recall": 0.7752808988764045,
        "f1-score": 0.8263473053892216,
        "support": 89
    },
    "desk_chair": {
        "precision": 0.7142857142857143,
        "recall": 0.9302325581395349,
        "f1-score": 0.8080808080808081,
        "support": 86
    },
    "desk_lamp": {
        "precision": 0.6986301369863014,
        "recall": 0.5543478260869565,
        "f1-score": 0.618181818181818,
        "support": 92
    },
    "desktop_computer": {
        "precision": 0.13043478260869565,
        "recall": 0.06521739130434782,
        "f1-score": 0.08695652173913045,
        "support": 92
    },
    "file_cabinet": {
        "precision": 0.328,
        "recall": 0.5394736842105263,
        "f1-score": 0.4079601990049751,
        "support": 76
    },
    "headphones": {
        "precision": 0.8076923076923077,
        "recall": 0.8936170212765957,
        "f1-score": 0.8484848484848485,
        "support": 94
    },
    "keyboard": {
        "precision": 0.9259259259259259,
        "recall": 0.7894736842105263,
        "f1-score": 0.8522727272727273,
        "support": 95
    },
    "laptop_computer": {
        "precision": 0.5486111111111112,
        "recall": 0.8315789473684211,
        "f1-score": 0.6610878661087868,
        "support": 95
    },
    "letter_tray": {
        "precision": 0.7627118644067796,
        "recall": 0.4838709677419355,
        "f1-score": 0.5921052631578948,
        "support": 93
    },
    "mobile_phone": {
        "precision": 0.6538461538461539,
        "recall": 0.8947368421052632,
        "f1-score": 0.7555555555555555,
        "support": 95
    },
    "monitor": {
        "precision": 0.6991869918699187,
        "recall": 0.9148936170212766,
        "f1-score": 0.7926267281105991,
        "support": 94
    },
    "mouse": {
        "precision": 0.6752136752136753,
        "recall": 0.8315789473684211,
        "f1-score": 0.7452830188679246,
        "support": 95
    },
    "mug": {
        "precision": 0.8507462686567164,
        "recall": 0.6404494382022472,
        "f1-score": 0.7307692307692307,
        "support": 89
    },
    "paper_notebook": {
        "precision": 0.48314606741573035,
        "recall": 0.4725274725274725,
        "f1-score": 0.47777777777777786,
        "support": 91
    },
    "pen": {
        "precision": 0.29838709677419356,
        "recall": 0.4111111111111111,
        "f1-score": 0.34579439252336447,
        "support": 90
    },
    "phone": {
        "precision": 0.7534246575342466,
        "recall": 0.625,
        "f1-score": 0.6832298136645963,
        "support": 88
    },
    "printer": {
        "precision": 0.8571428571428571,
        "recall": 0.5684210526315789,
        "f1-score": 0.6835443037974683,
        "support": 95
    },
    "projector": {
        "precision": 0.7738095238095238,
        "recall": 0.6989247311827957,
        "f1-score": 0.7344632768361582,
        "support": 93
    },
    "punchers": {
        "precision": 0.4444444444444444,
        "recall": 0.17204301075268819,
        "f1-score": 0.24806201550387594,
        "support": 93
    },
    "ring_binder": {
        "precision": 0.2833333333333333,
        "recall": 0.2,
        "f1-score": 0.23448275862068968,
        "support": 85
    },
    "ruler": {
        "precision": 0.6307692307692307,
        "recall": 0.5857142857142857,
        "f1-score": 0.6074074074074074,
        "support": 70
    },
    "scissors": {
        "precision": 0.45454545454545453,
        "recall": 0.3684210526315789,
        "f1-score": 0.4069767441860465,
        "support": 95
    },
    "speaker": {
        "precision": 0.34615384615384615,
        "recall": 0.19148936170212766,
        "f1-score": 0.2465753424657534,
        "support": 94
    },
    "stapler": {
        "precision": 0.4827586206896552,
        "recall": 0.44680851063829785,
        "f1-score": 0.4640883977900553,
        "support": 94
    },
    "tape_dispenser": {
        "precision": 0.43478260869565216,
        "recall": 0.21978021978021978,
        "f1-score": 0.291970802919708,
        "support": 91
    },
    "trash_can": {
        "precision": 0.3220338983050847,
        "recall": 0.3220338983050847,
        "f1-score": 0.3220338983050847,
        "support": 59
    },
    "accuracy": 0.596168294515402,
    "macro avg": {
        "precision": 0.5891041788258743,
        "recall": 0.5959497501782435,
        "f1-score": 0.576070620922998,
        "support": 2662
    },
    "weighted avg": {
        "precision": 0.6004951524726736,
        "recall": 0.596168294515402,
        "f1-score": 0.5826403733643387,
        "support": 2662
    }
}