{
    "back_pack": {
        "precision": 0.6754385964912281,
        "recall": 0.8850574712643678,
        "f1-score": 0.7661691542288558,
        "support": 87
    },
    "bike": {
        "precision": 0.9493670886075949,
        "recall": 0.974025974025974,
        "f1-score": 0.9615384615384615,
        "support": 77
    },
    "bike_helmet": {
        "precision": 0.7777777777777778,
        "recall": 0.835820895522388,
        "f1-score": 0.8057553956834532,
        "support": 67
    },
    "bookcase": {
        "precision": 0.43283582089552236,
        "recall": 0.7532467532467533,
        "f1-score": 0.5497630331753555,
        "support": 77
    },
    "bottle": {
        "precision": 0.6,
        "recall": 0.2903225806451613,
        "f1-score": 0.3913043478260869,
        "support": 31
    },
    "calculator": {
        "precision": 0.8888888888888888,
        "recall": 0.449438202247191,
        "f1-score": 0.5970149253731343,
        "support": 89
    },
    "desk_chair": {
        "precision": 0.9466666666666667,
        "recall": 0.8255813953488372,
        "f1-score": 0.8819875776397516,
        "support": 86
    },
    "desk_lamp": {
        "precision": 0.7,
        "recall": 0.30434782608695654,
        "f1-score": 0.42424242424242425,
        "support": 92
    },
    "desktop_computer": {
        "precision": 0.4576271186440678,
        "recall": 0.29347826086956524,
        "f1-score": 0.3576158940397351,
        "support": 92
    },
    "file_cabinet": {
        "precision": 0.5964912280701754,
        "recall": 0.4473684210526316,
        "f1-score": 0.5112781954887219,
        "support": 76
    },
    "headphones": {
        "precision": 0.5087719298245614,
        "recall": 0.925531914893617,
        "f1-score": 0.6566037735849057,
        "support": 94
    },
    "keyboard": {
        "precision": 0.8941176470588236,
        "recall": 0.8,
        "f1-score": 0.8444444444444443,
        "support": 95
    },
    "laptop_computer": {
        "precision": 0.8607594936708861,
        "recall": 0.7157894736842105,
        "f1-score": 0.7816091954022988,
        "support": 95
    },
    "letter_tray": {
        "precision": 0.48,
        "recall": 0.6451612903225806,
        "f1-score": 0.5504587155963303,
        "support": 93
    },
    "mobile_phone": {
        "precision": 0.6095890410958904,
        "recall": 0.9368421052631579,
        "f1-score": 0.7385892116182573,
        "support": 95
    },
    "monitor": {
        "precision": 0.7961165048543689,
        "recall": 0.8723404255319149,
        "f1-score": 0.83248730964467,
        "support": 94
    },
    "mouse": {
        "precision": 0.776595744680851,
        "recall": 0.7684210526315789,
        "f1-score": 0.7724867724867724,
        "support": 95
    },
    "mug": {
        "precision": 0.8823529411764706,
        "recall": 0.6741573033707865,
        "f1-score": 0.7643312101910827,
        "support": 89
    },
    "paper_notebook": {
        "precision": 0.6349206349206349,
        "recall": 0.43956043956043955,
        "f1-score": 0.5194805194805194,
        "support": 91
    },
    "pen": {
        "precision": 0.2620320855614973,
        "recall": 0.5444444444444444,
        "f1-score": 0.3537906137184115,
        "support": 90
    },
    "phone": {
        "precision": 0.813953488372093,
        "recall": 0.7954545454545454,
        "f1-score": 0.8045977011494252,
        "support": 88
    },
    "printer": {
        "precision": 0.7032967032967034,
        "recall": 0.6736842105263158,
        "f1-score": 0.6881720430107526,
        "support": 95
    },
    "projector": {
        "precision": 0.7222222222222222,
        "recall": 0.6989247311827957,
        "f1-score": 0.7103825136612022,
        "support": 93
    },
    "punchers": {
        "precision": 0.5,
        "recall": 0.0967741935483871,
        "f1-score": 0.16216216216216214,
        "support": 93
    },
    "ring_binder": {
        "precision": 0.5930232558139535,
        "recall": 0.6,
        "f1-score": 0.5964912280701755,
        "support": 85
    },
    "ruler": {
        "precision": 0.8,
        "recall": 0.5142857142857142,
        "f1-score": 0.6260869565217391,
        "support": 70
    },
    "scissors": {
        "precision": 0.4,
        "recall": 0.37894736842105264,
        "f1-score": 0.3891891891891892,
        "support": 95
    },
    "speaker": {
        "precision": 0.5625,
        "recall": 0.3829787234042553,
        "f1-score": 0.45569620253164556,
        "support": 94
    },
    "stapler": {
        "precision": 0.3081761006289308,
        "recall": 0.5212765957446809,
        "f1-score": 0.38735177865612647,
        "support": 94
    },
    "tape_dispenser": {
        "precision": 0.3170731707317073,
        "recall": 0.2857142857142857,
        "f1-score": 0.30057803468208094,
        "support": 91
    },
    "trash_can": {
        "precision": 0.575,
        "recall": 0.3898305084745763,
        "f1-score": 0.46464646464646464,
        "support": 59
    },
    "accuracy": 0.6100676183320811,
    "macro avg": {
        "precision": 0.6459869080629521,
        "recall": 0.6038324873151344,
        "f1-score": 0.6014937241833751,
        "support": 2662
    },
    "weighted avg": {
        "precision": 0.6442489812351837,
        "recall": 0.6100676183320811,
        "f1-score": 0.6040916253187514,
        "support": 2662
    }
}