{
    "back_pack": {
        "precision": 0.49382716049382713,
        "recall": 0.9195402298850575,
        "f1-score": 0.642570281124498,
        "support": 87
    },
    "bike": {
        "precision": 0.7473684210526316,
        "recall": 0.922077922077922,
        "f1-score": 0.8255813953488372,
        "support": 77
    },
    "bike_helmet": {
        "precision": 0.6052631578947368,
        "recall": 0.6865671641791045,
        "f1-score": 0.6433566433566432,
        "support": 67
    },
    "bookcase": {
        "precision": 0.7012987012987013,
        "recall": 0.7012987012987013,
        "f1-score": 0.7012987012987013,
        "support": 77
    },
    "bottle": {
        "precision": 0.6190476190476191,
        "recall": 0.41935483870967744,
        "f1-score": 0.5,
        "support": 31
    },
    "calculator": {
        "precision": 0.43956043956043955,
        "recall": 0.449438202247191,
        "f1-score": 0.4444444444444444,
        "support": 89
    },
    "desk_chair": {
        "precision": 0.7075471698113207,
        "recall": 0.872093023255814,
        "f1-score": 0.7812499999999999,
        "support": 86
    },
    "desk_lamp": {
        "precision": 0.8235294117647058,
        "recall": 0.30434782608695654,
        "f1-score": 0.4444444444444444,
        "support": 92
    },
    "desktop_computer": {
        "precision": 0.36666666666666664,
        "recall": 0.2391304347826087,
        "f1-score": 0.2894736842105263,
        "support": 92
    },
    "file_cabinet": {
        "precision": 0.4247787610619469,
        "recall": 0.631578947368421,
        "f1-score": 0.5079365079365079,
        "support": 76
    },
    "headphones": {
        "precision": 0.875,
        "recall": 0.6702127659574468,
        "f1-score": 0.7590361445783133,
        "support": 94
    },
    "keyboard": {
        "precision": 0.46,
        "recall": 0.7263157894736842,
        "f1-score": 0.5632653061224491,
        "support": 95
    },
    "laptop_computer": {
        "precision": 0.660377358490566,
        "recall": 0.7368421052631579,
        "f1-score": 0.6965174129353233,
        "support": 95
    },
    "letter_tray": {
        "precision": 0.8461538461538461,
        "recall": 0.11827956989247312,
        "f1-score": 0.20754716981132076,
        "support": 93
    },
    "mobile_phone": {
        "precision": 0.40707964601769914,
        "recall": 0.968421052631579,
        "f1-score": 0.573208722741433,
        "support": 95
    },
    "monitor": {
        "precision": 0.6141732283464567,
        "recall": 0.8297872340425532,
        "f1-score": 0.7058823529411764,
        "support": 94
    },
    "mouse": {
        "precision": 0.3604060913705584,
        "recall": 0.7473684210526316,
        "f1-score": 0.48630136986301375,
        "support": 95
    },
    "mug": {
        "precision": 0.8,
        "recall": 0.6292134831460674,
        "f1-score": 0.7044025157232705,
        "support": 89
    },
    "paper_notebook": {
        "precision": 0.4383561643835616,
        "recall": 0.3516483516483517,
        "f1-score": 0.3902439024390244,
        "support": 91
    },
    "pen": {
        "precision": 0.3020833333333333,
        "recall": 0.32222222222222224,
        "f1-score": 0.3118279569892473,
        "support": 90
    },
    "phone": {
        "precision": 0.3724137931034483,
        "recall": 0.6136363636363636,
        "f1-score": 0.46351931330472107,
        "support": 88
    },
    "printer": {
        "precision": 0.46540880503144655,
        "recall": 0.7789473684210526,
        "f1-score": 0.5826771653543307,
        "support": 95
    },
    "projector": {
        "precision": 0.6111111111111112,
        "recall": 0.5913978494623656,
        "f1-score": 0.6010928961748635,
        "support": 93
    },
    "punchers": {
        "precision": 0.36363636363636365,
        "recall": 0.043010752688172046,
        "f1-score": 0.07692307692307691,
        "support": 93
    },
    "ring_binder": {
        "precision": 0.7142857142857143,
        "recall": 0.17647058823529413,
        "f1-score": 0.28301886792452835,
        "support": 85
    },
    "ruler": {
        "precision": 0.3888888888888889,
        "recall": 0.5,
        "f1-score": 0.43750000000000006,
        "support": 70
    },
    "scissors": {
        "precision": 0.2,
        "recall": 0.09473684210526316,
        "f1-score": 0.12857142857142856,
        "support": 95
    },
    "speaker": {
        "precision": 0.7543859649122807,
        "recall": 0.4574468085106383,
        "f1-score": 0.5695364238410595,
        "support": 94
    },
    "stapler": {
        "precision": 0.3333333333333333,
        "recall": 0.02127659574468085,
        "f1-score": 0.04,
        "support": 94
    },
    "tape_dispenser": {
        "precision": 0.4634146341463415,
        "recall": 0.2087912087912088,
        "f1-score": 0.2878787878787879,
        "support": 91
    },
    "trash_can": {
        "precision": 0.53125,
        "recall": 0.288135593220339,
        "f1-score": 0.37362637362637363,
        "support": 59
    },
    "accuracy": 0.5165289256198347,
    "macro avg": {
        "precision": 0.5448595414579853,
        "recall": 0.5167609114850644,
        "f1-score": 0.4846107512873659,
        "support": 2662
    },
    "weighted avg": {
        "precision": 0.5419378156499893,
        "recall": 0.5165289256198347,
        "f1-score": 0.48091033345776324,
        "support": 2662
    }
}