{
    "0": {
        "precision": 0.8743961352657005,
        "recall": 0.9899726526891522,
        "f1-score": 0.9286019666524156,
        "support": 1097
    },
    "1": {
        "precision": 0.9123867069486404,
        "recall": 0.8258887876025525,
        "f1-score": 0.8669856459330144,
        "support": 1097
    },
    "2": {
        "precision": 0.8086367485182049,
        "recall": 0.8705560619872379,
        "f1-score": 0.8384547848990342,
        "support": 1097
    },
    "3": {
        "precision": 0.7673531655225019,
        "recall": 0.9170464904284412,
        "f1-score": 0.8355481727574752,
        "support": 1097
    },
    "4": {
        "precision": 0.825065274151436,
        "recall": 0.8641750227894257,
        "f1-score": 0.8441674087266251,
        "support": 1097
    },
    "5": {
        "precision": 0.7711538461538462,
        "recall": 0.731084776663628,
        "f1-score": 0.7505849321478708,
        "support": 1097
    },
    "6": {
        "precision": 0.9352306182531894,
        "recall": 0.8687329079307201,
        "f1-score": 0.9007561436672968,
        "support": 1097
    },
    "7": {
        "precision": 0.792714657415438,
        "recall": 0.8331814038286235,
        "f1-score": 0.8124444444444444,
        "support": 1097
    },
    "8": {
        "precision": 0.8729064039408867,
        "recall": 0.8076572470373746,
        "f1-score": 0.8390151515151515,
        "support": 1097
    },
    "9": {
        "precision": 0.8292964244521338,
        "recall": 0.6554238833181404,
        "f1-score": 0.7321792260692463,
        "support": 1097
    },
    "accuracy": 0.8363719234275296,
    "macro avg": {
        "precision": 0.8389139980621977,
        "recall": 0.8363719234275298,
        "f1-score": 0.8348737876812574,
        "support": 10970
    },
    "weighted avg": {
        "precision": 0.8389139980621978,
        "recall": 0.8363719234275296,
        "f1-score": 0.8348737876812574,
        "support": 10970
    }
}