{
    "0": {
        "precision": 0.986644407345576,
        "recall": 0.9899497487437185,
        "f1-score": 0.9882943143812709,
        "support": 1194
    },
    "1": {
        "precision": 0.9558541266794626,
        "recall": 0.991044776119403,
        "f1-score": 0.9731314118221789,
        "support": 1005
    },
    "2": {
        "precision": 0.9040735873850198,
        "recall": 0.9411764705882353,
        "f1-score": 0.9222520107238605,
        "support": 731
    },
    "3": {
        "precision": 0.8997175141242938,
        "recall": 0.9680851063829787,
        "f1-score": 0.9326500732064423,
        "support": 658
    },
    "4": {
        "precision": 0.9690189328743546,
        "recall": 0.8634969325153374,
        "f1-score": 0.9132197891321979,
        "support": 652
    },
    "5": {
        "precision": 0.9327902240325866,
        "recall": 0.8237410071942446,
        "f1-score": 0.874880611270296,
        "support": 556
    },
    "6": {
        "precision": 0.9377777777777778,
        "recall": 0.9533132530120482,
        "f1-score": 0.945481702763256,
        "support": 664
    },
    "7": {
        "precision": 0.9081481481481481,
        "recall": 0.9503875968992248,
        "f1-score": 0.9287878787878787,
        "support": 645
    },
    "8": {
        "precision": 0.9045138888888888,
        "recall": 0.9612546125461254,
        "f1-score": 0.9320214669051877,
        "support": 542
    },
    "9": {
        "precision": 0.916095890410959,
        "recall": 0.8307453416149069,
        "f1-score": 0.8713355048859935,
        "support": 644
    },
    "accuracy": 0.9362227403648333,
    "macro avg": {
        "precision": 0.9314634497667068,
        "recall": 0.9273194845616224,
        "f1-score": 0.9282054763878561,
        "support": 7291
    },
    "weighted avg": {
        "precision": 0.9368622584493684,
        "recall": 0.9362227403648333,
        "f1-score": 0.9355214789883639,
        "support": 7291
    }
}