{
    "0": {
        "precision": 0.9894459102902374,
        "recall": 0.9422110552763819,
        "f1-score": 0.9652509652509653,
        "support": 1194
    },
    "1": {
        "precision": 0.9321394910461829,
        "recall": 0.9840796019900497,
        "f1-score": 0.9574056147144241,
        "support": 1005
    },
    "2": {
        "precision": 0.9033189033189033,
        "recall": 0.8563611491108071,
        "f1-score": 0.8792134831460675,
        "support": 731
    },
    "3": {
        "precision": 0.9294117647058824,
        "recall": 0.9604863221884499,
        "f1-score": 0.9446935724962631,
        "support": 658
    },
    "4": {
        "precision": 0.8763066202090593,
        "recall": 0.7714723926380368,
        "f1-score": 0.8205546492659054,
        "support": 652
    },
    "5": {
        "precision": 0.8895348837209303,
        "recall": 0.8255395683453237,
        "f1-score": 0.8563432835820896,
        "support": 556
    },
    "6": {
        "precision": 0.8755244755244755,
        "recall": 0.9427710843373494,
        "f1-score": 0.9079042784626541,
        "support": 664
    },
    "7": {
        "precision": 0.7287104622871047,
        "recall": 0.9286821705426357,
        "f1-score": 0.8166325835037491,
        "support": 645
    },
    "8": {
        "precision": 0.8477157360406091,
        "recall": 0.9243542435424354,
        "f1-score": 0.8843777581641659,
        "support": 542
    },
    "9": {
        "precision": 0.8147410358565738,
        "recall": 0.6350931677018633,
        "f1-score": 0.7137870855148342,
        "support": 644
    },
    "accuracy": 0.8872582636126731,
    "macro avg": {
        "precision": 0.8786849282999958,
        "recall": 0.8771050755673333,
        "f1-score": 0.8746163274101117,
        "support": 7291
    },
    "weighted avg": {
        "precision": 0.8903487357790107,
        "recall": 0.8872582636126731,
        "f1-score": 0.8858499937496406,
        "support": 7291
    }
}