{
    "0": {
        "precision": 0.8837018837018837,
        "recall": 0.9853881278538813,
        "f1-score": 0.9317789291882557,
        "support": 1095
    },
    "1": {
        "precision": 0.9608888888888889,
        "recall": 0.9872146118721461,
        "f1-score": 0.9738738738738739,
        "support": 1095
    },
    "2": {
        "precision": 0.9477958236658933,
        "recall": 0.7461187214611872,
        "f1-score": 0.8349514563106796,
        "support": 1095
    },
    "3": {
        "precision": 0.6805455850681982,
        "recall": 0.8657534246575342,
        "f1-score": 0.7620578778135049,
        "support": 1095
    },
    "4": {
        "precision": 0.906886517943744,
        "recall": 0.8538812785388128,
        "f1-score": 0.8795860771401693,
        "support": 1095
    },
    "5": {
        "precision": 0.8356374807987711,
        "recall": 0.4968036529680365,
        "f1-score": 0.6231386025200458,
        "support": 1095
    },
    "6": {
        "precision": 0.8731751824817519,
        "recall": 0.873972602739726,
        "f1-score": 0.8735737106344135,
        "support": 1095
    },
    "7": {
        "precision": 0.8825475599669148,
        "recall": 0.9744292237442922,
        "f1-score": 0.9262152777777777,
        "support": 1095
    },
    "8": {
        "precision": 0.6557591623036649,
        "recall": 0.915068493150685,
        "f1-score": 0.7640106747998474,
        "support": 1095
    },
    "9": {
        "precision": 0.9292565947242206,
        "recall": 0.7077625570776256,
        "f1-score": 0.8035251425609125,
        "support": 1095
    },
    "accuracy": 0.8406392694063927,
    "macro avg": {
        "precision": 0.8556194679543931,
        "recall": 0.8406392694063927,
        "f1-score": 0.837271162261948,
        "support": 10950
    },
    "weighted avg": {
        "precision": 0.8556194679543931,
        "recall": 0.8406392694063927,
        "f1-score": 0.837271162261948,
        "support": 10950
    }
}