{
    "back_pack": {
        "precision": 0.8,
        "recall": 0.9195402298850575,
        "f1-score": 0.8556149732620321,
        "support": 87
    },
    "bike": {
        "precision": 0.925,
        "recall": 0.961038961038961,
        "f1-score": 0.9426751592356688,
        "support": 77
    },
    "bike_helmet": {
        "precision": 0.7857142857142857,
        "recall": 0.8208955223880597,
        "f1-score": 0.8029197080291971,
        "support": 67
    },
    "bookcase": {
        "precision": 0.4171779141104294,
        "recall": 0.8831168831168831,
        "f1-score": 0.5666666666666667,
        "support": 77
    },
    "bottle": {
        "precision": 0.375,
        "recall": 0.4838709677419355,
        "f1-score": 0.4225352112676056,
        "support": 31
    },
    "calculator": {
        "precision": 0.7017543859649122,
        "recall": 0.898876404494382,
        "f1-score": 0.7881773399014778,
        "support": 89
    },
    "desk_chair": {
        "precision": 0.7247706422018348,
        "recall": 0.9186046511627907,
        "f1-score": 0.8102564102564102,
        "support": 86
    },
    "desk_lamp": {
        "precision": 0.8846153846153846,
        "recall": 0.5,
        "f1-score": 0.6388888888888888,
        "support": 92
    },
    "desktop_computer": {
        "precision": 0.14864864864864866,
        "recall": 0.11956521739130435,
        "f1-score": 0.13253012048192772,
        "support": 92
    },
    "file_cabinet": {
        "precision": 0.6037735849056604,
        "recall": 0.42105263157894735,
        "f1-score": 0.496124031007752,
        "support": 76
    },
    "headphones": {
        "precision": 0.7904761904761904,
        "recall": 0.8829787234042553,
        "f1-score": 0.8341708542713567,
        "support": 94
    },
    "keyboard": {
        "precision": 0.8791208791208791,
        "recall": 0.8421052631578947,
        "f1-score": 0.8602150537634409,
        "support": 95
    },
    "laptop_computer": {
        "precision": 0.609375,
        "recall": 0.8210526315789474,
        "f1-score": 0.6995515695067265,
        "support": 95
    },
    "letter_tray": {
        "precision": 0.6904761904761905,
        "recall": 0.6236559139784946,
        "f1-score": 0.655367231638418,
        "support": 93
    },
    "mobile_phone": {
        "precision": 0.56,
        "recall": 0.8842105263157894,
        "f1-score": 0.6857142857142857,
        "support": 95
    },
    "monitor": {
        "precision": 0.7631578947368421,
        "recall": 0.925531914893617,
        "f1-score": 0.8365384615384615,
        "support": 94
    },
    "mouse": {
        "precision": 0.5637583892617449,
        "recall": 0.8842105263157894,
        "f1-score": 0.6885245901639344,
        "support": 95
    },
    "mug": {
        "precision": 0.9056603773584906,
        "recall": 0.5393258426966292,
        "f1-score": 0.676056338028169,
        "support": 89
    },
    "paper_notebook": {
        "precision": 0.6521739130434783,
        "recall": 0.4945054945054945,
        "f1-score": 0.5625,
        "support": 91
    },
    "pen": {
        "precision": 0.4482758620689655,
        "recall": 0.43333333333333335,
        "f1-score": 0.44067796610169496,
        "support": 90
    },
    "phone": {
        "precision": 0.8769230769230769,
        "recall": 0.6477272727272727,
        "f1-score": 0.7450980392156863,
        "support": 88
    },
    "printer": {
        "precision": 0.7631578947368421,
        "recall": 0.6105263157894737,
        "f1-score": 0.6783625730994152,
        "support": 95
    },
    "projector": {
        "precision": 0.6447368421052632,
        "recall": 0.5268817204301075,
        "f1-score": 0.5798816568047337,
        "support": 93
    },
    "punchers": {
        "precision": 0.37735849056603776,
        "recall": 0.21505376344086022,
        "f1-score": 0.27397260273972607,
        "support": 93
    },
    "ring_binder": {
        "precision": 0.51,
        "recall": 0.6,
        "f1-score": 0.5513513513513514,
        "support": 85
    },
    "ruler": {
        "precision": 0.5384615384615384,
        "recall": 0.7,
        "f1-score": 0.608695652173913,
        "support": 70
    },
    "scissors": {
        "precision": 0.5666666666666667,
        "recall": 0.35789473684210527,
        "f1-score": 0.43870967741935485,
        "support": 95
    },
    "speaker": {
        "precision": 0.8461538461538461,
        "recall": 0.11702127659574468,
        "f1-score": 0.20560747663551404,
        "support": 94
    },
    "stapler": {
        "precision": 0.5227272727272727,
        "recall": 0.48936170212765956,
        "f1-score": 0.5054945054945055,
        "support": 94
    },
    "tape_dispenser": {
        "precision": 0.38317757009345793,
        "recall": 0.45054945054945056,
        "f1-score": 0.41414141414141414,
        "support": 91
    },
    "trash_can": {
        "precision": 0.4583333333333333,
        "recall": 0.3728813559322034,
        "f1-score": 0.411214953271028,
        "support": 59
    },
    "accuracy": 0.6250939143501127,
    "macro avg": {
        "precision": 0.6360201959506863,
        "recall": 0.6240441688197885,
        "f1-score": 0.6067172503893793,
        "support": 2662
    },
    "weighted avg": {
        "precision": 0.6430694652722557,
        "recall": 0.6250939143501127,
        "f1-score": 0.6097544559894013,
        "support": 2662
    }
}