{
    "0": {
        "precision": 0.9872340425531915,
        "recall": 0.47346938775510206,
        "f1-score": 0.64,
        "support": 980
    },
    "1": {
        "precision": 0.3639767054908486,
        "recall": 0.7709251101321586,
        "f1-score": 0.49448996891777347,
        "support": 1135
    },
    "2": {
        "precision": 0.635030198446937,
        "recall": 0.7131782945736435,
        "f1-score": 0.6718393427658603,
        "support": 1032
    },
    "3": {
        "precision": 0.6805555555555556,
        "recall": 0.29108910891089107,
        "f1-score": 0.40776699029126207,
        "support": 1010
    },
    "4": {
        "precision": 0.2947120242505894,
        "recall": 0.8910386965376782,
        "f1-score": 0.442925841559099,
        "support": 982
    },
    "5": {
        "precision": 0.6517857142857143,
        "recall": 0.16367713004484305,
        "f1-score": 0.26164874551971323,
        "support": 892
    },
    "6": {
        "precision": 0.6200980392156863,
        "recall": 0.2640918580375783,
        "f1-score": 0.37042459736456806,
        "support": 958
    },
    "7": {
        "precision": 0.3403361344537815,
        "recall": 0.23638132295719844,
        "f1-score": 0.27898966704936856,
        "support": 1028
    },
    "8": {
        "precision": 0.48253275109170307,
        "recall": 0.2268993839835729,
        "f1-score": 0.308659217877095,
        "support": 974
    },
    "9": {
        "precision": 0.12467191601049869,
        "recall": 0.09415262636273539,
        "f1-score": 0.10728402032749859,
        "support": 1009
    },
    "accuracy": 0.4202,
    "macro avg": {
        "precision": 0.5180933081354506,
        "recall": 0.4124902919295401,
        "f1-score": 0.39840283916722385,
        "support": 10000
    },
    "weighted avg": {
        "precision": 0.5133815593904554,
        "recall": 0.4202,
        "f1-score": 0.40125246307895784,
        "support": 10000
    }
}