{
    "back_pack": {
        "precision": 1.0,
        "recall": 0.735632183908046,
        "f1-score": 0.847682119205298,
        "support": 87
    },
    "bike": {
        "precision": 0.9625,
        "recall": 1.0,
        "f1-score": 0.980891719745223,
        "support": 77
    },
    "bike_helmet": {
        "precision": 0.8205128205128205,
        "recall": 0.9552238805970149,
        "f1-score": 0.8827586206896552,
        "support": 67
    },
    "bookcase": {
        "precision": 0.5730337078651685,
        "recall": 0.6623376623376623,
        "f1-score": 0.6144578313253012,
        "support": 77
    },
    "bottle": {
        "precision": 0.41304347826086957,
        "recall": 0.6129032258064516,
        "f1-score": 0.49350649350649356,
        "support": 31
    },
    "calculator": {
        "precision": 0.5670103092783505,
        "recall": 0.6179775280898876,
        "f1-score": 0.5913978494623655,
        "support": 89
    },
    "desk_chair": {
        "precision": 0.8651685393258427,
        "recall": 0.8953488372093024,
        "f1-score": 0.88,
        "support": 86
    },
    "desk_lamp": {
        "precision": 0.8307692307692308,
        "recall": 0.5869565217391305,
        "f1-score": 0.6878980891719746,
        "support": 92
    },
    "desktop_computer": {
        "precision": 0.2916666666666667,
        "recall": 0.22826086956521738,
        "f1-score": 0.25609756097560976,
        "support": 92
    },
    "file_cabinet": {
        "precision": 0.5384615384615384,
        "recall": 0.6447368421052632,
        "f1-score": 0.5868263473053892,
        "support": 76
    },
    "headphones": {
        "precision": 0.7865168539325843,
        "recall": 0.7446808510638298,
        "f1-score": 0.7650273224043715,
        "support": 94
    },
    "keyboard": {
        "precision": 0.8275862068965517,
        "recall": 0.7578947368421053,
        "f1-score": 0.7912087912087912,
        "support": 95
    },
    "laptop_computer": {
        "precision": 0.631578947368421,
        "recall": 0.8842105263157894,
        "f1-score": 0.7368421052631579,
        "support": 95
    },
    "letter_tray": {
        "precision": 0.5052631578947369,
        "recall": 0.5161290322580645,
        "f1-score": 0.5106382978723404,
        "support": 93
    },
    "mobile_phone": {
        "precision": 0.43258426966292135,
        "recall": 0.8105263157894737,
        "f1-score": 0.5641025641025641,
        "support": 95
    },
    "monitor": {
        "precision": 0.5816993464052288,
        "recall": 0.9468085106382979,
        "f1-score": 0.7206477732793523,
        "support": 94
    },
    "mouse": {
        "precision": 0.8709677419354839,
        "recall": 0.8526315789473684,
        "f1-score": 0.8617021276595744,
        "support": 95
    },
    "mug": {
        "precision": 0.8478260869565217,
        "recall": 0.8764044943820225,
        "f1-score": 0.861878453038674,
        "support": 89
    },
    "paper_notebook": {
        "precision": 0.5333333333333333,
        "recall": 0.43956043956043955,
        "f1-score": 0.4819277108433735,
        "support": 91
    },
    "pen": {
        "precision": 0.7571428571428571,
        "recall": 0.5888888888888889,
        "f1-score": 0.6625,
        "support": 90
    },
    "phone": {
        "precision": 0.5652173913043478,
        "recall": 0.5909090909090909,
        "f1-score": 0.5777777777777778,
        "support": 88
    },
    "printer": {
        "precision": 0.7142857142857143,
        "recall": 0.7368421052631579,
        "f1-score": 0.7253886010362695,
        "support": 95
    },
    "projector": {
        "precision": 0.6153846153846154,
        "recall": 0.8602150537634409,
        "f1-score": 0.7174887892376681,
        "support": 93
    },
    "punchers": {
        "precision": 0.2459016393442623,
        "recall": 0.16129032258064516,
        "f1-score": 0.1948051948051948,
        "support": 93
    },
    "ring_binder": {
        "precision": 0.37209302325581395,
        "recall": 0.18823529411764706,
        "f1-score": 0.25,
        "support": 85
    },
    "ruler": {
        "precision": 0.8205128205128205,
        "recall": 0.45714285714285713,
        "f1-score": 0.5871559633027523,
        "support": 70
    },
    "scissors": {
        "precision": 0.7049180327868853,
        "recall": 0.45263157894736844,
        "f1-score": 0.5512820512820513,
        "support": 95
    },
    "speaker": {
        "precision": 0.3870967741935484,
        "recall": 0.3829787234042553,
        "f1-score": 0.3850267379679145,
        "support": 94
    },
    "stapler": {
        "precision": 0.4742268041237113,
        "recall": 0.48936170212765956,
        "f1-score": 0.481675392670157,
        "support": 94
    },
    "tape_dispenser": {
        "precision": 0.4246575342465753,
        "recall": 0.34065934065934067,
        "f1-score": 0.3780487804878048,
        "support": 91
    },
    "trash_can": {
        "precision": 0.7435897435897436,
        "recall": 0.4915254237288136,
        "f1-score": 0.5918367346938775,
        "support": 59
    },
    "accuracy": 0.6284748309541698,
    "macro avg": {
        "precision": 0.635630618893457,
        "recall": 0.6293194973770494,
        "f1-score": 0.6199508967845478,
        "support": 2662
    },
    "weighted avg": {
        "precision": 0.6346619055403863,
        "recall": 0.6284748309541698,
        "f1-score": 0.6194044049955425,
        "support": 2662
    }
}