{
    "back_pack": {
        "precision": 1.0,
        "recall": 1.0,
        "f1-score": 1.0,
        "support": 7
    },
    "bike": {
        "precision": 1.0,
        "recall": 1.0,
        "f1-score": 1.0,
        "support": 16
    },
    "bike_helmet": {
        "precision": 0.9411764705882353,
        "recall": 0.8421052631578947,
        "f1-score": 0.8888888888888888,
        "support": 19
    },
    "bookcase": {
        "precision": 1.0,
        "recall": 0.5714285714285714,
        "f1-score": 0.7272727272727273,
        "support": 7
    },
    "bottle": {
        "precision": 1.0,
        "recall": 1.0,
        "f1-score": 1.0,
        "support": 11
    },
    "calculator": {
        "precision": 1.0,
        "recall": 0.8571428571428571,
        "f1-score": 0.923076923076923,
        "support": 7
    },
    "desk_chair": {
        "precision": 1.0,
        "recall": 1.0,
        "f1-score": 1.0,
        "support": 8
    },
    "desk_lamp": {
        "precision": 0.9,
        "recall": 1.0,
        "f1-score": 0.9473684210526316,
        "support": 9
    },
    "desktop_computer": {
        "precision": 0.7142857142857143,
        "recall": 0.5,
        "f1-score": 0.588235294117647,
        "support": 10
    },
    "file_cabinet": {
        "precision": 0.5333333333333333,
        "recall": 0.8,
        "f1-score": 0.64,
        "support": 10
    },
    "headphones": {
        "precision": 0.8888888888888888,
        "recall": 1.0,
        "f1-score": 0.9411764705882353,
        "support": 8
    },
    "keyboard": {
        "precision": 0.625,
        "recall": 1.0,
        "f1-score": 0.7692307692307693,
        "support": 5
    },
    "laptop_computer": {
        "precision": 1.0,
        "recall": 0.7368421052631579,
        "f1-score": 0.8484848484848484,
        "support": 19
    },
    "letter_tray": {
        "precision": 0.9,
        "recall": 0.8181818181818182,
        "f1-score": 0.8571428571428572,
        "support": 11
    },
    "mobile_phone": {
        "precision": 0.8947368421052632,
        "recall": 0.6538461538461539,
        "f1-score": 0.7555555555555555,
        "support": 26
    },
    "monitor": {
        "precision": 1.0,
        "recall": 0.9411764705882353,
        "f1-score": 0.9696969696969697,
        "support": 17
    },
    "mouse": {
        "precision": 0.46153846153846156,
        "recall": 0.8571428571428571,
        "f1-score": 0.6,
        "support": 7
    },
    "mug": {
        "precision": 1.0,
        "recall": 1.0,
        "f1-score": 1.0,
        "support": 3
    },
    "paper_notebook": {
        "precision": 0.75,
        "recall": 0.6,
        "f1-score": 0.6666666666666665,
        "support": 5
    },
    "pen": {
        "precision": 0.625,
        "recall": 1.0,
        "f1-score": 0.7692307692307693,
        "support": 5
    },
    "phone": {
        "precision": 1.0,
        "recall": 0.875,
        "f1-score": 0.9333333333333333,
        "support": 8
    },
    "printer": {
        "precision": 0.4166666666666667,
        "recall": 0.5,
        "f1-score": 0.45454545454545453,
        "support": 10
    },
    "projector": {
        "precision": 0.65,
        "recall": 0.7222222222222222,
        "f1-score": 0.6842105263157895,
        "support": 18
    },
    "punchers": {
        "precision": 0.8888888888888888,
        "recall": 0.6153846153846154,
        "f1-score": 0.7272727272727274,
        "support": 13
    },
    "ring_binder": {
        "precision": 0.3333333333333333,
        "recall": 0.8,
        "f1-score": 0.47058823529411764,
        "support": 5
    },
    "ruler": {
        "precision": 0.5,
        "recall": 0.5,
        "f1-score": 0.5,
        "support": 2
    },
    "scissors": {
        "precision": 0.9285714285714286,
        "recall": 1.0,
        "f1-score": 0.962962962962963,
        "support": 13
    },
    "speaker": {
        "precision": 0.8095238095238095,
        "recall": 0.8095238095238095,
        "f1-score": 0.8095238095238095,
        "support": 21
    },
    "stapler": {
        "precision": 0.5789473684210527,
        "recall": 0.6875,
        "f1-score": 0.6285714285714286,
        "support": 16
    },
    "tape_dispenser": {
        "precision": 0.6470588235294118,
        "recall": 0.6470588235294118,
        "f1-score": 0.6470588235294118,
        "support": 17
    },
    "trash_can": {
        "precision": 1.0,
        "recall": 0.5,
        "f1-score": 0.6666666666666666,
        "support": 10
    },
    "accuracy": 0.7900874635568513,
    "macro avg": {
        "precision": 0.8060306461185318,
        "recall": 0.8011146957229551,
        "f1-score": 0.786347133194232,
        "support": 343
    },
    "weighted avg": {
        "precision": 0.8291167842829108,
        "recall": 0.7900874635568513,
        "f1-score": 0.796098716619707,
        "support": 343
    }
}