{
    "back_pack": {
        "precision": 0.6857142857142857,
        "recall": 1.0,
        "f1-score": 0.8135593220338984,
        "support": 24
    },
    "bike": {
        "precision": 1.0,
        "recall": 1.0,
        "f1-score": 1.0,
        "support": 16
    },
    "bike_helmet": {
        "precision": 1.0,
        "recall": 0.8695652173913043,
        "f1-score": 0.9302325581395349,
        "support": 23
    },
    "bookcase": {
        "precision": 0.5555555555555556,
        "recall": 0.7142857142857143,
        "f1-score": 0.6250000000000001,
        "support": 7
    },
    "bottle": {
        "precision": 1.0,
        "recall": 1.0,
        "f1-score": 1.0,
        "support": 11
    },
    "calculator": {
        "precision": 0.7777777777777778,
        "recall": 0.8076923076923077,
        "f1-score": 0.7924528301886792,
        "support": 26
    },
    "desk_chair": {
        "precision": 0.9459459459459459,
        "recall": 1.0,
        "f1-score": 0.9722222222222222,
        "support": 35
    },
    "desk_lamp": {
        "precision": 0.8,
        "recall": 0.9230769230769231,
        "f1-score": 0.8571428571428571,
        "support": 13
    },
    "desktop_computer": {
        "precision": 0.6666666666666666,
        "recall": 0.375,
        "f1-score": 0.4800000000000001,
        "support": 16
    },
    "file_cabinet": {
        "precision": 0.8235294117647058,
        "recall": 1.0,
        "f1-score": 0.9032258064516129,
        "support": 14
    },
    "headphones": {
        "precision": 0.9565217391304348,
        "recall": 1.0,
        "f1-score": 0.9777777777777777,
        "support": 22
    },
    "keyboard": {
        "precision": 0.8571428571428571,
        "recall": 0.8181818181818182,
        "f1-score": 0.8372093023255814,
        "support": 22
    },
    "laptop_computer": {
        "precision": 0.9411764705882353,
        "recall": 0.64,
        "f1-score": 0.7619047619047621,
        "support": 25
    },
    "letter_tray": {
        "precision": 0.8,
        "recall": 0.5714285714285714,
        "f1-score": 0.6666666666666666,
        "support": 14
    },
    "mobile_phone": {
        "precision": 0.6666666666666666,
        "recall": 0.48,
        "f1-score": 0.5581395348837209,
        "support": 25
    },
    "monitor": {
        "precision": 0.8648648648648649,
        "recall": 0.8421052631578947,
        "f1-score": 0.8533333333333334,
        "support": 38
    },
    "mouse": {
        "precision": 0.9,
        "recall": 0.72,
        "f1-score": 0.7999999999999999,
        "support": 25
    },
    "mug": {
        "precision": 0.88,
        "recall": 1.0,
        "f1-score": 0.9361702127659575,
        "support": 22
    },
    "paper_notebook": {
        "precision": 0.7407407407407407,
        "recall": 0.8695652173913043,
        "f1-score": 0.7999999999999999,
        "support": 23
    },
    "pen": {
        "precision": 0.675,
        "recall": 1.0,
        "f1-score": 0.8059701492537313,
        "support": 27
    },
    "phone": {
        "precision": 0.8333333333333334,
        "recall": 0.9090909090909091,
        "f1-score": 0.8695652173913043,
        "support": 11
    },
    "printer": {
        "precision": 0.39285714285714285,
        "recall": 0.7333333333333333,
        "f1-score": 0.5116279069767441,
        "support": 15
    },
    "projector": {
        "precision": 0.625,
        "recall": 0.4,
        "f1-score": 0.48780487804878053,
        "support": 25
    },
    "punchers": {
        "precision": 0.9166666666666666,
        "recall": 0.5,
        "f1-score": 0.6470588235294118,
        "support": 22
    },
    "ring_binder": {
        "precision": 0.7631578947368421,
        "recall": 0.8285714285714286,
        "f1-score": 0.7945205479452055,
        "support": 35
    },
    "ruler": {
        "precision": 0.625,
        "recall": 0.8333333333333334,
        "f1-score": 0.7142857142857143,
        "support": 6
    },
    "scissors": {
        "precision": 1.0,
        "recall": 0.65,
        "f1-score": 0.787878787878788,
        "support": 20
    },
    "speaker": {
        "precision": 0.9047619047619048,
        "recall": 0.76,
        "f1-score": 0.8260869565217391,
        "support": 25
    },
    "stapler": {
        "precision": 0.7058823529411765,
        "recall": 0.631578947368421,
        "f1-score": 0.6666666666666667,
        "support": 19
    },
    "tape_dispenser": {
        "precision": 0.46875,
        "recall": 0.8333333333333334,
        "f1-score": 0.6,
        "support": 18
    },
    "trash_can": {
        "precision": 0.6666666666666666,
        "recall": 0.375,
        "f1-score": 0.4800000000000001,
        "support": 16
    },
    "accuracy": 0.78125,
    "macro avg": {
        "precision": 0.7883670627265315,
        "recall": 0.7769400747624708,
        "f1-score": 0.7663388011075708,
        "support": 640
    },
    "weighted avg": {
        "precision": 0.8031292777228096,
        "recall": 0.78125,
        "f1-score": 0.7768179783132474,
        "support": 640
    }
}