{
    "back_pack": {
        "precision": 0.9230769230769231,
        "recall": 1.0,
        "f1-score": 0.9600000000000001,
        "support": 24
    },
    "bike": {
        "precision": 1.0,
        "recall": 1.0,
        "f1-score": 1.0,
        "support": 16
    },
    "bike_helmet": {
        "precision": 0.875,
        "recall": 0.9130434782608695,
        "f1-score": 0.8936170212765957,
        "support": 23
    },
    "bookcase": {
        "precision": 0.75,
        "recall": 0.8571428571428571,
        "f1-score": 0.7999999999999999,
        "support": 7
    },
    "bottle": {
        "precision": 1.0,
        "recall": 1.0,
        "f1-score": 1.0,
        "support": 11
    },
    "calculator": {
        "precision": 0.75,
        "recall": 0.46153846153846156,
        "f1-score": 0.5714285714285714,
        "support": 26
    },
    "desk_chair": {
        "precision": 1.0,
        "recall": 0.9714285714285714,
        "f1-score": 0.9855072463768115,
        "support": 35
    },
    "desk_lamp": {
        "precision": 0.9166666666666666,
        "recall": 0.8461538461538461,
        "f1-score": 0.8799999999999999,
        "support": 13
    },
    "desktop_computer": {
        "precision": 0.75,
        "recall": 0.5625,
        "f1-score": 0.6428571428571429,
        "support": 16
    },
    "file_cabinet": {
        "precision": 0.7692307692307693,
        "recall": 0.7142857142857143,
        "f1-score": 0.7407407407407408,
        "support": 14
    },
    "headphones": {
        "precision": 0.7857142857142857,
        "recall": 1.0,
        "f1-score": 0.88,
        "support": 22
    },
    "keyboard": {
        "precision": 0.7692307692307693,
        "recall": 0.9090909090909091,
        "f1-score": 0.8333333333333333,
        "support": 22
    },
    "laptop_computer": {
        "precision": 0.9523809523809523,
        "recall": 0.8,
        "f1-score": 0.8695652173913043,
        "support": 25
    },
    "letter_tray": {
        "precision": 0.38461538461538464,
        "recall": 0.7142857142857143,
        "f1-score": 0.5,
        "support": 14
    },
    "mobile_phone": {
        "precision": 0.5238095238095238,
        "recall": 0.44,
        "f1-score": 0.4782608695652174,
        "support": 25
    },
    "monitor": {
        "precision": 1.0,
        "recall": 0.7368421052631579,
        "f1-score": 0.8484848484848484,
        "support": 38
    },
    "mouse": {
        "precision": 0.7272727272727273,
        "recall": 0.64,
        "f1-score": 0.6808510638297872,
        "support": 25
    },
    "mug": {
        "precision": 0.88,
        "recall": 1.0,
        "f1-score": 0.9361702127659575,
        "support": 22
    },
    "paper_notebook": {
        "precision": 0.8518518518518519,
        "recall": 1.0,
        "f1-score": 0.92,
        "support": 23
    },
    "pen": {
        "precision": 0.8928571428571429,
        "recall": 0.9259259259259259,
        "f1-score": 0.9090909090909091,
        "support": 27
    },
    "phone": {
        "precision": 1.0,
        "recall": 1.0,
        "f1-score": 1.0,
        "support": 11
    },
    "printer": {
        "precision": 0.5333333333333333,
        "recall": 0.5333333333333333,
        "f1-score": 0.5333333333333333,
        "support": 15
    },
    "projector": {
        "precision": 0.7,
        "recall": 0.56,
        "f1-score": 0.6222222222222222,
        "support": 25
    },
    "punchers": {
        "precision": 0.6538461538461539,
        "recall": 0.7727272727272727,
        "f1-score": 0.7083333333333333,
        "support": 22
    },
    "ring_binder": {
        "precision": 0.6530612244897959,
        "recall": 0.9142857142857143,
        "f1-score": 0.7619047619047618,
        "support": 35
    },
    "ruler": {
        "precision": 0.8333333333333334,
        "recall": 0.8333333333333334,
        "f1-score": 0.8333333333333334,
        "support": 6
    },
    "scissors": {
        "precision": 0.8947368421052632,
        "recall": 0.85,
        "f1-score": 0.8717948717948718,
        "support": 20
    },
    "speaker": {
        "precision": 0.6818181818181818,
        "recall": 0.6,
        "f1-score": 0.6382978723404256,
        "support": 25
    },
    "stapler": {
        "precision": 0.6153846153846154,
        "recall": 0.8421052631578947,
        "f1-score": 0.7111111111111111,
        "support": 19
    },
    "tape_dispenser": {
        "precision": 0.9090909090909091,
        "recall": 0.5555555555555556,
        "f1-score": 0.6896551724137931,
        "support": 18
    },
    "trash_can": {
        "precision": 0.7272727272727273,
        "recall": 0.5,
        "f1-score": 0.5925925925925926,
        "support": 16
    },
    "accuracy": 0.7875,
    "macro avg": {
        "precision": 0.7968898166897198,
        "recall": 0.7888250985731978,
        "f1-score": 0.7836285735974516,
        "support": 640
    },
    "weighted avg": {
        "precision": 0.8012948797517053,
        "recall": 0.7875,
        "f1-score": 0.7846849120210985,
        "support": 640
    }
}