{
    "back_pack": {
        "precision": 0.7777777777777778,
        "recall": 1.0,
        "f1-score": 0.8750000000000001,
        "support": 7
    },
    "bike": {
        "precision": 0.8421052631578947,
        "recall": 1.0,
        "f1-score": 0.9142857142857143,
        "support": 16
    },
    "bike_helmet": {
        "precision": 0.6666666666666666,
        "recall": 0.9473684210526315,
        "f1-score": 0.782608695652174,
        "support": 19
    },
    "bookcase": {
        "precision": 0.8333333333333334,
        "recall": 0.7142857142857143,
        "f1-score": 0.7692307692307692,
        "support": 7
    },
    "bottle": {
        "precision": 0.6470588235294118,
        "recall": 1.0,
        "f1-score": 0.7857142857142858,
        "support": 11
    },
    "calculator": {
        "precision": 0.5,
        "recall": 0.7142857142857143,
        "f1-score": 0.588235294117647,
        "support": 7
    },
    "desk_chair": {
        "precision": 0.875,
        "recall": 0.875,
        "f1-score": 0.875,
        "support": 8
    },
    "desk_lamp": {
        "precision": 1.0,
        "recall": 0.8888888888888888,
        "f1-score": 0.9411764705882353,
        "support": 9
    },
    "desktop_computer": {
        "precision": 1.0,
        "recall": 0.5,
        "f1-score": 0.6666666666666666,
        "support": 10
    },
    "file_cabinet": {
        "precision": 0.5263157894736842,
        "recall": 1.0,
        "f1-score": 0.6896551724137931,
        "support": 10
    },
    "headphones": {
        "precision": 0.5,
        "recall": 0.5,
        "f1-score": 0.5,
        "support": 8
    },
    "keyboard": {
        "precision": 0.3076923076923077,
        "recall": 0.8,
        "f1-score": 0.4444444444444444,
        "support": 5
    },
    "laptop_computer": {
        "precision": 0.6923076923076923,
        "recall": 0.9473684210526315,
        "f1-score": 0.7999999999999999,
        "support": 19
    },
    "letter_tray": {
        "precision": 0.6666666666666666,
        "recall": 0.36363636363636365,
        "f1-score": 0.4705882352941177,
        "support": 11
    },
    "mobile_phone": {
        "precision": 0.9166666666666666,
        "recall": 0.4230769230769231,
        "f1-score": 0.5789473684210527,
        "support": 26
    },
    "monitor": {
        "precision": 0.9375,
        "recall": 0.8823529411764706,
        "f1-score": 0.9090909090909091,
        "support": 17
    },
    "mouse": {
        "precision": 0.28,
        "recall": 1.0,
        "f1-score": 0.43750000000000006,
        "support": 7
    },
    "mug": {
        "precision": 0.6666666666666666,
        "recall": 0.6666666666666666,
        "f1-score": 0.6666666666666666,
        "support": 3
    },
    "paper_notebook": {
        "precision": 0.5,
        "recall": 1.0,
        "f1-score": 0.6666666666666666,
        "support": 5
    },
    "pen": {
        "precision": 0.5,
        "recall": 0.8,
        "f1-score": 0.6153846153846154,
        "support": 5
    },
    "phone": {
        "precision": 0.4375,
        "recall": 0.875,
        "f1-score": 0.5833333333333334,
        "support": 8
    },
    "printer": {
        "precision": 0.3333333333333333,
        "recall": 0.2,
        "f1-score": 0.25,
        "support": 10
    },
    "projector": {
        "precision": 1.0,
        "recall": 0.6111111111111112,
        "f1-score": 0.7586206896551725,
        "support": 18
    },
    "punchers": {
        "precision": 0.8571428571428571,
        "recall": 0.46153846153846156,
        "f1-score": 0.6,
        "support": 13
    },
    "ring_binder": {
        "precision": 0.42857142857142855,
        "recall": 0.6,
        "f1-score": 0.5,
        "support": 5
    },
    "ruler": {
        "precision": 0.0,
        "recall": 0.0,
        "f1-score": 0.0,
        "support": 2
    },
    "scissors": {
        "precision": 1.0,
        "recall": 0.6153846153846154,
        "f1-score": 0.761904761904762,
        "support": 13
    },
    "speaker": {
        "precision": 0.875,
        "recall": 0.3333333333333333,
        "f1-score": 0.48275862068965514,
        "support": 21
    },
    "stapler": {
        "precision": 0.5,
        "recall": 0.1875,
        "f1-score": 0.2727272727272727,
        "support": 16
    },
    "tape_dispenser": {
        "precision": 0.75,
        "recall": 0.5294117647058824,
        "f1-score": 0.6206896551724139,
        "support": 17
    },
    "trash_can": {
        "precision": 0.5,
        "recall": 0.2,
        "f1-score": 0.28571428571428575,
        "support": 10
    },
    "accuracy": 0.6530612244897959,
    "macro avg": {
        "precision": 0.6553969442898834,
        "recall": 0.665684172264368,
        "f1-score": 0.6158906643172467,
        "support": 343
    },
    "weighted avg": {
        "precision": 0.7268205702231868,
        "recall": 0.6530612244897959,
        "f1-score": 0.6423257273789474,
        "support": 343
    }
}