{
    "0": {
        "precision": 0.9215686274509803,
        "recall": 0.8153061224489796,
        "f1-score": 0.865186789388197,
        "support": 980
    },
    "1": {
        "precision": 0.9649122807017544,
        "recall": 0.9691629955947136,
        "f1-score": 0.9670329670329672,
        "support": 1135
    },
    "2": {
        "precision": 0.8125560538116592,
        "recall": 0.877906976744186,
        "f1-score": 0.8439683278993946,
        "support": 1032
    },
    "3": {
        "precision": 0.8274616079494128,
        "recall": 0.906930693069307,
        "f1-score": 0.865375531412376,
        "support": 1010
    },
    "4": {
        "precision": 0.8630412890231621,
        "recall": 0.8727087576374746,
        "f1-score": 0.8678481012658229,
        "support": 982
    },
    "5": {
        "precision": 0.852529601722282,
        "recall": 0.8878923766816144,
        "f1-score": 0.8698517298187809,
        "support": 892
    },
    "6": {
        "precision": 0.8622129436325678,
        "recall": 0.8622129436325678,
        "f1-score": 0.8622129436325678,
        "support": 958
    },
    "7": {
        "precision": 0.9076464746772592,
        "recall": 0.8891050583657587,
        "f1-score": 0.8982800982800984,
        "support": 1028
    },
    "8": {
        "precision": 0.9225888324873096,
        "recall": 0.7464065708418891,
        "f1-score": 0.8251986379114642,
        "support": 974
    },
    "9": {
        "precision": 0.781934306569343,
        "recall": 0.8493557978196233,
        "f1-score": 0.8142517814726842,
        "support": 1009
    },
    "accuracy": 0.8694,
    "macro avg": {
        "precision": 0.8716452018025731,
        "recall": 0.8676988292836114,
        "f1-score": 0.8679206908114354,
        "support": 10000
    },
    "weighted avg": {
        "precision": 0.872720352975734,
        "recall": 0.8694,
        "f1-score": 0.8693360112606562,
        "support": 10000
    }
}