{
    "back_pack": {
        "precision": 0.875,
        "recall": 1.0,
        "f1-score": 0.9333333333333333,
        "support": 7
    },
    "bike": {
        "precision": 1.0,
        "recall": 1.0,
        "f1-score": 1.0,
        "support": 16
    },
    "bike_helmet": {
        "precision": 1.0,
        "recall": 1.0,
        "f1-score": 1.0,
        "support": 19
    },
    "bookcase": {
        "precision": 0.7777777777777778,
        "recall": 1.0,
        "f1-score": 0.8750000000000001,
        "support": 7
    },
    "bottle": {
        "precision": 0.7857142857142857,
        "recall": 1.0,
        "f1-score": 0.88,
        "support": 11
    },
    "calculator": {
        "precision": 0.875,
        "recall": 1.0,
        "f1-score": 0.9333333333333333,
        "support": 7
    },
    "desk_chair": {
        "precision": 1.0,
        "recall": 1.0,
        "f1-score": 1.0,
        "support": 8
    },
    "desk_lamp": {
        "precision": 0.7,
        "recall": 0.7777777777777778,
        "f1-score": 0.7368421052631577,
        "support": 9
    },
    "desktop_computer": {
        "precision": 0.8,
        "recall": 0.4,
        "f1-score": 0.5333333333333333,
        "support": 10
    },
    "file_cabinet": {
        "precision": 0.5625,
        "recall": 0.9,
        "f1-score": 0.6923076923076923,
        "support": 10
    },
    "headphones": {
        "precision": 0.8,
        "recall": 1.0,
        "f1-score": 0.888888888888889,
        "support": 8
    },
    "keyboard": {
        "precision": 1.0,
        "recall": 0.6,
        "f1-score": 0.7499999999999999,
        "support": 5
    },
    "laptop_computer": {
        "precision": 0.9444444444444444,
        "recall": 0.8947368421052632,
        "f1-score": 0.918918918918919,
        "support": 19
    },
    "letter_tray": {
        "precision": 0.5555555555555556,
        "recall": 0.9090909090909091,
        "f1-score": 0.6896551724137931,
        "support": 11
    },
    "mobile_phone": {
        "precision": 1.0,
        "recall": 0.5769230769230769,
        "f1-score": 0.7317073170731707,
        "support": 26
    },
    "monitor": {
        "precision": 0.9285714285714286,
        "recall": 0.7647058823529411,
        "f1-score": 0.8387096774193549,
        "support": 17
    },
    "mouse": {
        "precision": 0.8333333333333334,
        "recall": 0.7142857142857143,
        "f1-score": 0.7692307692307692,
        "support": 7
    },
    "mug": {
        "precision": 1.0,
        "recall": 0.6666666666666666,
        "f1-score": 0.8,
        "support": 3
    },
    "paper_notebook": {
        "precision": 0.4166666666666667,
        "recall": 1.0,
        "f1-score": 0.5882352941176471,
        "support": 5
    },
    "pen": {
        "precision": 0.7142857142857143,
        "recall": 1.0,
        "f1-score": 0.8333333333333333,
        "support": 5
    },
    "phone": {
        "precision": 0.8888888888888888,
        "recall": 1.0,
        "f1-score": 0.9411764705882353,
        "support": 8
    },
    "printer": {
        "precision": 0.6,
        "recall": 0.3,
        "f1-score": 0.4,
        "support": 10
    },
    "projector": {
        "precision": 0.9230769230769231,
        "recall": 0.6666666666666666,
        "f1-score": 0.7741935483870968,
        "support": 18
    },
    "punchers": {
        "precision": 0.6666666666666666,
        "recall": 0.46153846153846156,
        "f1-score": 0.5454545454545455,
        "support": 13
    },
    "ring_binder": {
        "precision": 0.4,
        "recall": 0.8,
        "f1-score": 0.5333333333333333,
        "support": 5
    },
    "ruler": {
        "precision": 0.6666666666666666,
        "recall": 1.0,
        "f1-score": 0.8,
        "support": 2
    },
    "scissors": {
        "precision": 1.0,
        "recall": 0.6923076923076923,
        "f1-score": 0.8181818181818181,
        "support": 13
    },
    "speaker": {
        "precision": 0.8666666666666667,
        "recall": 0.6190476190476191,
        "f1-score": 0.7222222222222222,
        "support": 21
    },
    "stapler": {
        "precision": 0.5,
        "recall": 0.6875,
        "f1-score": 0.5789473684210527,
        "support": 16
    },
    "tape_dispenser": {
        "precision": 0.6956521739130435,
        "recall": 0.9411764705882353,
        "f1-score": 0.7999999999999999,
        "support": 17
    },
    "trash_can": {
        "precision": 0.8571428571428571,
        "recall": 0.6,
        "f1-score": 0.7058823529411764,
        "support": 10
    },
    "accuracy": 0.7813411078717201,
    "macro avg": {
        "precision": 0.7946325822377716,
        "recall": 0.8055620573984201,
        "f1-score": 0.774587768661168,
        "support": 343
    },
    "weighted avg": {
        "precision": 0.8230777781956636,
        "recall": 0.7813411078717201,
        "f1-score": 0.7795592703787104,
        "support": 343
    }
}