{
    "back_pack": {
        "precision": 0.9,
        "recall": 0.8275862068965517,
        "f1-score": 0.8622754491017964,
        "support": 87
    },
    "bike": {
        "precision": 0.8837209302325582,
        "recall": 0.987012987012987,
        "f1-score": 0.9325153374233128,
        "support": 77
    },
    "bike_helmet": {
        "precision": 0.7638888888888888,
        "recall": 0.8208955223880597,
        "f1-score": 0.7913669064748201,
        "support": 67
    },
    "bookcase": {
        "precision": 0.3815028901734104,
        "recall": 0.8571428571428571,
        "f1-score": 0.528,
        "support": 77
    },
    "bottle": {
        "precision": 0.4166666666666667,
        "recall": 0.4838709677419355,
        "f1-score": 0.44776119402985076,
        "support": 31
    },
    "calculator": {
        "precision": 0.8217821782178217,
        "recall": 0.9325842696629213,
        "f1-score": 0.8736842105263158,
        "support": 89
    },
    "desk_chair": {
        "precision": 0.6666666666666666,
        "recall": 0.9302325581395349,
        "f1-score": 0.7766990291262136,
        "support": 86
    },
    "desk_lamp": {
        "precision": 0.9411764705882353,
        "recall": 0.5217391304347826,
        "f1-score": 0.6713286713286714,
        "support": 92
    },
    "desktop_computer": {
        "precision": 0.3125,
        "recall": 0.05434782608695652,
        "f1-score": 0.09259259259259259,
        "support": 92
    },
    "file_cabinet": {
        "precision": 0.5217391304347826,
        "recall": 0.47368421052631576,
        "f1-score": 0.49655172413793097,
        "support": 76
    },
    "headphones": {
        "precision": 0.9195402298850575,
        "recall": 0.851063829787234,
        "f1-score": 0.8839779005524862,
        "support": 94
    },
    "keyboard": {
        "precision": 0.9736842105263158,
        "recall": 0.7789473684210526,
        "f1-score": 0.8654970760233919,
        "support": 95
    },
    "laptop_computer": {
        "precision": 0.7009345794392523,
        "recall": 0.7894736842105263,
        "f1-score": 0.7425742574257426,
        "support": 95
    },
    "letter_tray": {
        "precision": 0.4931506849315068,
        "recall": 0.7741935483870968,
        "f1-score": 0.602510460251046,
        "support": 93
    },
    "mobile_phone": {
        "precision": 0.5620915032679739,
        "recall": 0.9052631578947369,
        "f1-score": 0.6935483870967742,
        "support": 95
    },
    "monitor": {
        "precision": 0.7798165137614679,
        "recall": 0.9042553191489362,
        "f1-score": 0.8374384236453202,
        "support": 94
    },
    "mouse": {
        "precision": 0.5157232704402516,
        "recall": 0.8631578947368421,
        "f1-score": 0.6456692913385828,
        "support": 95
    },
    "mug": {
        "precision": 0.9107142857142857,
        "recall": 0.5730337078651685,
        "f1-score": 0.7034482758620689,
        "support": 89
    },
    "paper_notebook": {
        "precision": 0.5833333333333334,
        "recall": 0.6153846153846154,
        "f1-score": 0.5989304812834224,
        "support": 91
    },
    "pen": {
        "precision": 0.44086021505376344,
        "recall": 0.45555555555555555,
        "f1-score": 0.44808743169398907,
        "support": 90
    },
    "phone": {
        "precision": 0.8793103448275862,
        "recall": 0.5795454545454546,
        "f1-score": 0.6986301369863014,
        "support": 88
    },
    "printer": {
        "precision": 0.8571428571428571,
        "recall": 0.5684210526315789,
        "f1-score": 0.6835443037974683,
        "support": 95
    },
    "projector": {
        "precision": 0.8703703703703703,
        "recall": 0.5053763440860215,
        "f1-score": 0.6394557823129252,
        "support": 93
    },
    "punchers": {
        "precision": 0.3614457831325301,
        "recall": 0.3225806451612903,
        "f1-score": 0.3409090909090909,
        "support": 93
    },
    "ring_binder": {
        "precision": 0.3880597014925373,
        "recall": 0.3058823529411765,
        "f1-score": 0.34210526315789475,
        "support": 85
    },
    "ruler": {
        "precision": 0.5432098765432098,
        "recall": 0.6285714285714286,
        "f1-score": 0.5827814569536424,
        "support": 70
    },
    "scissors": {
        "precision": 0.49411764705882355,
        "recall": 0.4421052631578947,
        "f1-score": 0.4666666666666667,
        "support": 95
    },
    "speaker": {
        "precision": 0.5357142857142857,
        "recall": 0.1595744680851064,
        "f1-score": 0.2459016393442623,
        "support": 94
    },
    "stapler": {
        "precision": 0.44642857142857145,
        "recall": 0.5319148936170213,
        "f1-score": 0.48543689320388356,
        "support": 94
    },
    "tape_dispenser": {
        "precision": 0.4406779661016949,
        "recall": 0.2857142857142857,
        "f1-score": 0.3466666666666666,
        "support": 91
    },
    "trash_can": {
        "precision": 0.27906976744186046,
        "recall": 0.4067796610169492,
        "f1-score": 0.3310344827586207,
        "support": 59
    },
    "accuracy": 0.6187077385424493,
    "macro avg": {
        "precision": 0.6317754780476312,
        "recall": 0.6172868086113831,
        "f1-score": 0.6018577252474758,
        "support": 2662
    },
    "weighted avg": {
        "precision": 0.6410164685698422,
        "recall": 0.6187077385424493,
        "f1-score": 0.6062545552177795,
        "support": 2662
    }
}