{
    "0": {
        "precision": 0.8063241106719368,
        "recall": 0.8326530612244898,
        "f1-score": 0.819277108433735,
        "support": 980
    },
    "1": {
        "precision": 0.8880597014925373,
        "recall": 0.3145374449339207,
        "f1-score": 0.4645413142485361,
        "support": 1135
    },
    "2": {
        "precision": 0.5470505617977528,
        "recall": 0.7548449612403101,
        "f1-score": 0.6343648208469056,
        "support": 1032
    },
    "3": {
        "precision": 0.755192878338279,
        "recall": 0.503960396039604,
        "f1-score": 0.6045130641330166,
        "support": 1010
    },
    "4": {
        "precision": 0.33135059482155355,
        "recall": 0.9643584521384929,
        "f1-score": 0.4932291666666666,
        "support": 982
    },
    "5": {
        "precision": 0.6449834619625138,
        "recall": 0.655829596412556,
        "f1-score": 0.650361311839911,
        "support": 892
    },
    "6": {
        "precision": 0.3795620437956204,
        "recall": 0.054279749478079335,
        "f1-score": 0.09497716894977169,
        "support": 958
    },
    "7": {
        "precision": 0.33377049180327867,
        "recall": 0.49513618677042803,
        "f1-score": 0.3987465726596161,
        "support": 1028
    },
    "8": {
        "precision": 1.0,
        "recall": 0.09034907597535935,
        "f1-score": 0.1657250470809793,
        "support": 974
    },
    "9": {
        "precision": 0.5858170606372045,
        "recall": 0.5649157581764123,
        "f1-score": 0.5751765893037336,
        "support": 1009
    },
    "accuracy": 0.5212,
    "macro avg": {
        "precision": 0.6272110905320677,
        "recall": 0.5230864682389652,
        "f1-score": 0.49009121641628717,
        "support": 10000
    },
    "weighted avg": {
        "precision": 0.6297983826447713,
        "recall": 0.5212,
        "f1-score": 0.49025109586656773,
        "support": 10000
    }
}