{
    "back_pack": {
        "precision": 1.0,
        "recall": 1.0,
        "f1-score": 1.0,
        "support": 26
    },
    "bike": {
        "precision": 1.0,
        "recall": 1.0,
        "f1-score": 1.0,
        "support": 18
    },
    "bike_helmet": {
        "precision": 1.0,
        "recall": 1.0,
        "f1-score": 1.0,
        "support": 25
    },
    "bookcase": {
        "precision": 0.8181818181818182,
        "recall": 1.0,
        "f1-score": 0.9,
        "support": 9
    },
    "bottle": {
        "precision": 1.0,
        "recall": 1.0,
        "f1-score": 1.0,
        "support": 13
    },
    "calculator": {
        "precision": 0.9655172413793104,
        "recall": 1.0,
        "f1-score": 0.9824561403508771,
        "support": 28
    },
    "desk_chair": {
        "precision": 1.0,
        "recall": 1.0,
        "f1-score": 1.0,
        "support": 37
    },
    "desk_lamp": {
        "precision": 1.0,
        "recall": 1.0,
        "f1-score": 1.0,
        "support": 15
    },
    "desktop_computer": {
        "precision": 0.9473684210526315,
        "recall": 1.0,
        "f1-score": 0.972972972972973,
        "support": 18
    },
    "file_cabinet": {
        "precision": 1.0,
        "recall": 1.0,
        "f1-score": 1.0,
        "support": 16
    },
    "headphones": {
        "precision": 1.0,
        "recall": 1.0,
        "f1-score": 1.0,
        "support": 24
    },
    "keyboard": {
        "precision": 1.0,
        "recall": 0.875,
        "f1-score": 0.9333333333333333,
        "support": 24
    },
    "laptop_computer": {
        "precision": 0.9642857142857143,
        "recall": 1.0,
        "f1-score": 0.9818181818181818,
        "support": 27
    },
    "letter_tray": {
        "precision": 1.0,
        "recall": 1.0,
        "f1-score": 1.0,
        "support": 16
    },
    "mobile_phone": {
        "precision": 1.0,
        "recall": 0.9629629629629629,
        "f1-score": 0.9811320754716981,
        "support": 27
    },
    "monitor": {
        "precision": 0.9523809523809523,
        "recall": 1.0,
        "f1-score": 0.975609756097561,
        "support": 40
    },
    "mouse": {
        "precision": 1.0,
        "recall": 0.9629629629629629,
        "f1-score": 0.9811320754716981,
        "support": 27
    },
    "mug": {
        "precision": 1.0,
        "recall": 1.0,
        "f1-score": 1.0,
        "support": 24
    },
    "paper_notebook": {
        "precision": 0.8928571428571429,
        "recall": 1.0,
        "f1-score": 0.9433962264150945,
        "support": 25
    },
    "pen": {
        "precision": 0.8787878787878788,
        "recall": 1.0,
        "f1-score": 0.9354838709677419,
        "support": 29
    },
    "phone": {
        "precision": 1.0,
        "recall": 1.0,
        "f1-score": 1.0,
        "support": 13
    },
    "printer": {
        "precision": 1.0,
        "recall": 0.9411764705882353,
        "f1-score": 0.9696969696969697,
        "support": 17
    },
    "projector": {
        "precision": 1.0,
        "recall": 0.8518518518518519,
        "f1-score": 0.92,
        "support": 27
    },
    "punchers": {
        "precision": 1.0,
        "recall": 0.75,
        "f1-score": 0.8571428571428571,
        "support": 24
    },
    "ring_binder": {
        "precision": 1.0,
        "recall": 0.8378378378378378,
        "f1-score": 0.911764705882353,
        "support": 37
    },
    "ruler": {
        "precision": 1.0,
        "recall": 0.5,
        "f1-score": 0.6666666666666666,
        "support": 8
    },
    "scissors": {
        "precision": 1.0,
        "recall": 1.0,
        "f1-score": 1.0,
        "support": 22
    },
    "speaker": {
        "precision": 0.9310344827586207,
        "recall": 1.0,
        "f1-score": 0.9642857142857143,
        "support": 27
    },
    "stapler": {
        "precision": 0.7,
        "recall": 1.0,
        "f1-score": 0.8235294117647058,
        "support": 21
    },
    "tape_dispenser": {
        "precision": 1.0,
        "recall": 1.0,
        "f1-score": 1.0,
        "support": 20
    },
    "trash_can": {
        "precision": 0.9473684210526315,
        "recall": 1.0,
        "f1-score": 0.972972972972973,
        "support": 18
    },
    "accuracy": 0.9629629629629629,
    "macro avg": {
        "precision": 0.9676703894431192,
        "recall": 0.957477164071092,
        "f1-score": 0.957206255848755,
        "support": 702
    },
    "weighted avg": {
        "precision": 0.9690577532077838,
        "recall": 0.9629629629629629,
        "f1-score": 0.9623348811165088,
        "support": 702
    }
}