{
    "back_pack": {
        "precision": 0.8571428571428571,
        "recall": 1.0,
        "f1-score": 0.923076923076923,
        "support": 24
    },
    "bike": {
        "precision": 1.0,
        "recall": 1.0,
        "f1-score": 1.0,
        "support": 16
    },
    "bike_helmet": {
        "precision": 1.0,
        "recall": 1.0,
        "f1-score": 1.0,
        "support": 23
    },
    "bookcase": {
        "precision": 0.3888888888888889,
        "recall": 1.0,
        "f1-score": 0.56,
        "support": 7
    },
    "bottle": {
        "precision": 1.0,
        "recall": 1.0,
        "f1-score": 1.0,
        "support": 11
    },
    "calculator": {
        "precision": 0.7692307692307693,
        "recall": 0.7692307692307693,
        "f1-score": 0.7692307692307693,
        "support": 26
    },
    "desk_chair": {
        "precision": 1.0,
        "recall": 0.9714285714285714,
        "f1-score": 0.9855072463768115,
        "support": 35
    },
    "desk_lamp": {
        "precision": 1.0,
        "recall": 0.6153846153846154,
        "f1-score": 0.761904761904762,
        "support": 13
    },
    "desktop_computer": {
        "precision": 0.46153846153846156,
        "recall": 0.75,
        "f1-score": 0.5714285714285714,
        "support": 16
    },
    "file_cabinet": {
        "precision": 1.0,
        "recall": 0.7857142857142857,
        "f1-score": 0.88,
        "support": 14
    },
    "headphones": {
        "precision": 0.8076923076923077,
        "recall": 0.9545454545454546,
        "f1-score": 0.875,
        "support": 22
    },
    "keyboard": {
        "precision": 0.9523809523809523,
        "recall": 0.9090909090909091,
        "f1-score": 0.9302325581395349,
        "support": 22
    },
    "laptop_computer": {
        "precision": 0.9545454545454546,
        "recall": 0.84,
        "f1-score": 0.8936170212765958,
        "support": 25
    },
    "letter_tray": {
        "precision": 0.8888888888888888,
        "recall": 0.5714285714285714,
        "f1-score": 0.6956521739130435,
        "support": 14
    },
    "mobile_phone": {
        "precision": 0.8571428571428571,
        "recall": 0.48,
        "f1-score": 0.6153846153846153,
        "support": 25
    },
    "monitor": {
        "precision": 0.8974358974358975,
        "recall": 0.9210526315789473,
        "f1-score": 0.9090909090909091,
        "support": 38
    },
    "mouse": {
        "precision": 0.7,
        "recall": 0.84,
        "f1-score": 0.7636363636363636,
        "support": 25
    },
    "mug": {
        "precision": 0.9565217391304348,
        "recall": 1.0,
        "f1-score": 0.9777777777777777,
        "support": 22
    },
    "paper_notebook": {
        "precision": 0.5,
        "recall": 0.9565217391304348,
        "f1-score": 0.6567164179104478,
        "support": 23
    },
    "pen": {
        "precision": 0.6,
        "recall": 0.6666666666666666,
        "f1-score": 0.631578947368421,
        "support": 27
    },
    "phone": {
        "precision": 1.0,
        "recall": 0.6363636363636364,
        "f1-score": 0.7777777777777778,
        "support": 11
    },
    "printer": {
        "precision": 0.5882352941176471,
        "recall": 0.6666666666666666,
        "f1-score": 0.625,
        "support": 15
    },
    "projector": {
        "precision": 0.8,
        "recall": 0.48,
        "f1-score": 0.6,
        "support": 25
    },
    "punchers": {
        "precision": 0.875,
        "recall": 0.3181818181818182,
        "f1-score": 0.4666666666666667,
        "support": 22
    },
    "ring_binder": {
        "precision": 0.75,
        "recall": 0.6857142857142857,
        "f1-score": 0.7164179104477612,
        "support": 35
    },
    "ruler": {
        "precision": 0.16666666666666666,
        "recall": 0.3333333333333333,
        "f1-score": 0.2222222222222222,
        "support": 6
    },
    "scissors": {
        "precision": 1.0,
        "recall": 0.3,
        "f1-score": 0.4615384615384615,
        "support": 20
    },
    "speaker": {
        "precision": 0.8181818181818182,
        "recall": 0.72,
        "f1-score": 0.7659574468085107,
        "support": 25
    },
    "stapler": {
        "precision": 0.6521739130434783,
        "recall": 0.7894736842105263,
        "f1-score": 0.7142857142857143,
        "support": 19
    },
    "tape_dispenser": {
        "precision": 0.5555555555555556,
        "recall": 0.8333333333333334,
        "f1-score": 0.6666666666666667,
        "support": 18
    },
    "trash_can": {
        "precision": 1.0,
        "recall": 0.75,
        "f1-score": 0.8571428571428571,
        "support": 16
    },
    "accuracy": 0.771875,
    "macro avg": {
        "precision": 0.7999103974704171,
        "recall": 0.7594880958710589,
        "f1-score": 0.750758412260393,
        "support": 640
    },
    "weighted avg": {
        "precision": 0.8197686745532813,
        "recall": 0.771875,
        "f1-score": 0.7713885820333158,
        "support": 640
    }
}