{
    "0": {
        "precision": 0.7553707553707554,
        "recall": 0.9936189608021878,
        "f1-score": 0.8582677165354332,
        "support": 1097
    },
    "1": {
        "precision": 0.8324022346368715,
        "recall": 0.8149498632634458,
        "f1-score": 0.8235836020267158,
        "support": 1097
    },
    "2": {
        "precision": 0.8291814946619217,
        "recall": 0.8495897903372835,
        "f1-score": 0.8392615938766321,
        "support": 1097
    },
    "3": {
        "precision": 0.7030716723549488,
        "recall": 0.9389243391066545,
        "f1-score": 0.8040593286494926,
        "support": 1097
    },
    "4": {
        "precision": 0.8464384828862165,
        "recall": 0.8340929808568824,
        "f1-score": 0.8402203856749313,
        "support": 1097
    },
    "5": {
        "precision": 0.8870614035087719,
        "recall": 0.7374658158614403,
        "f1-score": 0.8053758088601294,
        "support": 1097
    },
    "6": {
        "precision": 0.9626955475330926,
        "recall": 0.7292616226071102,
        "f1-score": 0.8298755186721992,
        "support": 1097
    },
    "7": {
        "precision": 0.8525641025641025,
        "recall": 0.7274384685505926,
        "f1-score": 0.7850467289719627,
        "support": 1097
    },
    "8": {
        "precision": 0.8155594405594405,
        "recall": 0.8505013673655424,
        "f1-score": 0.8326639892904953,
        "support": 1097
    },
    "9": {
        "precision": 0.7989583333333333,
        "recall": 0.699179580674567,
        "f1-score": 0.7457462323772484,
        "support": 1097
    },
    "accuracy": 0.8175022789425707,
    "macro avg": {
        "precision": 0.8283303467409455,
        "recall": 0.8175022789425708,
        "f1-score": 0.8164100904935241,
        "support": 10970
    },
    "weighted avg": {
        "precision": 0.8283303467409454,
        "recall": 0.8175022789425707,
        "f1-score": 0.816410090493524,
        "support": 10970
    }
}