{
    "back_pack": {
        "precision": 1.0,
        "recall": 0.8571428571428571,
        "f1-score": 0.923076923076923,
        "support": 7
    },
    "bike": {
        "precision": 1.0,
        "recall": 1.0,
        "f1-score": 1.0,
        "support": 16
    },
    "bike_helmet": {
        "precision": 0.875,
        "recall": 0.7368421052631579,
        "f1-score": 0.7999999999999999,
        "support": 19
    },
    "bookcase": {
        "precision": 1.0,
        "recall": 1.0,
        "f1-score": 1.0,
        "support": 7
    },
    "bottle": {
        "precision": 1.0,
        "recall": 1.0,
        "f1-score": 1.0,
        "support": 11
    },
    "calculator": {
        "precision": 0.75,
        "recall": 0.8571428571428571,
        "f1-score": 0.7999999999999999,
        "support": 7
    },
    "desk_chair": {
        "precision": 0.8888888888888888,
        "recall": 1.0,
        "f1-score": 0.9411764705882353,
        "support": 8
    },
    "desk_lamp": {
        "precision": 0.8571428571428571,
        "recall": 0.6666666666666666,
        "f1-score": 0.75,
        "support": 9
    },
    "desktop_computer": {
        "precision": 0.38095238095238093,
        "recall": 0.8,
        "f1-score": 0.5161290322580645,
        "support": 10
    },
    "file_cabinet": {
        "precision": 0.875,
        "recall": 0.7,
        "f1-score": 0.7777777777777777,
        "support": 10
    },
    "headphones": {
        "precision": 0.8888888888888888,
        "recall": 1.0,
        "f1-score": 0.9411764705882353,
        "support": 8
    },
    "keyboard": {
        "precision": 0.4166666666666667,
        "recall": 1.0,
        "f1-score": 0.5882352941176471,
        "support": 5
    },
    "laptop_computer": {
        "precision": 1.0,
        "recall": 0.6842105263157895,
        "f1-score": 0.8125000000000001,
        "support": 19
    },
    "letter_tray": {
        "precision": 0.8461538461538461,
        "recall": 1.0,
        "f1-score": 0.9166666666666666,
        "support": 11
    },
    "mobile_phone": {
        "precision": 0.8125,
        "recall": 0.5,
        "f1-score": 0.6190476190476191,
        "support": 26
    },
    "monitor": {
        "precision": 0.7727272727272727,
        "recall": 1.0,
        "f1-score": 0.8717948717948718,
        "support": 17
    },
    "mouse": {
        "precision": 0.28,
        "recall": 1.0,
        "f1-score": 0.43750000000000006,
        "support": 7
    },
    "mug": {
        "precision": 0.6,
        "recall": 1.0,
        "f1-score": 0.7499999999999999,
        "support": 3
    },
    "paper_notebook": {
        "precision": 0.5714285714285714,
        "recall": 0.8,
        "f1-score": 0.6666666666666666,
        "support": 5
    },
    "pen": {
        "precision": 0.5,
        "recall": 0.6,
        "f1-score": 0.5454545454545454,
        "support": 5
    },
    "phone": {
        "precision": 0.875,
        "recall": 0.875,
        "f1-score": 0.875,
        "support": 8
    },
    "printer": {
        "precision": 1.0,
        "recall": 0.8,
        "f1-score": 0.888888888888889,
        "support": 10
    },
    "projector": {
        "precision": 0.7619047619047619,
        "recall": 0.8888888888888888,
        "f1-score": 0.8205128205128205,
        "support": 18
    },
    "punchers": {
        "precision": 0.7,
        "recall": 0.5384615384615384,
        "f1-score": 0.608695652173913,
        "support": 13
    },
    "ring_binder": {
        "precision": 0.75,
        "recall": 0.6,
        "f1-score": 0.6666666666666665,
        "support": 5
    },
    "ruler": {
        "precision": 0.6666666666666666,
        "recall": 1.0,
        "f1-score": 0.8,
        "support": 2
    },
    "scissors": {
        "precision": 0.8333333333333334,
        "recall": 0.7692307692307693,
        "f1-score": 0.8,
        "support": 13
    },
    "speaker": {
        "precision": 1.0,
        "recall": 0.5238095238095238,
        "f1-score": 0.6875000000000001,
        "support": 21
    },
    "stapler": {
        "precision": 0.42857142857142855,
        "recall": 0.375,
        "f1-score": 0.39999999999999997,
        "support": 16
    },
    "tape_dispenser": {
        "precision": 0.875,
        "recall": 0.4117647058823529,
        "f1-score": 0.56,
        "support": 17
    },
    "trash_can": {
        "precision": 1.0,
        "recall": 0.7,
        "f1-score": 0.8235294117647058,
        "support": 10
    },
    "accuracy": 0.749271137026239,
    "macro avg": {
        "precision": 0.7808330826879214,
        "recall": 0.7962632399614323,
        "f1-score": 0.7609030896143306,
        "support": 343
    },
    "weighted avg": {
        "precision": 0.8151710178386564,
        "recall": 0.749271137026239,
        "f1-score": 0.7558530246616564,
        "support": 343
    }
}