{
    "back_pack": {
        "precision": 0.8160919540229885,
        "recall": 0.8160919540229885,
        "f1-score": 0.8160919540229885,
        "support": 87
    },
    "bike": {
        "precision": 0.9156626506024096,
        "recall": 0.987012987012987,
        "f1-score": 0.95,
        "support": 77
    },
    "bike_helmet": {
        "precision": 0.5333333333333333,
        "recall": 0.835820895522388,
        "f1-score": 0.6511627906976744,
        "support": 67
    },
    "bookcase": {
        "precision": 0.5904761904761905,
        "recall": 0.8051948051948052,
        "f1-score": 0.6813186813186813,
        "support": 77
    },
    "bottle": {
        "precision": 0.5357142857142857,
        "recall": 0.4838709677419355,
        "f1-score": 0.5084745762711865,
        "support": 31
    },
    "calculator": {
        "precision": 0.6521739130434783,
        "recall": 0.6741573033707865,
        "f1-score": 0.6629834254143646,
        "support": 89
    },
    "desk_chair": {
        "precision": 0.8085106382978723,
        "recall": 0.8837209302325582,
        "f1-score": 0.8444444444444444,
        "support": 86
    },
    "desk_lamp": {
        "precision": 0.8157894736842105,
        "recall": 0.33695652173913043,
        "f1-score": 0.47692307692307695,
        "support": 92
    },
    "desktop_computer": {
        "precision": 0.4807692307692308,
        "recall": 0.2717391304347826,
        "f1-score": 0.34722222222222227,
        "support": 92
    },
    "file_cabinet": {
        "precision": 0.42727272727272725,
        "recall": 0.618421052631579,
        "f1-score": 0.5053763440860215,
        "support": 76
    },
    "headphones": {
        "precision": 0.6231884057971014,
        "recall": 0.9148936170212766,
        "f1-score": 0.7413793103448276,
        "support": 94
    },
    "keyboard": {
        "precision": 0.6842105263157895,
        "recall": 0.8210526315789474,
        "f1-score": 0.7464114832535885,
        "support": 95
    },
    "laptop_computer": {
        "precision": 0.8,
        "recall": 0.7578947368421053,
        "f1-score": 0.7783783783783784,
        "support": 95
    },
    "letter_tray": {
        "precision": 0.7222222222222222,
        "recall": 0.6989247311827957,
        "f1-score": 0.7103825136612022,
        "support": 93
    },
    "mobile_phone": {
        "precision": 0.6413793103448275,
        "recall": 0.9789473684210527,
        "f1-score": 0.7749999999999999,
        "support": 95
    },
    "monitor": {
        "precision": 0.7327586206896551,
        "recall": 0.9042553191489362,
        "f1-score": 0.8095238095238094,
        "support": 94
    },
    "mouse": {
        "precision": 0.59375,
        "recall": 0.8,
        "f1-score": 0.6816143497757848,
        "support": 95
    },
    "mug": {
        "precision": 0.8360655737704918,
        "recall": 0.5730337078651685,
        "f1-score": 0.6799999999999999,
        "support": 89
    },
    "paper_notebook": {
        "precision": 0.5692307692307692,
        "recall": 0.4065934065934066,
        "f1-score": 0.47435897435897434,
        "support": 91
    },
    "pen": {
        "precision": 0.36470588235294116,
        "recall": 0.34444444444444444,
        "f1-score": 0.35428571428571426,
        "support": 90
    },
    "phone": {
        "precision": 0.8115942028985508,
        "recall": 0.6363636363636364,
        "f1-score": 0.713375796178344,
        "support": 88
    },
    "printer": {
        "precision": 0.7,
        "recall": 0.6631578947368421,
        "f1-score": 0.681081081081081,
        "support": 95
    },
    "projector": {
        "precision": 0.6363636363636364,
        "recall": 0.7526881720430108,
        "f1-score": 0.689655172413793,
        "support": 93
    },
    "punchers": {
        "precision": 0.4,
        "recall": 0.1935483870967742,
        "f1-score": 0.26086956521739135,
        "support": 93
    },
    "ring_binder": {
        "precision": 0.6181818181818182,
        "recall": 0.4,
        "f1-score": 0.48571428571428577,
        "support": 85
    },
    "ruler": {
        "precision": 0.359375,
        "recall": 0.6571428571428571,
        "f1-score": 0.4646464646464647,
        "support": 70
    },
    "scissors": {
        "precision": 0.3917525773195876,
        "recall": 0.4,
        "f1-score": 0.3958333333333333,
        "support": 95
    },
    "speaker": {
        "precision": 0.6376811594202898,
        "recall": 0.46808510638297873,
        "f1-score": 0.5398773006134969,
        "support": 94
    },
    "stapler": {
        "precision": 0.59375,
        "recall": 0.40425531914893614,
        "f1-score": 0.48101265822784806,
        "support": 94
    },
    "tape_dispenser": {
        "precision": 0.5757575757575758,
        "recall": 0.2087912087912088,
        "f1-score": 0.3064516129032258,
        "support": 91
    },
    "trash_can": {
        "precision": 0.3684210526315789,
        "recall": 0.4745762711864407,
        "f1-score": 0.4148148148148148,
        "support": 59
    },
    "accuracy": 0.6187077385424493,
    "macro avg": {
        "precision": 0.6205220235649535,
        "recall": 0.618439850448218,
        "f1-score": 0.6009246494879682,
        "support": 2662
    },
    "weighted avg": {
        "precision": 0.6272526834032283,
        "recall": 0.6187077385424493,
        "f1-score": 0.60410768443127,
        "support": 2662
    }
}