{
    "back_pack": {
        "precision": 0.8275862068965517,
        "recall": 1.0,
        "f1-score": 0.9056603773584906,
        "support": 24
    },
    "bike": {
        "precision": 1.0,
        "recall": 1.0,
        "f1-score": 1.0,
        "support": 16
    },
    "bike_helmet": {
        "precision": 0.9523809523809523,
        "recall": 0.8695652173913043,
        "f1-score": 0.909090909090909,
        "support": 23
    },
    "bookcase": {
        "precision": 0.4666666666666667,
        "recall": 1.0,
        "f1-score": 0.6363636363636364,
        "support": 7
    },
    "bottle": {
        "precision": 0.9166666666666666,
        "recall": 1.0,
        "f1-score": 0.9565217391304348,
        "support": 11
    },
    "calculator": {
        "precision": 0.8275862068965517,
        "recall": 0.9230769230769231,
        "f1-score": 0.8727272727272727,
        "support": 26
    },
    "desk_chair": {
        "precision": 1.0,
        "recall": 1.0,
        "f1-score": 1.0,
        "support": 35
    },
    "desk_lamp": {
        "precision": 0.7272727272727273,
        "recall": 0.6153846153846154,
        "f1-score": 0.6666666666666667,
        "support": 13
    },
    "desktop_computer": {
        "precision": 0.8181818181818182,
        "recall": 0.5625,
        "f1-score": 0.6666666666666666,
        "support": 16
    },
    "file_cabinet": {
        "precision": 0.875,
        "recall": 1.0,
        "f1-score": 0.9333333333333333,
        "support": 14
    },
    "headphones": {
        "precision": 0.9166666666666666,
        "recall": 1.0,
        "f1-score": 0.9565217391304348,
        "support": 22
    },
    "keyboard": {
        "precision": 0.9,
        "recall": 0.8181818181818182,
        "f1-score": 0.8571428571428572,
        "support": 22
    },
    "laptop_computer": {
        "precision": 1.0,
        "recall": 0.84,
        "f1-score": 0.9130434782608696,
        "support": 25
    },
    "letter_tray": {
        "precision": 0.8181818181818182,
        "recall": 0.6428571428571429,
        "f1-score": 0.7200000000000001,
        "support": 14
    },
    "mobile_phone": {
        "precision": 0.7142857142857143,
        "recall": 0.6,
        "f1-score": 0.6521739130434783,
        "support": 25
    },
    "monitor": {
        "precision": 0.967741935483871,
        "recall": 0.7894736842105263,
        "f1-score": 0.8695652173913043,
        "support": 38
    },
    "mouse": {
        "precision": 0.7727272727272727,
        "recall": 0.68,
        "f1-score": 0.7234042553191491,
        "support": 25
    },
    "mug": {
        "precision": 0.9565217391304348,
        "recall": 1.0,
        "f1-score": 0.9777777777777777,
        "support": 22
    },
    "paper_notebook": {
        "precision": 0.6571428571428571,
        "recall": 1.0,
        "f1-score": 0.7931034482758621,
        "support": 23
    },
    "pen": {
        "precision": 0.5609756097560976,
        "recall": 0.8518518518518519,
        "f1-score": 0.6764705882352942,
        "support": 27
    },
    "phone": {
        "precision": 1.0,
        "recall": 0.9090909090909091,
        "f1-score": 0.9523809523809523,
        "support": 11
    },
    "printer": {
        "precision": 1.0,
        "recall": 0.8,
        "f1-score": 0.888888888888889,
        "support": 15
    },
    "projector": {
        "precision": 0.9473684210526315,
        "recall": 0.72,
        "f1-score": 0.8181818181818181,
        "support": 25
    },
    "punchers": {
        "precision": 0.6666666666666666,
        "recall": 0.5454545454545454,
        "f1-score": 0.6,
        "support": 22
    },
    "ring_binder": {
        "precision": 0.9393939393939394,
        "recall": 0.8857142857142857,
        "f1-score": 0.9117647058823529,
        "support": 35
    },
    "ruler": {
        "precision": 0.2,
        "recall": 0.3333333333333333,
        "f1-score": 0.25,
        "support": 6
    },
    "scissors": {
        "precision": 1.0,
        "recall": 0.6,
        "f1-score": 0.7499999999999999,
        "support": 20
    },
    "speaker": {
        "precision": 0.7333333333333333,
        "recall": 0.88,
        "f1-score": 0.8,
        "support": 25
    },
    "stapler": {
        "precision": 0.4375,
        "recall": 0.3684210526315789,
        "f1-score": 0.39999999999999997,
        "support": 19
    },
    "tape_dispenser": {
        "precision": 0.5,
        "recall": 0.7777777777777778,
        "f1-score": 0.6086956521739131,
        "support": 18
    },
    "trash_can": {
        "precision": 1.0,
        "recall": 0.5,
        "f1-score": 0.6666666666666666,
        "support": 16
    },
    "accuracy": 0.80625,
    "macro avg": {
        "precision": 0.8096724909284915,
        "recall": 0.7907317147405359,
        "f1-score": 0.7849294374222268,
        "support": 640
    },
    "weighted avg": {
        "precision": 0.8346560327869398,
        "recall": 0.80625,
        "f1-score": 0.8079187388525172,
        "support": 640
    }
}