{
    "0": {
        "precision": 0.8076628352490421,
        "recall": 0.9590536851683349,
        "f1-score": 0.8768718801996673,
        "support": 1099
    },
    "1": {
        "precision": 0.7308377896613191,
        "recall": 0.7461328480436761,
        "f1-score": 0.7384061233678524,
        "support": 1099
    },
    "2": {
        "precision": 0.6815847395451211,
        "recall": 0.8453139217470428,
        "f1-score": 0.7546709991876525,
        "support": 1099
    },
    "3": {
        "precision": 0.7059787059787059,
        "recall": 0.7843494085532302,
        "f1-score": 0.7431034482758619,
        "support": 1099
    },
    "4": {
        "precision": 0.5519630484988453,
        "recall": 0.8698817106460418,
        "f1-score": 0.6753797244789826,
        "support": 1099
    },
    "5": {
        "precision": 0.6075367647058824,
        "recall": 0.6014558689717925,
        "f1-score": 0.6044810242341105,
        "support": 1099
    },
    "6": {
        "precision": 0.8525852585258525,
        "recall": 0.705186533212011,
        "f1-score": 0.7719123505976095,
        "support": 1099
    },
    "7": {
        "precision": 0.41229656419529837,
        "recall": 0.41492265696087355,
        "f1-score": 0.41360544217687073,
        "support": 1099
    },
    "8": {
        "precision": 0.5976430976430976,
        "recall": 0.32302092811646954,
        "f1-score": 0.41937389249852336,
        "support": 1099
    },
    "9": {
        "precision": 0.6763636363636364,
        "recall": 0.33848953594176523,
        "f1-score": 0.451182534869618,
        "support": 1099
    },
    "accuracy": 0.6587807097361238,
    "macro avg": {
        "precision": 0.6624452440366801,
        "recall": 0.6587807097361237,
        "f1-score": 0.6448987419886748,
        "support": 10990
    },
    "weighted avg": {
        "precision": 0.66244524403668,
        "recall": 0.6587807097361238,
        "f1-score": 0.644898741988675,
        "support": 10990
    }
}