{
    "back_pack": {
        "precision": 0.6363636363636364,
        "recall": 1.0,
        "f1-score": 0.7777777777777778,
        "support": 7
    },
    "bike": {
        "precision": 1.0,
        "recall": 1.0,
        "f1-score": 1.0,
        "support": 16
    },
    "bike_helmet": {
        "precision": 1.0,
        "recall": 0.8947368421052632,
        "f1-score": 0.9444444444444444,
        "support": 19
    },
    "bookcase": {
        "precision": 0.8,
        "recall": 0.5714285714285714,
        "f1-score": 0.6666666666666666,
        "support": 7
    },
    "bottle": {
        "precision": 1.0,
        "recall": 1.0,
        "f1-score": 1.0,
        "support": 11
    },
    "calculator": {
        "precision": 0.8333333333333334,
        "recall": 0.7142857142857143,
        "f1-score": 0.7692307692307692,
        "support": 7
    },
    "desk_chair": {
        "precision": 1.0,
        "recall": 1.0,
        "f1-score": 1.0,
        "support": 8
    },
    "desk_lamp": {
        "precision": 1.0,
        "recall": 0.7777777777777778,
        "f1-score": 0.8750000000000001,
        "support": 9
    },
    "desktop_computer": {
        "precision": 0.5555555555555556,
        "recall": 0.5,
        "f1-score": 0.5263157894736842,
        "support": 10
    },
    "file_cabinet": {
        "precision": 0.6923076923076923,
        "recall": 0.9,
        "f1-score": 0.7826086956521738,
        "support": 10
    },
    "headphones": {
        "precision": 0.8,
        "recall": 1.0,
        "f1-score": 0.888888888888889,
        "support": 8
    },
    "keyboard": {
        "precision": 0.7142857142857143,
        "recall": 1.0,
        "f1-score": 0.8333333333333333,
        "support": 5
    },
    "laptop_computer": {
        "precision": 0.9444444444444444,
        "recall": 0.8947368421052632,
        "f1-score": 0.918918918918919,
        "support": 19
    },
    "letter_tray": {
        "precision": 0.9,
        "recall": 0.8181818181818182,
        "f1-score": 0.8571428571428572,
        "support": 11
    },
    "mobile_phone": {
        "precision": 1.0,
        "recall": 0.38461538461538464,
        "f1-score": 0.5555555555555556,
        "support": 26
    },
    "monitor": {
        "precision": 1.0,
        "recall": 0.9411764705882353,
        "f1-score": 0.9696969696969697,
        "support": 17
    },
    "mouse": {
        "precision": 0.75,
        "recall": 0.8571428571428571,
        "f1-score": 0.7999999999999999,
        "support": 7
    },
    "mug": {
        "precision": 1.0,
        "recall": 1.0,
        "f1-score": 1.0,
        "support": 3
    },
    "paper_notebook": {
        "precision": 0.625,
        "recall": 1.0,
        "f1-score": 0.7692307692307693,
        "support": 5
    },
    "pen": {
        "precision": 0.5,
        "recall": 0.6,
        "f1-score": 0.5454545454545454,
        "support": 5
    },
    "phone": {
        "precision": 0.8888888888888888,
        "recall": 1.0,
        "f1-score": 0.9411764705882353,
        "support": 8
    },
    "printer": {
        "precision": 0.6153846153846154,
        "recall": 0.8,
        "f1-score": 0.6956521739130435,
        "support": 10
    },
    "projector": {
        "precision": 0.75,
        "recall": 0.8333333333333334,
        "f1-score": 0.7894736842105262,
        "support": 18
    },
    "punchers": {
        "precision": 0.75,
        "recall": 0.6923076923076923,
        "f1-score": 0.7199999999999999,
        "support": 13
    },
    "ring_binder": {
        "precision": 0.7142857142857143,
        "recall": 1.0,
        "f1-score": 0.8333333333333333,
        "support": 5
    },
    "ruler": {
        "precision": 0.25,
        "recall": 1.0,
        "f1-score": 0.4,
        "support": 2
    },
    "scissors": {
        "precision": 1.0,
        "recall": 0.8461538461538461,
        "f1-score": 0.9166666666666666,
        "support": 13
    },
    "speaker": {
        "precision": 0.9411764705882353,
        "recall": 0.7619047619047619,
        "f1-score": 0.8421052631578947,
        "support": 21
    },
    "stapler": {
        "precision": 0.45454545454545453,
        "recall": 0.625,
        "f1-score": 0.5263157894736842,
        "support": 16
    },
    "tape_dispenser": {
        "precision": 0.875,
        "recall": 0.8235294117647058,
        "f1-score": 0.8484848484848485,
        "support": 17
    },
    "trash_can": {
        "precision": 0.8888888888888888,
        "recall": 0.8,
        "f1-score": 0.8421052631578948,
        "support": 10
    },
    "accuracy": 0.8075801749271136,
    "macro avg": {
        "precision": 0.8025632389958766,
        "recall": 0.8398810104417815,
        "f1-score": 0.8011477249823703,
        "support": 343
    },
    "weighted avg": {
        "precision": 0.8467786943520094,
        "recall": 0.8075801749271136,
        "f1-score": 0.8092224353546149,
        "support": 343
    }
}