{
    "0": {
        "precision": 0.9766666666666667,
        "recall": 0.981574539363484,
        "f1-score": 0.9791144527986633,
        "support": 1194
    },
    "1": {
        "precision": 0.9497630331753555,
        "recall": 0.9970149253731343,
        "f1-score": 0.9728155339805825,
        "support": 1005
    },
    "2": {
        "precision": 0.8807947019867549,
        "recall": 0.9097127222982216,
        "f1-score": 0.8950201884253027,
        "support": 731
    },
    "3": {
        "precision": 0.969551282051282,
        "recall": 0.9194528875379939,
        "f1-score": 0.9438377535101404,
        "support": 658
    },
    "4": {
        "precision": 0.8415213946117274,
        "recall": 0.8144171779141104,
        "f1-score": 0.8277474668745128,
        "support": 652
    },
    "5": {
        "precision": 0.8548672566371681,
        "recall": 0.8687050359712231,
        "f1-score": 0.8617305976806423,
        "support": 556
    },
    "6": {
        "precision": 0.9431137724550899,
        "recall": 0.9487951807228916,
        "f1-score": 0.945945945945946,
        "support": 664
    },
    "7": {
        "precision": 0.7652399481193255,
        "recall": 0.9147286821705426,
        "f1-score": 0.8333333333333334,
        "support": 645
    },
    "8": {
        "precision": 0.8557213930348259,
        "recall": 0.9520295202952029,
        "f1-score": 0.9013100436681222,
        "support": 542
    },
    "9": {
        "precision": 0.8902147971360382,
        "recall": 0.5791925465838509,
        "f1-score": 0.7017873941674506,
        "support": 644
    },
    "accuracy": 0.9006994925250309,
    "macro avg": {
        "precision": 0.8927454245874232,
        "recall": 0.8885623218230656,
        "f1-score": 0.8862642710384696,
        "support": 7291
    },
    "weighted avg": {
        "precision": 0.9029436701259134,
        "recall": 0.9006994925250309,
        "f1-score": 0.8979467922333488,
        "support": 7291
    }
}