{
    "back_pack": {
        "precision": 0.9402985074626866,
        "recall": 0.7241379310344828,
        "f1-score": 0.8181818181818181,
        "support": 87
    },
    "bike": {
        "precision": 0.9466666666666667,
        "recall": 0.922077922077922,
        "f1-score": 0.9342105263157895,
        "support": 77
    },
    "bike_helmet": {
        "precision": 0.7833333333333333,
        "recall": 0.7014925373134329,
        "f1-score": 0.7401574803149608,
        "support": 67
    },
    "bookcase": {
        "precision": 0.46511627906976744,
        "recall": 0.7792207792207793,
        "f1-score": 0.5825242718446603,
        "support": 77
    },
    "bottle": {
        "precision": 0.3050847457627119,
        "recall": 0.5806451612903226,
        "f1-score": 0.4000000000000001,
        "support": 31
    },
    "calculator": {
        "precision": 0.7978723404255319,
        "recall": 0.8426966292134831,
        "f1-score": 0.8196721311475411,
        "support": 89
    },
    "desk_chair": {
        "precision": 0.7473684210526316,
        "recall": 0.8255813953488372,
        "f1-score": 0.7845303867403315,
        "support": 86
    },
    "desk_lamp": {
        "precision": 0.782608695652174,
        "recall": 0.391304347826087,
        "f1-score": 0.5217391304347826,
        "support": 92
    },
    "desktop_computer": {
        "precision": 0.3125,
        "recall": 0.16304347826086957,
        "f1-score": 0.2142857142857143,
        "support": 92
    },
    "file_cabinet": {
        "precision": 0.4,
        "recall": 0.5526315789473685,
        "f1-score": 0.46408839779005523,
        "support": 76
    },
    "headphones": {
        "precision": 0.7304347826086957,
        "recall": 0.8936170212765957,
        "f1-score": 0.8038277511961722,
        "support": 94
    },
    "keyboard": {
        "precision": 0.7745098039215687,
        "recall": 0.8315789473684211,
        "f1-score": 0.8020304568527918,
        "support": 95
    },
    "laptop_computer": {
        "precision": 0.6413793103448275,
        "recall": 0.9789473684210527,
        "f1-score": 0.7749999999999999,
        "support": 95
    },
    "letter_tray": {
        "precision": 0.6415094339622641,
        "recall": 0.3655913978494624,
        "f1-score": 0.4657534246575342,
        "support": 93
    },
    "mobile_phone": {
        "precision": 0.8736842105263158,
        "recall": 0.8736842105263158,
        "f1-score": 0.8736842105263158,
        "support": 95
    },
    "monitor": {
        "precision": 0.7130434782608696,
        "recall": 0.8723404255319149,
        "f1-score": 0.784688995215311,
        "support": 94
    },
    "mouse": {
        "precision": 0.7634408602150538,
        "recall": 0.7473684210526316,
        "f1-score": 0.7553191489361704,
        "support": 95
    },
    "mug": {
        "precision": 0.6704545454545454,
        "recall": 0.6629213483146067,
        "f1-score": 0.6666666666666666,
        "support": 89
    },
    "paper_notebook": {
        "precision": 0.5277777777777778,
        "recall": 0.4175824175824176,
        "f1-score": 0.4662576687116565,
        "support": 91
    },
    "pen": {
        "precision": 0.36363636363636365,
        "recall": 0.2222222222222222,
        "f1-score": 0.27586206896551724,
        "support": 90
    },
    "phone": {
        "precision": 0.9056603773584906,
        "recall": 0.5454545454545454,
        "f1-score": 0.6808510638297872,
        "support": 88
    },
    "printer": {
        "precision": 0.6106194690265486,
        "recall": 0.7263157894736842,
        "f1-score": 0.6634615384615384,
        "support": 95
    },
    "projector": {
        "precision": 0.6039603960396039,
        "recall": 0.6559139784946236,
        "f1-score": 0.6288659793814433,
        "support": 93
    },
    "punchers": {
        "precision": 0.08974358974358974,
        "recall": 0.07526881720430108,
        "f1-score": 0.08187134502923978,
        "support": 93
    },
    "ring_binder": {
        "precision": 0.5454545454545454,
        "recall": 0.21176470588235294,
        "f1-score": 0.30508474576271183,
        "support": 85
    },
    "ruler": {
        "precision": 0.36363636363636365,
        "recall": 0.5714285714285714,
        "f1-score": 0.4444444444444444,
        "support": 70
    },
    "scissors": {
        "precision": 0.25,
        "recall": 0.15789473684210525,
        "f1-score": 0.1935483870967742,
        "support": 95
    },
    "speaker": {
        "precision": 0.6057692307692307,
        "recall": 0.6702127659574468,
        "f1-score": 0.6363636363636364,
        "support": 94
    },
    "stapler": {
        "precision": 0.4772727272727273,
        "recall": 0.44680851063829785,
        "f1-score": 0.46153846153846156,
        "support": 94
    },
    "tape_dispenser": {
        "precision": 0.19718309859154928,
        "recall": 0.3076923076923077,
        "f1-score": 0.240343347639485,
        "support": 91
    },
    "trash_can": {
        "precision": 0.391304347826087,
        "recall": 0.4576271186440678,
        "f1-score": 0.42187499999999994,
        "support": 59
    },
    "accuracy": 0.5856498873027799,
    "macro avg": {
        "precision": 0.5877846355436297,
        "recall": 0.5862924963997268,
        "f1-score": 0.5711847805913325,
        "support": 2662
    },
    "weighted avg": {
        "precision": 0.595538656742453,
        "recall": 0.5856498873027799,
        "f1-score": 0.5753580005080253,
        "support": 2662
    }
}