{
    "back_pack": {
        "precision": 1.0,
        "recall": 1.0,
        "f1-score": 1.0,
        "support": 7
    },
    "bike": {
        "precision": 1.0,
        "recall": 1.0,
        "f1-score": 1.0,
        "support": 16
    },
    "bike_helmet": {
        "precision": 1.0,
        "recall": 0.8947368421052632,
        "f1-score": 0.9444444444444444,
        "support": 19
    },
    "bookcase": {
        "precision": 1.0,
        "recall": 0.5714285714285714,
        "f1-score": 0.7272727272727273,
        "support": 7
    },
    "bottle": {
        "precision": 1.0,
        "recall": 1.0,
        "f1-score": 1.0,
        "support": 11
    },
    "calculator": {
        "precision": 1.0,
        "recall": 0.8571428571428571,
        "f1-score": 0.923076923076923,
        "support": 7
    },
    "desk_chair": {
        "precision": 1.0,
        "recall": 1.0,
        "f1-score": 1.0,
        "support": 8
    },
    "desk_lamp": {
        "precision": 1.0,
        "recall": 0.6666666666666666,
        "f1-score": 0.8,
        "support": 9
    },
    "desktop_computer": {
        "precision": 0.5714285714285714,
        "recall": 0.4,
        "f1-score": 0.47058823529411764,
        "support": 10
    },
    "file_cabinet": {
        "precision": 0.5294117647058824,
        "recall": 0.9,
        "f1-score": 0.6666666666666667,
        "support": 10
    },
    "headphones": {
        "precision": 1.0,
        "recall": 1.0,
        "f1-score": 1.0,
        "support": 8
    },
    "keyboard": {
        "precision": 0.6666666666666666,
        "recall": 0.8,
        "f1-score": 0.7272727272727272,
        "support": 5
    },
    "laptop_computer": {
        "precision": 0.9411764705882353,
        "recall": 0.8421052631578947,
        "f1-score": 0.8888888888888888,
        "support": 19
    },
    "letter_tray": {
        "precision": 0.5294117647058824,
        "recall": 0.8181818181818182,
        "f1-score": 0.6428571428571428,
        "support": 11
    },
    "mobile_phone": {
        "precision": 0.8421052631578947,
        "recall": 0.6153846153846154,
        "f1-score": 0.7111111111111111,
        "support": 26
    },
    "monitor": {
        "precision": 0.9375,
        "recall": 0.8823529411764706,
        "f1-score": 0.9090909090909091,
        "support": 17
    },
    "mouse": {
        "precision": 0.6363636363636364,
        "recall": 1.0,
        "f1-score": 0.7777777777777778,
        "support": 7
    },
    "mug": {
        "precision": 0.75,
        "recall": 1.0,
        "f1-score": 0.8571428571428571,
        "support": 3
    },
    "paper_notebook": {
        "precision": 0.5,
        "recall": 1.0,
        "f1-score": 0.6666666666666666,
        "support": 5
    },
    "pen": {
        "precision": 0.42857142857142855,
        "recall": 0.6,
        "f1-score": 0.5,
        "support": 5
    },
    "phone": {
        "precision": 1.0,
        "recall": 0.875,
        "f1-score": 0.9333333333333333,
        "support": 8
    },
    "printer": {
        "precision": 0.6666666666666666,
        "recall": 0.4,
        "f1-score": 0.5,
        "support": 10
    },
    "projector": {
        "precision": 0.65,
        "recall": 0.7222222222222222,
        "f1-score": 0.6842105263157895,
        "support": 18
    },
    "punchers": {
        "precision": 0.6875,
        "recall": 0.8461538461538461,
        "f1-score": 0.7586206896551724,
        "support": 13
    },
    "ring_binder": {
        "precision": 0.42857142857142855,
        "recall": 0.6,
        "f1-score": 0.5,
        "support": 5
    },
    "ruler": {
        "precision": 0.3333333333333333,
        "recall": 0.5,
        "f1-score": 0.4,
        "support": 2
    },
    "scissors": {
        "precision": 1.0,
        "recall": 0.9230769230769231,
        "f1-score": 0.9600000000000001,
        "support": 13
    },
    "speaker": {
        "precision": 0.8666666666666667,
        "recall": 0.6190476190476191,
        "f1-score": 0.7222222222222222,
        "support": 21
    },
    "stapler": {
        "precision": 0.6818181818181818,
        "recall": 0.9375,
        "f1-score": 0.7894736842105263,
        "support": 16
    },
    "tape_dispenser": {
        "precision": 1.0,
        "recall": 0.6470588235294118,
        "f1-score": 0.7857142857142858,
        "support": 17
    },
    "trash_can": {
        "precision": 0.6,
        "recall": 0.6,
        "f1-score": 0.6,
        "support": 10
    },
    "accuracy": 0.7871720116618076,
    "macro avg": {
        "precision": 0.7821674788143379,
        "recall": 0.7909051293314253,
        "f1-score": 0.7692397360972351,
        "support": 343
    },
    "weighted avg": {
        "precision": 0.8234695040011902,
        "recall": 0.7871720116618076,
        "f1-score": 0.7902002226905763,
        "support": 343
    }
}