{
    "back_pack": {
        "precision": 0.96,
        "recall": 1.0,
        "f1-score": 0.9795918367346939,
        "support": 24
    },
    "bike": {
        "precision": 1.0,
        "recall": 1.0,
        "f1-score": 1.0,
        "support": 16
    },
    "bike_helmet": {
        "precision": 1.0,
        "recall": 0.8695652173913043,
        "f1-score": 0.9302325581395349,
        "support": 23
    },
    "bookcase": {
        "precision": 1.0,
        "recall": 0.8571428571428571,
        "f1-score": 0.923076923076923,
        "support": 7
    },
    "bottle": {
        "precision": 1.0,
        "recall": 1.0,
        "f1-score": 1.0,
        "support": 11
    },
    "calculator": {
        "precision": 0.8387096774193549,
        "recall": 1.0,
        "f1-score": 0.9122807017543859,
        "support": 26
    },
    "desk_chair": {
        "precision": 1.0,
        "recall": 0.9714285714285714,
        "f1-score": 0.9855072463768115,
        "support": 35
    },
    "desk_lamp": {
        "precision": 1.0,
        "recall": 0.8461538461538461,
        "f1-score": 0.9166666666666666,
        "support": 13
    },
    "desktop_computer": {
        "precision": 0.7777777777777778,
        "recall": 0.875,
        "f1-score": 0.823529411764706,
        "support": 16
    },
    "file_cabinet": {
        "precision": 0.9333333333333333,
        "recall": 1.0,
        "f1-score": 0.9655172413793104,
        "support": 14
    },
    "headphones": {
        "precision": 0.9166666666666666,
        "recall": 1.0,
        "f1-score": 0.9565217391304348,
        "support": 22
    },
    "keyboard": {
        "precision": 1.0,
        "recall": 0.5909090909090909,
        "f1-score": 0.7428571428571429,
        "support": 22
    },
    "laptop_computer": {
        "precision": 1.0,
        "recall": 0.64,
        "f1-score": 0.7804878048780487,
        "support": 25
    },
    "letter_tray": {
        "precision": 0.5263157894736842,
        "recall": 0.7142857142857143,
        "f1-score": 0.6060606060606061,
        "support": 14
    },
    "mobile_phone": {
        "precision": 0.6,
        "recall": 0.48,
        "f1-score": 0.5333333333333332,
        "support": 25
    },
    "monitor": {
        "precision": 0.926829268292683,
        "recall": 1.0,
        "f1-score": 0.9620253164556963,
        "support": 38
    },
    "mouse": {
        "precision": 0.8571428571428571,
        "recall": 0.96,
        "f1-score": 0.9056603773584904,
        "support": 25
    },
    "mug": {
        "precision": 0.9166666666666666,
        "recall": 1.0,
        "f1-score": 0.9565217391304348,
        "support": 22
    },
    "paper_notebook": {
        "precision": 0.6666666666666666,
        "recall": 0.5217391304347826,
        "f1-score": 0.5853658536585366,
        "support": 23
    },
    "pen": {
        "precision": 0.65,
        "recall": 0.9629629629629629,
        "f1-score": 0.7761194029850746,
        "support": 27
    },
    "phone": {
        "precision": 0.7333333333333333,
        "recall": 1.0,
        "f1-score": 0.846153846153846,
        "support": 11
    },
    "printer": {
        "precision": 0.75,
        "recall": 1.0,
        "f1-score": 0.8571428571428571,
        "support": 15
    },
    "projector": {
        "precision": 0.9230769230769231,
        "recall": 0.48,
        "f1-score": 0.631578947368421,
        "support": 25
    },
    "punchers": {
        "precision": 0.75,
        "recall": 0.13636363636363635,
        "f1-score": 0.23076923076923075,
        "support": 22
    },
    "ring_binder": {
        "precision": 0.6382978723404256,
        "recall": 0.8571428571428571,
        "f1-score": 0.7317073170731707,
        "support": 35
    },
    "ruler": {
        "precision": 0.6,
        "recall": 0.5,
        "f1-score": 0.5454545454545454,
        "support": 6
    },
    "scissors": {
        "precision": 0.9375,
        "recall": 0.75,
        "f1-score": 0.8333333333333334,
        "support": 20
    },
    "speaker": {
        "precision": 0.7857142857142857,
        "recall": 0.44,
        "f1-score": 0.5641025641025641,
        "support": 25
    },
    "stapler": {
        "precision": 0.5238095238095238,
        "recall": 0.5789473684210527,
        "f1-score": 0.5500000000000002,
        "support": 19
    },
    "tape_dispenser": {
        "precision": 0.5151515151515151,
        "recall": 0.9444444444444444,
        "f1-score": 0.6666666666666666,
        "support": 18
    },
    "trash_can": {
        "precision": 0.5454545454545454,
        "recall": 0.75,
        "f1-score": 0.631578947368421,
        "support": 16
    },
    "accuracy": 0.7984375,
    "macro avg": {
        "precision": 0.815240216203879,
        "recall": 0.797615667647778,
        "f1-score": 0.7848336824894803,
        "support": 640
    },
    "weighted avg": {
        "precision": 0.8215156053714825,
        "recall": 0.7984375,
        "f1-score": 0.7871953620086392,
        "support": 640
    }
}