{
    "back_pack": {
        "precision": 0.96,
        "recall": 1.0,
        "f1-score": 0.9795918367346939,
        "support": 24
    },
    "bike": {
        "precision": 1.0,
        "recall": 1.0,
        "f1-score": 1.0,
        "support": 16
    },
    "bike_helmet": {
        "precision": 1.0,
        "recall": 0.9130434782608695,
        "f1-score": 0.9545454545454545,
        "support": 23
    },
    "bookcase": {
        "precision": 1.0,
        "recall": 1.0,
        "f1-score": 1.0,
        "support": 7
    },
    "bottle": {
        "precision": 1.0,
        "recall": 1.0,
        "f1-score": 1.0,
        "support": 11
    },
    "calculator": {
        "precision": 1.0,
        "recall": 0.8846153846153846,
        "f1-score": 0.9387755102040816,
        "support": 26
    },
    "desk_chair": {
        "precision": 1.0,
        "recall": 1.0,
        "f1-score": 1.0,
        "support": 35
    },
    "desk_lamp": {
        "precision": 1.0,
        "recall": 1.0,
        "f1-score": 1.0,
        "support": 13
    },
    "desktop_computer": {
        "precision": 1.0,
        "recall": 0.8125,
        "f1-score": 0.896551724137931,
        "support": 16
    },
    "file_cabinet": {
        "precision": 1.0,
        "recall": 1.0,
        "f1-score": 1.0,
        "support": 14
    },
    "headphones": {
        "precision": 1.0,
        "recall": 1.0,
        "f1-score": 1.0,
        "support": 22
    },
    "keyboard": {
        "precision": 0.9565217391304348,
        "recall": 1.0,
        "f1-score": 0.9777777777777777,
        "support": 22
    },
    "laptop_computer": {
        "precision": 1.0,
        "recall": 0.76,
        "f1-score": 0.8636363636363636,
        "support": 25
    },
    "letter_tray": {
        "precision": 0.875,
        "recall": 1.0,
        "f1-score": 0.9333333333333333,
        "support": 14
    },
    "mobile_phone": {
        "precision": 0.9473684210526315,
        "recall": 0.72,
        "f1-score": 0.8181818181818181,
        "support": 25
    },
    "monitor": {
        "precision": 0.9714285714285714,
        "recall": 0.8947368421052632,
        "f1-score": 0.9315068493150684,
        "support": 38
    },
    "mouse": {
        "precision": 0.9230769230769231,
        "recall": 0.96,
        "f1-score": 0.9411764705882353,
        "support": 25
    },
    "mug": {
        "precision": 1.0,
        "recall": 1.0,
        "f1-score": 1.0,
        "support": 22
    },
    "paper_notebook": {
        "precision": 0.8214285714285714,
        "recall": 1.0,
        "f1-score": 0.9019607843137255,
        "support": 23
    },
    "pen": {
        "precision": 0.7272727272727273,
        "recall": 0.8888888888888888,
        "f1-score": 0.7999999999999999,
        "support": 27
    },
    "phone": {
        "precision": 0.7692307692307693,
        "recall": 0.9090909090909091,
        "f1-score": 0.8333333333333333,
        "support": 11
    },
    "printer": {
        "precision": 0.8333333333333334,
        "recall": 1.0,
        "f1-score": 0.9090909090909091,
        "support": 15
    },
    "projector": {
        "precision": 0.95,
        "recall": 0.76,
        "f1-score": 0.8444444444444444,
        "support": 25
    },
    "punchers": {
        "precision": 0.7391304347826086,
        "recall": 0.7727272727272727,
        "f1-score": 0.7555555555555555,
        "support": 22
    },
    "ring_binder": {
        "precision": 0.9696969696969697,
        "recall": 0.9142857142857143,
        "f1-score": 0.9411764705882354,
        "support": 35
    },
    "ruler": {
        "precision": 0.5,
        "recall": 0.5,
        "f1-score": 0.5,
        "support": 6
    },
    "scissors": {
        "precision": 0.8095238095238095,
        "recall": 0.85,
        "f1-score": 0.8292682926829269,
        "support": 20
    },
    "speaker": {
        "precision": 0.9583333333333334,
        "recall": 0.92,
        "f1-score": 0.9387755102040817,
        "support": 25
    },
    "stapler": {
        "precision": 0.6521739130434783,
        "recall": 0.7894736842105263,
        "f1-score": 0.7142857142857143,
        "support": 19
    },
    "tape_dispenser": {
        "precision": 0.7142857142857143,
        "recall": 0.8333333333333334,
        "f1-score": 0.7692307692307692,
        "support": 18
    },
    "trash_can": {
        "precision": 0.8823529411764706,
        "recall": 0.9375,
        "f1-score": 0.9090909090909091,
        "support": 16
    },
    "accuracy": 0.90625,
    "macro avg": {
        "precision": 0.9019405861869788,
        "recall": 0.9038772744360698,
        "f1-score": 0.899396446170173,
        "support": 640
    },
    "weighted avg": {
        "precision": 0.9155700376740106,
        "recall": 0.90625,
        "f1-score": 0.9072001147930733,
        "support": 640
    }
}