{
    "back_pack": {
        "precision": 0.863013698630137,
        "recall": 0.7241379310344828,
        "f1-score": 0.7875,
        "support": 87
    },
    "bike": {
        "precision": 1.0,
        "recall": 0.974025974025974,
        "f1-score": 0.9868421052631579,
        "support": 77
    },
    "bike_helmet": {
        "precision": 0.6086956521739131,
        "recall": 0.835820895522388,
        "f1-score": 0.7044025157232705,
        "support": 67
    },
    "bookcase": {
        "precision": 0.484375,
        "recall": 0.4025974025974026,
        "f1-score": 0.4397163120567376,
        "support": 77
    },
    "bottle": {
        "precision": 0.5185185185185185,
        "recall": 0.45161290322580644,
        "f1-score": 0.48275862068965514,
        "support": 31
    },
    "calculator": {
        "precision": 0.5103448275862069,
        "recall": 0.8314606741573034,
        "f1-score": 0.6324786324786326,
        "support": 89
    },
    "desk_chair": {
        "precision": 0.7976190476190477,
        "recall": 0.7790697674418605,
        "f1-score": 0.788235294117647,
        "support": 86
    },
    "desk_lamp": {
        "precision": 0.7692307692307693,
        "recall": 0.43478260869565216,
        "f1-score": 0.5555555555555555,
        "support": 92
    },
    "desktop_computer": {
        "precision": 0.18478260869565216,
        "recall": 0.18478260869565216,
        "f1-score": 0.18478260869565213,
        "support": 92
    },
    "file_cabinet": {
        "precision": 0.3382352941176471,
        "recall": 0.3026315789473684,
        "f1-score": 0.3194444444444444,
        "support": 76
    },
    "headphones": {
        "precision": 0.7582417582417582,
        "recall": 0.7340425531914894,
        "f1-score": 0.745945945945946,
        "support": 94
    },
    "keyboard": {
        "precision": 0.6842105263157895,
        "recall": 0.8210526315789474,
        "f1-score": 0.7464114832535885,
        "support": 95
    },
    "laptop_computer": {
        "precision": 0.592,
        "recall": 0.7789473684210526,
        "f1-score": 0.6727272727272727,
        "support": 95
    },
    "letter_tray": {
        "precision": 0.30612244897959184,
        "recall": 0.16129032258064516,
        "f1-score": 0.21126760563380284,
        "support": 93
    },
    "mobile_phone": {
        "precision": 0.2192513368983957,
        "recall": 0.43157894736842106,
        "f1-score": 0.29078014184397166,
        "support": 95
    },
    "monitor": {
        "precision": 0.5655737704918032,
        "recall": 0.7340425531914894,
        "f1-score": 0.638888888888889,
        "support": 94
    },
    "mouse": {
        "precision": 0.4797687861271676,
        "recall": 0.8736842105263158,
        "f1-score": 0.6194029850746269,
        "support": 95
    },
    "mug": {
        "precision": 0.38235294117647056,
        "recall": 0.14606741573033707,
        "f1-score": 0.2113821138211382,
        "support": 89
    },
    "paper_notebook": {
        "precision": 0.29411764705882354,
        "recall": 0.38461538461538464,
        "f1-score": 0.33333333333333337,
        "support": 91
    },
    "pen": {
        "precision": 0.6842105263157895,
        "recall": 0.43333333333333335,
        "f1-score": 0.5306122448979592,
        "support": 90
    },
    "phone": {
        "precision": 0.6904761904761905,
        "recall": 0.32954545454545453,
        "f1-score": 0.44615384615384607,
        "support": 88
    },
    "printer": {
        "precision": 0.4142857142857143,
        "recall": 0.30526315789473685,
        "f1-score": 0.3515151515151515,
        "support": 95
    },
    "projector": {
        "precision": 0.2676056338028169,
        "recall": 0.20430107526881722,
        "f1-score": 0.23170731707317072,
        "support": 93
    },
    "punchers": {
        "precision": 0.27450980392156865,
        "recall": 0.15053763440860216,
        "f1-score": 0.19444444444444448,
        "support": 93
    },
    "ring_binder": {
        "precision": 0.3170731707317073,
        "recall": 0.4588235294117647,
        "f1-score": 0.375,
        "support": 85
    },
    "ruler": {
        "precision": 0.7083333333333334,
        "recall": 0.4857142857142857,
        "f1-score": 0.576271186440678,
        "support": 70
    },
    "scissors": {
        "precision": 0.41237113402061853,
        "recall": 0.42105263157894735,
        "f1-score": 0.41666666666666663,
        "support": 95
    },
    "speaker": {
        "precision": 0.08333333333333333,
        "recall": 0.0851063829787234,
        "f1-score": 0.08421052631578947,
        "support": 94
    },
    "stapler": {
        "precision": 0.2076923076923077,
        "recall": 0.2872340425531915,
        "f1-score": 0.24107142857142858,
        "support": 94
    },
    "tape_dispenser": {
        "precision": 0.4838709677419355,
        "recall": 0.32967032967032966,
        "f1-score": 0.39215686274509803,
        "support": 91
    },
    "trash_can": {
        "precision": 0.13793103448275862,
        "recall": 0.06779661016949153,
        "f1-score": 0.09090909090909091,
        "support": 59
    },
    "accuracy": 0.4691960931630353,
    "macro avg": {
        "precision": 0.48510154135483113,
        "recall": 0.4691813612605049,
        "f1-score": 0.4607282137187305,
        "support": 2662
    },
    "weighted avg": {
        "precision": 0.4817531960339622,
        "recall": 0.4691960931630353,
        "f1-score": 0.4585673979240453,
        "support": 2662
    }
}