{
    "back_pack": {
        "precision": 0.875,
        "recall": 1.0,
        "f1-score": 0.9333333333333333,
        "support": 7
    },
    "bike": {
        "precision": 1.0,
        "recall": 1.0,
        "f1-score": 1.0,
        "support": 16
    },
    "bike_helmet": {
        "precision": 1.0,
        "recall": 0.8421052631578947,
        "f1-score": 0.9142857142857143,
        "support": 19
    },
    "bookcase": {
        "precision": 0.8,
        "recall": 0.5714285714285714,
        "f1-score": 0.6666666666666666,
        "support": 7
    },
    "bottle": {
        "precision": 0.9166666666666666,
        "recall": 1.0,
        "f1-score": 0.9565217391304348,
        "support": 11
    },
    "calculator": {
        "precision": 0.5454545454545454,
        "recall": 0.8571428571428571,
        "f1-score": 0.6666666666666665,
        "support": 7
    },
    "desk_chair": {
        "precision": 1.0,
        "recall": 1.0,
        "f1-score": 1.0,
        "support": 8
    },
    "desk_lamp": {
        "precision": 1.0,
        "recall": 0.7777777777777778,
        "f1-score": 0.8750000000000001,
        "support": 9
    },
    "desktop_computer": {
        "precision": 0.5555555555555556,
        "recall": 0.5,
        "f1-score": 0.5263157894736842,
        "support": 10
    },
    "file_cabinet": {
        "precision": 0.75,
        "recall": 0.9,
        "f1-score": 0.8181818181818182,
        "support": 10
    },
    "headphones": {
        "precision": 0.8,
        "recall": 1.0,
        "f1-score": 0.888888888888889,
        "support": 8
    },
    "keyboard": {
        "precision": 0.6666666666666666,
        "recall": 0.8,
        "f1-score": 0.7272727272727272,
        "support": 5
    },
    "laptop_computer": {
        "precision": 1.0,
        "recall": 0.8947368421052632,
        "f1-score": 0.9444444444444444,
        "support": 19
    },
    "letter_tray": {
        "precision": 1.0,
        "recall": 0.7272727272727273,
        "f1-score": 0.8421052631578948,
        "support": 11
    },
    "mobile_phone": {
        "precision": 1.0,
        "recall": 0.38461538461538464,
        "f1-score": 0.5555555555555556,
        "support": 26
    },
    "monitor": {
        "precision": 0.8947368421052632,
        "recall": 1.0,
        "f1-score": 0.9444444444444444,
        "support": 17
    },
    "mouse": {
        "precision": 0.5,
        "recall": 0.7142857142857143,
        "f1-score": 0.588235294117647,
        "support": 7
    },
    "mug": {
        "precision": 1.0,
        "recall": 1.0,
        "f1-score": 1.0,
        "support": 3
    },
    "paper_notebook": {
        "precision": 0.7142857142857143,
        "recall": 1.0,
        "f1-score": 0.8333333333333333,
        "support": 5
    },
    "pen": {
        "precision": 0.4,
        "recall": 0.4,
        "f1-score": 0.4000000000000001,
        "support": 5
    },
    "phone": {
        "precision": 0.8571428571428571,
        "recall": 0.75,
        "f1-score": 0.7999999999999999,
        "support": 8
    },
    "printer": {
        "precision": 0.5333333333333333,
        "recall": 0.8,
        "f1-score": 0.64,
        "support": 10
    },
    "projector": {
        "precision": 0.8,
        "recall": 0.8888888888888888,
        "f1-score": 0.8421052631578948,
        "support": 18
    },
    "punchers": {
        "precision": 0.6428571428571429,
        "recall": 0.6923076923076923,
        "f1-score": 0.6666666666666666,
        "support": 13
    },
    "ring_binder": {
        "precision": 0.625,
        "recall": 1.0,
        "f1-score": 0.7692307692307693,
        "support": 5
    },
    "ruler": {
        "precision": 0.16666666666666666,
        "recall": 1.0,
        "f1-score": 0.2857142857142857,
        "support": 2
    },
    "scissors": {
        "precision": 1.0,
        "recall": 0.7692307692307693,
        "f1-score": 0.8695652173913044,
        "support": 13
    },
    "speaker": {
        "precision": 0.9444444444444444,
        "recall": 0.8095238095238095,
        "f1-score": 0.8717948717948718,
        "support": 21
    },
    "stapler": {
        "precision": 0.36363636363636365,
        "recall": 0.25,
        "f1-score": 0.2962962962962963,
        "support": 16
    },
    "tape_dispenser": {
        "precision": 0.6086956521739131,
        "recall": 0.8235294117647058,
        "f1-score": 0.7,
        "support": 17
    },
    "trash_can": {
        "precision": 1.0,
        "recall": 0.6,
        "f1-score": 0.7499999999999999,
        "support": 10
    },
    "accuracy": 0.7725947521865889,
    "macro avg": {
        "precision": 0.7729078209996494,
        "recall": 0.7984788938549051,
        "f1-score": 0.7604072596517852,
        "support": 343
    },
    "weighted avg": {
        "precision": 0.8195412610701054,
        "recall": 0.7725947521865889,
        "f1-score": 0.774385206859599,
        "support": 343
    }
}