{
    "back_pack": {
        "precision": 1.0,
        "recall": 0.7391304347826086,
        "f1-score": 0.85,
        "support": 23
    },
    "bike": {
        "precision": 0.875,
        "recall": 1.0,
        "f1-score": 0.9333333333333333,
        "support": 28
    },
    "bike_helmet": {
        "precision": 1.0,
        "recall": 0.8695652173913043,
        "f1-score": 0.9302325581395349,
        "support": 23
    },
    "bookcase": {
        "precision": 0.46511627906976744,
        "recall": 0.8,
        "f1-score": 0.5882352941176471,
        "support": 25
    },
    "bottle": {
        "precision": 0.3333333333333333,
        "recall": 0.3333333333333333,
        "f1-score": 0.3333333333333333,
        "support": 9
    },
    "calculator": {
        "precision": 0.6744186046511628,
        "recall": 0.8529411764705882,
        "f1-score": 0.7532467532467532,
        "support": 34
    },
    "desk_chair": {
        "precision": 0.8947368421052632,
        "recall": 0.8717948717948718,
        "f1-score": 0.8831168831168831,
        "support": 39
    },
    "desk_lamp": {
        "precision": 0.7142857142857143,
        "recall": 0.35714285714285715,
        "f1-score": 0.4761904761904762,
        "support": 28
    },
    "desktop_computer": {
        "precision": 1.0,
        "recall": 0.030303030303030304,
        "f1-score": 0.05882352941176471,
        "support": 33
    },
    "file_cabinet": {
        "precision": 0.4444444444444444,
        "recall": 0.3076923076923077,
        "f1-score": 0.3636363636363637,
        "support": 13
    },
    "headphones": {
        "precision": 0.8333333333333334,
        "recall": 0.9090909090909091,
        "f1-score": 0.8695652173913043,
        "support": 33
    },
    "keyboard": {
        "precision": 0.696969696969697,
        "recall": 0.8214285714285714,
        "f1-score": 0.7540983606557378,
        "support": 28
    },
    "laptop_computer": {
        "precision": 0.5555555555555556,
        "recall": 0.7407407407407407,
        "f1-score": 0.634920634920635,
        "support": 27
    },
    "letter_tray": {
        "precision": 0.6153846153846154,
        "recall": 0.3076923076923077,
        "f1-score": 0.4102564102564103,
        "support": 26
    },
    "mobile_phone": {
        "precision": 0.12751677852348994,
        "recall": 0.6785714285714286,
        "f1-score": 0.21468926553672318,
        "support": 28
    },
    "monitor": {
        "precision": 0.6842105263157895,
        "recall": 0.9285714285714286,
        "f1-score": 0.7878787878787878,
        "support": 28
    },
    "mouse": {
        "precision": 0.9473684210526315,
        "recall": 0.5,
        "f1-score": 0.6545454545454545,
        "support": 36
    },
    "mug": {
        "precision": 0.8823529411764706,
        "recall": 0.5555555555555556,
        "f1-score": 0.6818181818181819,
        "support": 27
    },
    "paper_notebook": {
        "precision": 0.0,
        "recall": 0.0,
        "f1-score": 0.0,
        "support": 34
    },
    "pen": {
        "precision": 0.8571428571428571,
        "recall": 0.4444444444444444,
        "f1-score": 0.5853658536585367,
        "support": 27
    },
    "phone": {
        "precision": 0.9166666666666666,
        "recall": 0.39285714285714285,
        "f1-score": 0.55,
        "support": 28
    },
    "printer": {
        "precision": 0.6923076923076923,
        "recall": 0.32142857142857145,
        "f1-score": 0.4390243902439025,
        "support": 28
    },
    "projector": {
        "precision": 0.8,
        "recall": 0.25806451612903225,
        "f1-score": 0.3902439024390244,
        "support": 31
    },
    "punchers": {
        "precision": 0.375,
        "recall": 0.2608695652173913,
        "f1-score": 0.30769230769230765,
        "support": 23
    },
    "ring_binder": {
        "precision": 0.25,
        "recall": 0.14285714285714285,
        "f1-score": 0.18181818181818182,
        "support": 28
    },
    "ruler": {
        "precision": 0.8181818181818182,
        "recall": 0.75,
        "f1-score": 0.7826086956521738,
        "support": 24
    },
    "scissors": {
        "precision": 0.7142857142857143,
        "recall": 0.5172413793103449,
        "f1-score": 0.6000000000000001,
        "support": 29
    },
    "speaker": {
        "precision": 0.10909090909090909,
        "recall": 0.1935483870967742,
        "f1-score": 0.13953488372093023,
        "support": 31
    },
    "stapler": {
        "precision": 0.391304347826087,
        "recall": 0.36,
        "f1-score": 0.37499999999999994,
        "support": 25
    },
    "tape_dispenser": {
        "precision": 0.20588235294117646,
        "recall": 0.5185185185185185,
        "f1-score": 0.29473684210526313,
        "support": 27
    },
    "trash_can": {
        "precision": 0.75,
        "recall": 0.2727272727272727,
        "f1-score": 0.39999999999999997,
        "support": 22
    },
    "accuracy": 0.5242603550295858,
    "macro avg": {
        "precision": 0.6330286917627157,
        "recall": 0.5172939068112412,
        "f1-score": 0.5233530933825691,
        "support": 845
    },
    "weighted avg": {
        "precision": 0.6444923097357966,
        "recall": 0.5242603550295858,
        "f1-score": 0.5288839016611597,
        "support": 845
    }
}