{
    "back_pack": {
        "precision": 1.0,
        "recall": 1.0,
        "f1-score": 1.0,
        "support": 7
    },
    "bike": {
        "precision": 0.9411764705882353,
        "recall": 1.0,
        "f1-score": 0.9696969696969697,
        "support": 16
    },
    "bike_helmet": {
        "precision": 1.0,
        "recall": 0.7894736842105263,
        "f1-score": 0.8823529411764706,
        "support": 19
    },
    "bookcase": {
        "precision": 0.5,
        "recall": 0.8571428571428571,
        "f1-score": 0.631578947368421,
        "support": 7
    },
    "bottle": {
        "precision": 0.7333333333333333,
        "recall": 1.0,
        "f1-score": 0.846153846153846,
        "support": 11
    },
    "calculator": {
        "precision": 0.4375,
        "recall": 1.0,
        "f1-score": 0.6086956521739131,
        "support": 7
    },
    "desk_chair": {
        "precision": 1.0,
        "recall": 1.0,
        "f1-score": 1.0,
        "support": 8
    },
    "desk_lamp": {
        "precision": 1.0,
        "recall": 0.4444444444444444,
        "f1-score": 0.6153846153846153,
        "support": 9
    },
    "desktop_computer": {
        "precision": 0.5555555555555556,
        "recall": 0.5,
        "f1-score": 0.5263157894736842,
        "support": 10
    },
    "file_cabinet": {
        "precision": 0.5625,
        "recall": 0.9,
        "f1-score": 0.6923076923076923,
        "support": 10
    },
    "headphones": {
        "precision": 0.6666666666666666,
        "recall": 1.0,
        "f1-score": 0.8,
        "support": 8
    },
    "keyboard": {
        "precision": 1.0,
        "recall": 0.6,
        "f1-score": 0.7499999999999999,
        "support": 5
    },
    "laptop_computer": {
        "precision": 0.46153846153846156,
        "recall": 0.9473684210526315,
        "f1-score": 0.6206896551724138,
        "support": 19
    },
    "letter_tray": {
        "precision": 1.0,
        "recall": 0.18181818181818182,
        "f1-score": 0.3076923076923077,
        "support": 11
    },
    "mobile_phone": {
        "precision": 1.0,
        "recall": 0.2692307692307692,
        "f1-score": 0.42424242424242425,
        "support": 26
    },
    "monitor": {
        "precision": 0.8571428571428571,
        "recall": 0.7058823529411765,
        "f1-score": 0.7741935483870968,
        "support": 17
    },
    "mouse": {
        "precision": 0.45454545454545453,
        "recall": 0.7142857142857143,
        "f1-score": 0.5555555555555556,
        "support": 7
    },
    "mug": {
        "precision": 0.6,
        "recall": 1.0,
        "f1-score": 0.7499999999999999,
        "support": 3
    },
    "paper_notebook": {
        "precision": 0.8333333333333334,
        "recall": 1.0,
        "f1-score": 0.9090909090909091,
        "support": 5
    },
    "pen": {
        "precision": 0.5,
        "recall": 0.2,
        "f1-score": 0.28571428571428575,
        "support": 5
    },
    "phone": {
        "precision": 0.5,
        "recall": 0.625,
        "f1-score": 0.5555555555555556,
        "support": 8
    },
    "printer": {
        "precision": 0.4666666666666667,
        "recall": 0.7,
        "f1-score": 0.56,
        "support": 10
    },
    "projector": {
        "precision": 0.8571428571428571,
        "recall": 0.6666666666666666,
        "f1-score": 0.75,
        "support": 18
    },
    "punchers": {
        "precision": 0.2857142857142857,
        "recall": 0.15384615384615385,
        "f1-score": 0.2,
        "support": 13
    },
    "ring_binder": {
        "precision": 0.5714285714285714,
        "recall": 0.8,
        "f1-score": 0.6666666666666666,
        "support": 5
    },
    "ruler": {
        "precision": 0.2222222222222222,
        "recall": 1.0,
        "f1-score": 0.3636363636363636,
        "support": 2
    },
    "scissors": {
        "precision": 0.875,
        "recall": 0.5384615384615384,
        "f1-score": 0.6666666666666667,
        "support": 13
    },
    "speaker": {
        "precision": 1.0,
        "recall": 0.42857142857142855,
        "f1-score": 0.6,
        "support": 21
    },
    "stapler": {
        "precision": 0.6666666666666666,
        "recall": 0.25,
        "f1-score": 0.36363636363636365,
        "support": 16
    },
    "tape_dispenser": {
        "precision": 0.45714285714285713,
        "recall": 0.9411764705882353,
        "f1-score": 0.6153846153846154,
        "support": 17
    },
    "trash_can": {
        "precision": 1.0,
        "recall": 0.3,
        "f1-score": 0.4615384615384615,
        "support": 10
    },
    "accuracy": 0.6501457725947521,
    "macro avg": {
        "precision": 0.7098476212802588,
        "recall": 0.6939796349438815,
        "f1-score": 0.6371854784733968,
        "support": 343
    },
    "weighted avg": {
        "precision": 0.7525225353449501,
        "recall": 0.6501457725947521,
        "f1-score": 0.6326332868040241,
        "support": 343
    }
}