{
    "back_pack": {
        "precision": 0.8260869565217391,
        "recall": 0.8735632183908046,
        "f1-score": 0.8491620111731845,
        "support": 87
    },
    "bike": {
        "precision": 0.925,
        "recall": 0.961038961038961,
        "f1-score": 0.9426751592356688,
        "support": 77
    },
    "bike_helmet": {
        "precision": 0.7012987012987013,
        "recall": 0.8059701492537313,
        "f1-score": 0.75,
        "support": 67
    },
    "bookcase": {
        "precision": 0.55,
        "recall": 0.7142857142857143,
        "f1-score": 0.6214689265536724,
        "support": 77
    },
    "bottle": {
        "precision": 0.30434782608695654,
        "recall": 0.45161290322580644,
        "f1-score": 0.3636363636363636,
        "support": 31
    },
    "calculator": {
        "precision": 0.9285714285714286,
        "recall": 0.7303370786516854,
        "f1-score": 0.8176100628930818,
        "support": 89
    },
    "desk_chair": {
        "precision": 0.6936936936936937,
        "recall": 0.8953488372093024,
        "f1-score": 0.7817258883248731,
        "support": 86
    },
    "desk_lamp": {
        "precision": 0.7222222222222222,
        "recall": 0.5652173913043478,
        "f1-score": 0.6341463414634146,
        "support": 92
    },
    "desktop_computer": {
        "precision": 0.10526315789473684,
        "recall": 0.08695652173913043,
        "f1-score": 0.09523809523809525,
        "support": 92
    },
    "file_cabinet": {
        "precision": 0.5384615384615384,
        "recall": 0.3684210526315789,
        "f1-score": 0.4375,
        "support": 76
    },
    "headphones": {
        "precision": 0.8494623655913979,
        "recall": 0.8404255319148937,
        "f1-score": 0.8449197860962566,
        "support": 94
    },
    "keyboard": {
        "precision": 0.92,
        "recall": 0.7263157894736842,
        "f1-score": 0.811764705882353,
        "support": 95
    },
    "laptop_computer": {
        "precision": 0.5597014925373134,
        "recall": 0.7894736842105263,
        "f1-score": 0.6550218340611353,
        "support": 95
    },
    "letter_tray": {
        "precision": 0.49019607843137253,
        "recall": 0.5376344086021505,
        "f1-score": 0.5128205128205128,
        "support": 93
    },
    "mobile_phone": {
        "precision": 0.4945652173913043,
        "recall": 0.9578947368421052,
        "f1-score": 0.6523297491039426,
        "support": 95
    },
    "monitor": {
        "precision": 0.8235294117647058,
        "recall": 0.8936170212765957,
        "f1-score": 0.8571428571428571,
        "support": 94
    },
    "mouse": {
        "precision": 0.5570469798657718,
        "recall": 0.8736842105263158,
        "f1-score": 0.680327868852459,
        "support": 95
    },
    "mug": {
        "precision": 0.9761904761904762,
        "recall": 0.4606741573033708,
        "f1-score": 0.6259541984732824,
        "support": 89
    },
    "paper_notebook": {
        "precision": 0.4117647058823529,
        "recall": 0.5384615384615384,
        "f1-score": 0.4666666666666667,
        "support": 91
    },
    "pen": {
        "precision": 0.3404255319148936,
        "recall": 0.35555555555555557,
        "f1-score": 0.3478260869565218,
        "support": 90
    },
    "phone": {
        "precision": 0.6785714285714286,
        "recall": 0.6477272727272727,
        "f1-score": 0.6627906976744187,
        "support": 88
    },
    "printer": {
        "precision": 0.9482758620689655,
        "recall": 0.5789473684210527,
        "f1-score": 0.7189542483660131,
        "support": 95
    },
    "projector": {
        "precision": 0.8243243243243243,
        "recall": 0.6559139784946236,
        "f1-score": 0.7305389221556886,
        "support": 93
    },
    "punchers": {
        "precision": 0.4838709677419355,
        "recall": 0.16129032258064516,
        "f1-score": 0.24193548387096772,
        "support": 93
    },
    "ring_binder": {
        "precision": 0.25688073394495414,
        "recall": 0.32941176470588235,
        "f1-score": 0.2886597938144331,
        "support": 85
    },
    "ruler": {
        "precision": 0.5,
        "recall": 0.6285714285714286,
        "f1-score": 0.5569620253164557,
        "support": 70
    },
    "scissors": {
        "precision": 0.43478260869565216,
        "recall": 0.3157894736842105,
        "f1-score": 0.36585365853658536,
        "support": 95
    },
    "speaker": {
        "precision": 0.4883720930232558,
        "recall": 0.22340425531914893,
        "f1-score": 0.30656934306569344,
        "support": 94
    },
    "stapler": {
        "precision": 0.6142857142857143,
        "recall": 0.4574468085106383,
        "f1-score": 0.524390243902439,
        "support": 94
    },
    "tape_dispenser": {
        "precision": 0.35294117647058826,
        "recall": 0.1978021978021978,
        "f1-score": 0.2535211267605634,
        "support": 91
    },
    "trash_can": {
        "precision": 0.19130434782608696,
        "recall": 0.3728813559322034,
        "f1-score": 0.25287356321839083,
        "support": 59
    },
    "accuracy": 0.5822689706987227,
    "macro avg": {
        "precision": 0.596497969073339,
        "recall": 0.5805056351176485,
        "f1-score": 0.5693866522985802,
        "support": 2662
    },
    "weighted avg": {
        "precision": 0.6071333626386591,
        "recall": 0.5822689706987227,
        "f1-score": 0.5750369559852516,
        "support": 2662
    }
}