{
    "back_pack": {
        "precision": 0.6363636363636364,
        "recall": 1.0,
        "f1-score": 0.7777777777777778,
        "support": 7
    },
    "bike": {
        "precision": 1.0,
        "recall": 1.0,
        "f1-score": 1.0,
        "support": 16
    },
    "bike_helmet": {
        "precision": 0.9,
        "recall": 0.9473684210526315,
        "f1-score": 0.9230769230769231,
        "support": 19
    },
    "bookcase": {
        "precision": 0.7,
        "recall": 1.0,
        "f1-score": 0.8235294117647058,
        "support": 7
    },
    "bottle": {
        "precision": 0.8461538461538461,
        "recall": 1.0,
        "f1-score": 0.9166666666666666,
        "support": 11
    },
    "calculator": {
        "precision": 0.8571428571428571,
        "recall": 0.8571428571428571,
        "f1-score": 0.8571428571428571,
        "support": 7
    },
    "desk_chair": {
        "precision": 1.0,
        "recall": 1.0,
        "f1-score": 1.0,
        "support": 8
    },
    "desk_lamp": {
        "precision": 0.75,
        "recall": 0.6666666666666666,
        "f1-score": 0.7058823529411765,
        "support": 9
    },
    "desktop_computer": {
        "precision": 0.36363636363636365,
        "recall": 0.4,
        "f1-score": 0.380952380952381,
        "support": 10
    },
    "file_cabinet": {
        "precision": 0.5333333333333333,
        "recall": 0.8,
        "f1-score": 0.64,
        "support": 10
    },
    "headphones": {
        "precision": 1.0,
        "recall": 0.375,
        "f1-score": 0.5454545454545454,
        "support": 8
    },
    "keyboard": {
        "precision": 0.7142857142857143,
        "recall": 1.0,
        "f1-score": 0.8333333333333333,
        "support": 5
    },
    "laptop_computer": {
        "precision": 0.9333333333333333,
        "recall": 0.7368421052631579,
        "f1-score": 0.8235294117647058,
        "support": 19
    },
    "letter_tray": {
        "precision": 0.4166666666666667,
        "recall": 0.45454545454545453,
        "f1-score": 0.43478260869565216,
        "support": 11
    },
    "mobile_phone": {
        "precision": 0.75,
        "recall": 0.34615384615384615,
        "f1-score": 0.4736842105263157,
        "support": 26
    },
    "monitor": {
        "precision": 1.0,
        "recall": 1.0,
        "f1-score": 1.0,
        "support": 17
    },
    "mouse": {
        "precision": 0.16666666666666666,
        "recall": 0.14285714285714285,
        "f1-score": 0.15384615384615383,
        "support": 7
    },
    "mug": {
        "precision": 0.25,
        "recall": 0.6666666666666666,
        "f1-score": 0.36363636363636365,
        "support": 3
    },
    "paper_notebook": {
        "precision": 0.5,
        "recall": 0.8,
        "f1-score": 0.6153846153846154,
        "support": 5
    },
    "pen": {
        "precision": 0.5714285714285714,
        "recall": 0.8,
        "f1-score": 0.6666666666666666,
        "support": 5
    },
    "phone": {
        "precision": 0.8571428571428571,
        "recall": 0.75,
        "f1-score": 0.7999999999999999,
        "support": 8
    },
    "printer": {
        "precision": 0.5454545454545454,
        "recall": 0.6,
        "f1-score": 0.5714285714285713,
        "support": 10
    },
    "projector": {
        "precision": 0.5652173913043478,
        "recall": 0.7222222222222222,
        "f1-score": 0.6341463414634146,
        "support": 18
    },
    "punchers": {
        "precision": 0.5,
        "recall": 0.6153846153846154,
        "f1-score": 0.5517241379310345,
        "support": 13
    },
    "ring_binder": {
        "precision": 0.7142857142857143,
        "recall": 1.0,
        "f1-score": 0.8333333333333333,
        "support": 5
    },
    "ruler": {
        "precision": 0.6666666666666666,
        "recall": 1.0,
        "f1-score": 0.8,
        "support": 2
    },
    "scissors": {
        "precision": 1.0,
        "recall": 0.5384615384615384,
        "f1-score": 0.7000000000000001,
        "support": 13
    },
    "speaker": {
        "precision": 0.6923076923076923,
        "recall": 0.42857142857142855,
        "f1-score": 0.5294117647058824,
        "support": 21
    },
    "stapler": {
        "precision": 0.42857142857142855,
        "recall": 0.375,
        "f1-score": 0.39999999999999997,
        "support": 16
    },
    "tape_dispenser": {
        "precision": 0.5263157894736842,
        "recall": 0.5882352941176471,
        "f1-score": 0.5555555555555555,
        "support": 17
    },
    "trash_can": {
        "precision": 0.6666666666666666,
        "recall": 0.6,
        "f1-score": 0.631578947368421,
        "support": 10
    },
    "accuracy": 0.6793002915451894,
    "macro avg": {
        "precision": 0.6790851529317612,
        "recall": 0.716487685777609,
        "f1-score": 0.6755653203682921,
        "support": 343
    },
    "weighted avg": {
        "precision": 0.7085826304288387,
        "recall": 0.6793002915451894,
        "f1-score": 0.6737409331871531,
        "support": 343
    }
}