{
    "0": {
        "precision": 0.9769696969696969,
        "recall": 0.8224489795918367,
        "f1-score": 0.8930747922437673,
        "support": 980
    },
    "1": {
        "precision": 0.9714285714285714,
        "recall": 0.9885462555066079,
        "f1-score": 0.9799126637554585,
        "support": 1135
    },
    "2": {
        "precision": 0.808455565142364,
        "recall": 0.9079457364341085,
        "f1-score": 0.8553172067549064,
        "support": 1032
    },
    "3": {
        "precision": 0.911340206185567,
        "recall": 0.8752475247524752,
        "f1-score": 0.8929292929292929,
        "support": 1010
    },
    "4": {
        "precision": 0.8693563880883766,
        "recall": 0.9215885947046843,
        "f1-score": 0.8947108255066734,
        "support": 982
    },
    "5": {
        "precision": 0.9065420560747663,
        "recall": 0.8699551569506726,
        "f1-score": 0.8878718535469107,
        "support": 892
    },
    "6": {
        "precision": 0.8363636363636363,
        "recall": 0.9123173277661796,
        "f1-score": 0.872690963554668,
        "support": 958
    },
    "7": {
        "precision": 0.9367231638418079,
        "recall": 0.806420233463035,
        "f1-score": 0.8667015159435442,
        "support": 1028
    },
    "8": {
        "precision": 0.8839285714285714,
        "recall": 0.813141683778234,
        "f1-score": 0.8470588235294116,
        "support": 974
    },
    "9": {
        "precision": 0.7628424657534246,
        "recall": 0.8830525272547076,
        "f1-score": 0.8185576481396417,
        "support": 1009
    },
    "accuracy": 0.8816,
    "macro avg": {
        "precision": 0.8863950321276782,
        "recall": 0.8800664020202541,
        "f1-score": 0.8808825585904273,
        "support": 10000
    },
    "weighted avg": {
        "precision": 0.8871967222779927,
        "recall": 0.8816,
        "f1-score": 0.8820514899568265,
        "support": 10000
    }
}