{
    "0": {
        "precision": 0.9777594728171335,
        "recall": 0.9941373534338358,
        "f1-score": 0.9858803986710963,
        "support": 1194
    },
    "1": {
        "precision": 0.9660194174757282,
        "recall": 0.9900497512437811,
        "f1-score": 0.977886977886978,
        "support": 1005
    },
    "2": {
        "precision": 0.9316596931659693,
        "recall": 0.9138166894664843,
        "f1-score": 0.9226519337016574,
        "support": 731
    },
    "3": {
        "precision": 0.9369501466275659,
        "recall": 0.9711246200607903,
        "f1-score": 0.953731343283582,
        "support": 658
    },
    "4": {
        "precision": 0.9415481832543444,
        "recall": 0.9141104294478528,
        "f1-score": 0.9276264591439689,
        "support": 652
    },
    "5": {
        "precision": 0.9613034623217923,
        "recall": 0.8489208633093526,
        "f1-score": 0.9016236867239732,
        "support": 556
    },
    "6": {
        "precision": 0.9310850439882697,
        "recall": 0.9563253012048193,
        "f1-score": 0.9435364041604755,
        "support": 664
    },
    "7": {
        "precision": 0.836,
        "recall": 0.9720930232558139,
        "f1-score": 0.8989247311827956,
        "support": 645
    },
    "8": {
        "precision": 0.9256637168141593,
        "recall": 0.9649446494464945,
        "f1-score": 0.944896115627823,
        "support": 542
    },
    "9": {
        "precision": 0.9506641366223909,
        "recall": 0.7779503105590062,
        "f1-score": 0.8556789069171649,
        "support": 644
    },
    "accuracy": 0.9385543821149362,
    "macro avg": {
        "precision": 0.9358653273087354,
        "recall": 0.9303472991428231,
        "f1-score": 0.9312436957299515,
        "support": 7291
    },
    "weighted avg": {
        "precision": 0.9402856680196243,
        "recall": 0.9385543821149362,
        "f1-score": 0.9378071803712799,
        "support": 7291
    }
}