{
    "back_pack": {
        "precision": 0.9230769230769231,
        "recall": 1.0,
        "f1-score": 0.9600000000000001,
        "support": 24
    },
    "bike": {
        "precision": 1.0,
        "recall": 1.0,
        "f1-score": 1.0,
        "support": 16
    },
    "bike_helmet": {
        "precision": 1.0,
        "recall": 0.8695652173913043,
        "f1-score": 0.9302325581395349,
        "support": 23
    },
    "bookcase": {
        "precision": 0.75,
        "recall": 0.8571428571428571,
        "f1-score": 0.7999999999999999,
        "support": 7
    },
    "bottle": {
        "precision": 1.0,
        "recall": 1.0,
        "f1-score": 1.0,
        "support": 11
    },
    "calculator": {
        "precision": 0.8214285714285714,
        "recall": 0.8846153846153846,
        "f1-score": 0.8518518518518519,
        "support": 26
    },
    "desk_chair": {
        "precision": 1.0,
        "recall": 1.0,
        "f1-score": 1.0,
        "support": 35
    },
    "desk_lamp": {
        "precision": 0.8666666666666667,
        "recall": 1.0,
        "f1-score": 0.9285714285714286,
        "support": 13
    },
    "desktop_computer": {
        "precision": 0.7222222222222222,
        "recall": 0.8125,
        "f1-score": 0.7647058823529411,
        "support": 16
    },
    "file_cabinet": {
        "precision": 0.9333333333333333,
        "recall": 1.0,
        "f1-score": 0.9655172413793104,
        "support": 14
    },
    "headphones": {
        "precision": 0.7857142857142857,
        "recall": 1.0,
        "f1-score": 0.88,
        "support": 22
    },
    "keyboard": {
        "precision": 0.8636363636363636,
        "recall": 0.8636363636363636,
        "f1-score": 0.8636363636363636,
        "support": 22
    },
    "laptop_computer": {
        "precision": 0.9473684210526315,
        "recall": 0.72,
        "f1-score": 0.8181818181818181,
        "support": 25
    },
    "letter_tray": {
        "precision": 0.8888888888888888,
        "recall": 0.5714285714285714,
        "f1-score": 0.6956521739130435,
        "support": 14
    },
    "mobile_phone": {
        "precision": 0.6,
        "recall": 0.48,
        "f1-score": 0.5333333333333332,
        "support": 25
    },
    "monitor": {
        "precision": 0.868421052631579,
        "recall": 0.868421052631579,
        "f1-score": 0.868421052631579,
        "support": 38
    },
    "mouse": {
        "precision": 1.0,
        "recall": 0.48,
        "f1-score": 0.6486486486486487,
        "support": 25
    },
    "mug": {
        "precision": 0.9166666666666666,
        "recall": 1.0,
        "f1-score": 0.9565217391304348,
        "support": 22
    },
    "paper_notebook": {
        "precision": 0.8636363636363636,
        "recall": 0.8260869565217391,
        "f1-score": 0.8444444444444444,
        "support": 23
    },
    "pen": {
        "precision": 0.6190476190476191,
        "recall": 0.9629629629629629,
        "f1-score": 0.7536231884057971,
        "support": 27
    },
    "phone": {
        "precision": 0.8333333333333334,
        "recall": 0.9090909090909091,
        "f1-score": 0.8695652173913043,
        "support": 11
    },
    "printer": {
        "precision": 0.5789473684210527,
        "recall": 0.7333333333333333,
        "f1-score": 0.6470588235294117,
        "support": 15
    },
    "projector": {
        "precision": 0.6666666666666666,
        "recall": 0.48,
        "f1-score": 0.5581395348837209,
        "support": 25
    },
    "punchers": {
        "precision": 0.6818181818181818,
        "recall": 0.6818181818181818,
        "f1-score": 0.6818181818181818,
        "support": 22
    },
    "ring_binder": {
        "precision": 0.8055555555555556,
        "recall": 0.8285714285714286,
        "f1-score": 0.8169014084507044,
        "support": 35
    },
    "ruler": {
        "precision": 0.3333333333333333,
        "recall": 0.5,
        "f1-score": 0.4,
        "support": 6
    },
    "scissors": {
        "precision": 1.0,
        "recall": 0.65,
        "f1-score": 0.787878787878788,
        "support": 20
    },
    "speaker": {
        "precision": 0.92,
        "recall": 0.92,
        "f1-score": 0.92,
        "support": 25
    },
    "stapler": {
        "precision": 0.75,
        "recall": 0.47368421052631576,
        "f1-score": 0.5806451612903226,
        "support": 19
    },
    "tape_dispenser": {
        "precision": 0.43243243243243246,
        "recall": 0.8888888888888888,
        "f1-score": 0.5818181818181818,
        "support": 18
    },
    "trash_can": {
        "precision": 0.8888888888888888,
        "recall": 0.5,
        "f1-score": 0.64,
        "support": 16
    },
    "accuracy": 0.8046875,
    "macro avg": {
        "precision": 0.8148736496274697,
        "recall": 0.7987660102761232,
        "f1-score": 0.7918440974735854,
        "support": 640
    },
    "weighted avg": {
        "precision": 0.829338797204751,
        "recall": 0.8046875,
        "f1-score": 0.8025670493275026,
        "support": 640
    }
}