{
    "back_pack": {
        "precision": 1.0,
        "recall": 1.0,
        "f1-score": 1.0,
        "support": 7
    },
    "bike": {
        "precision": 0.9411764705882353,
        "recall": 1.0,
        "f1-score": 0.9696969696969697,
        "support": 16
    },
    "bike_helmet": {
        "precision": 0.7307692307692307,
        "recall": 1.0,
        "f1-score": 0.8444444444444443,
        "support": 19
    },
    "bookcase": {
        "precision": 0.2631578947368421,
        "recall": 0.7142857142857143,
        "f1-score": 0.3846153846153846,
        "support": 7
    },
    "bottle": {
        "precision": 1.0,
        "recall": 1.0,
        "f1-score": 1.0,
        "support": 11
    },
    "calculator": {
        "precision": 0.4,
        "recall": 0.8571428571428571,
        "f1-score": 0.5454545454545455,
        "support": 7
    },
    "desk_chair": {
        "precision": 1.0,
        "recall": 1.0,
        "f1-score": 1.0,
        "support": 8
    },
    "desk_lamp": {
        "precision": 0.8571428571428571,
        "recall": 0.6666666666666666,
        "f1-score": 0.75,
        "support": 9
    },
    "desktop_computer": {
        "precision": 0.5,
        "recall": 0.4,
        "f1-score": 0.4444444444444445,
        "support": 10
    },
    "file_cabinet": {
        "precision": 0.875,
        "recall": 0.7,
        "f1-score": 0.7777777777777777,
        "support": 10
    },
    "headphones": {
        "precision": 0.7,
        "recall": 0.875,
        "f1-score": 0.7777777777777777,
        "support": 8
    },
    "keyboard": {
        "precision": 0.5,
        "recall": 0.4,
        "f1-score": 0.4444444444444445,
        "support": 5
    },
    "laptop_computer": {
        "precision": 1.0,
        "recall": 0.631578947368421,
        "f1-score": 0.7741935483870968,
        "support": 19
    },
    "letter_tray": {
        "precision": 0.7142857142857143,
        "recall": 0.45454545454545453,
        "f1-score": 0.5555555555555556,
        "support": 11
    },
    "mobile_phone": {
        "precision": 0.8333333333333334,
        "recall": 0.38461538461538464,
        "f1-score": 0.5263157894736842,
        "support": 26
    },
    "monitor": {
        "precision": 0.8947368421052632,
        "recall": 1.0,
        "f1-score": 0.9444444444444444,
        "support": 17
    },
    "mouse": {
        "precision": 0.6666666666666666,
        "recall": 0.5714285714285714,
        "f1-score": 0.6153846153846153,
        "support": 7
    },
    "mug": {
        "precision": 1.0,
        "recall": 0.6666666666666666,
        "f1-score": 0.8,
        "support": 3
    },
    "paper_notebook": {
        "precision": 0.25,
        "recall": 1.0,
        "f1-score": 0.4,
        "support": 5
    },
    "pen": {
        "precision": 1.0,
        "recall": 0.4,
        "f1-score": 0.5714285714285715,
        "support": 5
    },
    "phone": {
        "precision": 0.625,
        "recall": 0.625,
        "f1-score": 0.625,
        "support": 8
    },
    "printer": {
        "precision": 0.8571428571428571,
        "recall": 0.6,
        "f1-score": 0.7058823529411764,
        "support": 10
    },
    "projector": {
        "precision": 0.7142857142857143,
        "recall": 0.5555555555555556,
        "f1-score": 0.6250000000000001,
        "support": 18
    },
    "punchers": {
        "precision": 0.625,
        "recall": 0.7692307692307693,
        "f1-score": 0.6896551724137931,
        "support": 13
    },
    "ring_binder": {
        "precision": 0.6,
        "recall": 0.6,
        "f1-score": 0.6,
        "support": 5
    },
    "ruler": {
        "precision": 0.25,
        "recall": 1.0,
        "f1-score": 0.4,
        "support": 2
    },
    "scissors": {
        "precision": 1.0,
        "recall": 0.5384615384615384,
        "f1-score": 0.7000000000000001,
        "support": 13
    },
    "speaker": {
        "precision": 0.6363636363636364,
        "recall": 0.6666666666666666,
        "f1-score": 0.6511627906976744,
        "support": 21
    },
    "stapler": {
        "precision": 0.14285714285714285,
        "recall": 0.0625,
        "f1-score": 0.08695652173913043,
        "support": 16
    },
    "tape_dispenser": {
        "precision": 0.7777777777777778,
        "recall": 0.8235294117647058,
        "f1-score": 0.7999999999999999,
        "support": 17
    },
    "trash_can": {
        "precision": 0.7272727272727273,
        "recall": 0.8,
        "f1-score": 0.761904761904762,
        "support": 10
    },
    "accuracy": 0.685131195335277,
    "macro avg": {
        "precision": 0.7123215763009033,
        "recall": 0.7020282001419025,
        "f1-score": 0.6700496746137513,
        "support": 343
    },
    "weighted avg": {
        "precision": 0.740521002829761,
        "recall": 0.685131195335277,
        "f1-score": 0.6853389307762114,
        "support": 343
    }
}