{
    "back_pack": {
        "precision": 0.95,
        "recall": 0.8735632183908046,
        "f1-score": 0.9101796407185629,
        "support": 87
    },
    "bike": {
        "precision": 0.9605263157894737,
        "recall": 0.948051948051948,
        "f1-score": 0.9542483660130718,
        "support": 77
    },
    "bike_helmet": {
        "precision": 0.7763157894736842,
        "recall": 0.8805970149253731,
        "f1-score": 0.8251748251748251,
        "support": 67
    },
    "bookcase": {
        "precision": 0.45323741007194246,
        "recall": 0.8181818181818182,
        "f1-score": 0.5833333333333334,
        "support": 77
    },
    "bottle": {
        "precision": 0.36363636363636365,
        "recall": 0.5161290322580645,
        "f1-score": 0.4266666666666667,
        "support": 31
    },
    "calculator": {
        "precision": 0.7211538461538461,
        "recall": 0.8426966292134831,
        "f1-score": 0.7772020725388602,
        "support": 89
    },
    "desk_chair": {
        "precision": 0.8928571428571429,
        "recall": 0.872093023255814,
        "f1-score": 0.8823529411764706,
        "support": 86
    },
    "desk_lamp": {
        "precision": 0.864406779661017,
        "recall": 0.5543478260869565,
        "f1-score": 0.675496688741722,
        "support": 92
    },
    "desktop_computer": {
        "precision": 0.13592233009708737,
        "recall": 0.15217391304347827,
        "f1-score": 0.14358974358974358,
        "support": 92
    },
    "file_cabinet": {
        "precision": 0.6031746031746031,
        "recall": 0.5,
        "f1-score": 0.5467625899280575,
        "support": 76
    },
    "headphones": {
        "precision": 0.7685185185185185,
        "recall": 0.8829787234042553,
        "f1-score": 0.8217821782178217,
        "support": 94
    },
    "keyboard": {
        "precision": 0.971830985915493,
        "recall": 0.7263157894736842,
        "f1-score": 0.8313253012048194,
        "support": 95
    },
    "laptop_computer": {
        "precision": 0.7272727272727273,
        "recall": 0.7578947368421053,
        "f1-score": 0.7422680412371135,
        "support": 95
    },
    "letter_tray": {
        "precision": 0.6526315789473685,
        "recall": 0.6666666666666666,
        "f1-score": 0.6595744680851063,
        "support": 93
    },
    "mobile_phone": {
        "precision": 0.5547945205479452,
        "recall": 0.8526315789473684,
        "f1-score": 0.6721991701244813,
        "support": 95
    },
    "monitor": {
        "precision": 0.6417910447761194,
        "recall": 0.9148936170212766,
        "f1-score": 0.7543859649122806,
        "support": 94
    },
    "mouse": {
        "precision": 0.675,
        "recall": 0.8526315789473684,
        "f1-score": 0.7534883720930232,
        "support": 95
    },
    "mug": {
        "precision": 0.7604166666666666,
        "recall": 0.8202247191011236,
        "f1-score": 0.7891891891891892,
        "support": 89
    },
    "paper_notebook": {
        "precision": 0.639344262295082,
        "recall": 0.42857142857142855,
        "f1-score": 0.5131578947368421,
        "support": 91
    },
    "pen": {
        "precision": 0.4421052631578947,
        "recall": 0.4666666666666667,
        "f1-score": 0.4540540540540541,
        "support": 90
    },
    "phone": {
        "precision": 0.896551724137931,
        "recall": 0.5909090909090909,
        "f1-score": 0.7123287671232877,
        "support": 88
    },
    "printer": {
        "precision": 0.7619047619047619,
        "recall": 0.5052631578947369,
        "f1-score": 0.6075949367088607,
        "support": 95
    },
    "projector": {
        "precision": 0.8225806451612904,
        "recall": 0.5483870967741935,
        "f1-score": 0.6580645161290322,
        "support": 93
    },
    "punchers": {
        "precision": 0.44,
        "recall": 0.23655913978494625,
        "f1-score": 0.3076923076923077,
        "support": 93
    },
    "ring_binder": {
        "precision": 0.3467741935483871,
        "recall": 0.5058823529411764,
        "f1-score": 0.4114832535885168,
        "support": 85
    },
    "ruler": {
        "precision": 0.5833333333333334,
        "recall": 0.6,
        "f1-score": 0.591549295774648,
        "support": 70
    },
    "scissors": {
        "precision": 0.3983739837398374,
        "recall": 0.5157894736842106,
        "f1-score": 0.4495412844036697,
        "support": 95
    },
    "speaker": {
        "precision": 0.6666666666666666,
        "recall": 0.2127659574468085,
        "f1-score": 0.3225806451612903,
        "support": 94
    },
    "stapler": {
        "precision": 0.5942028985507246,
        "recall": 0.43617021276595747,
        "f1-score": 0.5030674846625767,
        "support": 94
    },
    "tape_dispenser": {
        "precision": 0.31,
        "recall": 0.34065934065934067,
        "f1-score": 0.32460732984293195,
        "support": 91
    },
    "trash_can": {
        "precision": 0.3793103448275862,
        "recall": 0.3728813559322034,
        "f1-score": 0.376068376068376,
        "support": 59
    },
    "accuracy": 0.6194590533433508,
    "macro avg": {
        "precision": 0.6372462806736612,
        "recall": 0.6191153905755598,
        "f1-score": 0.6122906354481145,
        "support": 2662
    },
    "weighted avg": {
        "precision": 0.6449116909447528,
        "recall": 0.6194590533433508,
        "f1-score": 0.6156795798266846,
        "support": 2662
    }
}