{
    "back_pack": {
        "precision": 0.8191489361702128,
        "recall": 0.8850574712643678,
        "f1-score": 0.850828729281768,
        "support": 87
    },
    "bike": {
        "precision": 1.0,
        "recall": 0.948051948051948,
        "f1-score": 0.9733333333333333,
        "support": 77
    },
    "bike_helmet": {
        "precision": 0.7162162162162162,
        "recall": 0.7910447761194029,
        "f1-score": 0.7517730496453902,
        "support": 67
    },
    "bookcase": {
        "precision": 0.4744525547445255,
        "recall": 0.8441558441558441,
        "f1-score": 0.6074766355140186,
        "support": 77
    },
    "bottle": {
        "precision": 0.4117647058823529,
        "recall": 0.45161290322580644,
        "f1-score": 0.4307692307692308,
        "support": 31
    },
    "calculator": {
        "precision": 0.9090909090909091,
        "recall": 0.898876404494382,
        "f1-score": 0.9039548022598869,
        "support": 89
    },
    "desk_chair": {
        "precision": 0.6837606837606838,
        "recall": 0.9302325581395349,
        "f1-score": 0.7881773399014778,
        "support": 86
    },
    "desk_lamp": {
        "precision": 0.8169014084507042,
        "recall": 0.6304347826086957,
        "f1-score": 0.7116564417177915,
        "support": 92
    },
    "desktop_computer": {
        "precision": 0.21621621621621623,
        "recall": 0.08695652173913043,
        "f1-score": 0.12403100775193798,
        "support": 92
    },
    "file_cabinet": {
        "precision": 0.7884615384615384,
        "recall": 0.5394736842105263,
        "f1-score": 0.640625,
        "support": 76
    },
    "headphones": {
        "precision": 0.7522123893805309,
        "recall": 0.9042553191489362,
        "f1-score": 0.8212560386473429,
        "support": 94
    },
    "keyboard": {
        "precision": 0.9868421052631579,
        "recall": 0.7894736842105263,
        "f1-score": 0.8771929824561403,
        "support": 95
    },
    "laptop_computer": {
        "precision": 0.8181818181818182,
        "recall": 0.7578947368421053,
        "f1-score": 0.7868852459016393,
        "support": 95
    },
    "letter_tray": {
        "precision": 0.7142857142857143,
        "recall": 0.4838709677419355,
        "f1-score": 0.5769230769230769,
        "support": 93
    },
    "mobile_phone": {
        "precision": 0.5723684210526315,
        "recall": 0.9157894736842105,
        "f1-score": 0.7044534412955464,
        "support": 95
    },
    "monitor": {
        "precision": 0.7747747747747747,
        "recall": 0.9148936170212766,
        "f1-score": 0.8390243902439024,
        "support": 94
    },
    "mouse": {
        "precision": 0.5763888888888888,
        "recall": 0.8736842105263158,
        "f1-score": 0.6945606694560669,
        "support": 95
    },
    "mug": {
        "precision": 0.8928571428571429,
        "recall": 0.5617977528089888,
        "f1-score": 0.6896551724137933,
        "support": 89
    },
    "paper_notebook": {
        "precision": 0.8181818181818182,
        "recall": 0.3956043956043956,
        "f1-score": 0.5333333333333333,
        "support": 91
    },
    "pen": {
        "precision": 0.5394736842105263,
        "recall": 0.45555555555555555,
        "f1-score": 0.49397590361445787,
        "support": 90
    },
    "phone": {
        "precision": 0.9032258064516129,
        "recall": 0.6363636363636364,
        "f1-score": 0.7466666666666666,
        "support": 88
    },
    "printer": {
        "precision": 0.863013698630137,
        "recall": 0.6631578947368421,
        "f1-score": 0.75,
        "support": 95
    },
    "projector": {
        "precision": 0.8840579710144928,
        "recall": 0.6559139784946236,
        "f1-score": 0.7530864197530863,
        "support": 93
    },
    "punchers": {
        "precision": 0.7096774193548387,
        "recall": 0.23655913978494625,
        "f1-score": 0.3548387096774194,
        "support": 93
    },
    "ring_binder": {
        "precision": 0.30666666666666664,
        "recall": 0.5411764705882353,
        "f1-score": 0.3914893617021276,
        "support": 85
    },
    "ruler": {
        "precision": 0.6923076923076923,
        "recall": 0.5142857142857142,
        "f1-score": 0.5901639344262295,
        "support": 70
    },
    "scissors": {
        "precision": 0.3509933774834437,
        "recall": 0.5578947368421052,
        "f1-score": 0.43089430894308944,
        "support": 95
    },
    "speaker": {
        "precision": 0.4925373134328358,
        "recall": 0.35106382978723405,
        "f1-score": 0.40993788819875776,
        "support": 94
    },
    "stapler": {
        "precision": 0.40336134453781514,
        "recall": 0.5106382978723404,
        "f1-score": 0.4507042253521127,
        "support": 94
    },
    "tape_dispenser": {
        "precision": 0.4492753623188406,
        "recall": 0.34065934065934067,
        "f1-score": 0.3875,
        "support": 91
    },
    "trash_can": {
        "precision": 0.25210084033613445,
        "recall": 0.5084745762711864,
        "f1-score": 0.33707865168539325,
        "support": 59
    },
    "accuracy": 0.6341096919609316,
    "macro avg": {
        "precision": 0.6641547554388668,
        "recall": 0.6314485233174223,
        "f1-score": 0.6258789029311296,
        "support": 2662
    },
    "weighted avg": {
        "precision": 0.6727314314221482,
        "recall": 0.6341096919609316,
        "f1-score": 0.6310761714997112,
        "support": 2662
    }
}