{
    "back_pack": {
        "precision": 0.81,
        "recall": 0.9310344827586207,
        "f1-score": 0.8663101604278076,
        "support": 87
    },
    "bike": {
        "precision": 0.9135802469135802,
        "recall": 0.961038961038961,
        "f1-score": 0.9367088607594937,
        "support": 77
    },
    "bike_helmet": {
        "precision": 0.8518518518518519,
        "recall": 0.6865671641791045,
        "f1-score": 0.7603305785123967,
        "support": 67
    },
    "bookcase": {
        "precision": 0.41509433962264153,
        "recall": 0.8571428571428571,
        "f1-score": 0.559322033898305,
        "support": 77
    },
    "bottle": {
        "precision": 0.2962962962962963,
        "recall": 0.5161290322580645,
        "f1-score": 0.3764705882352941,
        "support": 31
    },
    "calculator": {
        "precision": 0.7676767676767676,
        "recall": 0.8539325842696629,
        "f1-score": 0.8085106382978724,
        "support": 89
    },
    "desk_chair": {
        "precision": 0.6349206349206349,
        "recall": 0.9302325581395349,
        "f1-score": 0.7547169811320754,
        "support": 86
    },
    "desk_lamp": {
        "precision": 0.7966101694915254,
        "recall": 0.5108695652173914,
        "f1-score": 0.6225165562913908,
        "support": 92
    },
    "desktop_computer": {
        "precision": 0.07692307692307693,
        "recall": 0.03260869565217391,
        "f1-score": 0.04580152671755725,
        "support": 92
    },
    "file_cabinet": {
        "precision": 0.6818181818181818,
        "recall": 0.39473684210526316,
        "f1-score": 0.5,
        "support": 76
    },
    "headphones": {
        "precision": 0.7155963302752294,
        "recall": 0.8297872340425532,
        "f1-score": 0.768472906403941,
        "support": 94
    },
    "keyboard": {
        "precision": 0.8118811881188119,
        "recall": 0.8631578947368421,
        "f1-score": 0.8367346938775511,
        "support": 95
    },
    "laptop_computer": {
        "precision": 0.6271186440677966,
        "recall": 0.7789473684210526,
        "f1-score": 0.6948356807511737,
        "support": 95
    },
    "letter_tray": {
        "precision": 0.6933333333333334,
        "recall": 0.5591397849462365,
        "f1-score": 0.6190476190476191,
        "support": 93
    },
    "mobile_phone": {
        "precision": 0.5303030303030303,
        "recall": 0.7368421052631579,
        "f1-score": 0.6167400881057268,
        "support": 95
    },
    "monitor": {
        "precision": 0.7669902912621359,
        "recall": 0.8404255319148937,
        "f1-score": 0.8020304568527918,
        "support": 94
    },
    "mouse": {
        "precision": 0.7319587628865979,
        "recall": 0.7473684210526316,
        "f1-score": 0.7395833333333333,
        "support": 95
    },
    "mug": {
        "precision": 0.9787234042553191,
        "recall": 0.5168539325842697,
        "f1-score": 0.676470588235294,
        "support": 89
    },
    "paper_notebook": {
        "precision": 0.4435483870967742,
        "recall": 0.6043956043956044,
        "f1-score": 0.5116279069767442,
        "support": 91
    },
    "pen": {
        "precision": 0.366412213740458,
        "recall": 0.5333333333333333,
        "f1-score": 0.43438914027149317,
        "support": 90
    },
    "phone": {
        "precision": 0.9622641509433962,
        "recall": 0.5795454545454546,
        "f1-score": 0.723404255319149,
        "support": 88
    },
    "printer": {
        "precision": 0.9423076923076923,
        "recall": 0.5157894736842106,
        "f1-score": 0.6666666666666667,
        "support": 95
    },
    "projector": {
        "precision": 0.5849056603773585,
        "recall": 0.6666666666666666,
        "f1-score": 0.6231155778894473,
        "support": 93
    },
    "punchers": {
        "precision": 0.24096385542168675,
        "recall": 0.21505376344086022,
        "f1-score": 0.22727272727272724,
        "support": 93
    },
    "ring_binder": {
        "precision": 0.3870967741935484,
        "recall": 0.5647058823529412,
        "f1-score": 0.45933014354066987,
        "support": 85
    },
    "ruler": {
        "precision": 0.7916666666666666,
        "recall": 0.5428571428571428,
        "f1-score": 0.6440677966101694,
        "support": 70
    },
    "scissors": {
        "precision": 0.4025974025974026,
        "recall": 0.3263157894736842,
        "f1-score": 0.36046511627906974,
        "support": 95
    },
    "speaker": {
        "precision": 0.4788732394366197,
        "recall": 0.3617021276595745,
        "f1-score": 0.41212121212121217,
        "support": 94
    },
    "stapler": {
        "precision": 0.44339622641509435,
        "recall": 0.5,
        "f1-score": 0.47000000000000003,
        "support": 94
    },
    "tape_dispenser": {
        "precision": 0.5,
        "recall": 0.0989010989010989,
        "f1-score": 0.1651376146788991,
        "support": 91
    },
    "trash_can": {
        "precision": 0.2777777777777778,
        "recall": 0.3389830508474576,
        "f1-score": 0.3053435114503817,
        "support": 59
    },
    "accuracy": 0.5946656649135988,
    "macro avg": {
        "precision": 0.6104027934513317,
        "recall": 0.5933891743187517,
        "f1-score": 0.5802433858050403,
        "support": 2662
    },
    "weighted avg": {
        "precision": 0.6165324708993573,
        "recall": 0.5946656649135988,
        "f1-score": 0.5842769980326351,
        "support": 2662
    }
}