{
    "back_pack": {
        "precision": 1.0,
        "recall": 1.0,
        "f1-score": 1.0,
        "support": 24
    },
    "bike": {
        "precision": 1.0,
        "recall": 1.0,
        "f1-score": 1.0,
        "support": 16
    },
    "bike_helmet": {
        "precision": 1.0,
        "recall": 0.9565217391304348,
        "f1-score": 0.9777777777777777,
        "support": 23
    },
    "bookcase": {
        "precision": 1.0,
        "recall": 1.0,
        "f1-score": 1.0,
        "support": 7
    },
    "bottle": {
        "precision": 1.0,
        "recall": 1.0,
        "f1-score": 1.0,
        "support": 11
    },
    "calculator": {
        "precision": 0.896551724137931,
        "recall": 1.0,
        "f1-score": 0.9454545454545454,
        "support": 26
    },
    "desk_chair": {
        "precision": 1.0,
        "recall": 1.0,
        "f1-score": 1.0,
        "support": 35
    },
    "desk_lamp": {
        "precision": 1.0,
        "recall": 1.0,
        "f1-score": 1.0,
        "support": 13
    },
    "desktop_computer": {
        "precision": 0.8125,
        "recall": 0.8125,
        "f1-score": 0.8125,
        "support": 16
    },
    "file_cabinet": {
        "precision": 0.8235294117647058,
        "recall": 1.0,
        "f1-score": 0.9032258064516129,
        "support": 14
    },
    "headphones": {
        "precision": 1.0,
        "recall": 1.0,
        "f1-score": 1.0,
        "support": 22
    },
    "keyboard": {
        "precision": 1.0,
        "recall": 0.9090909090909091,
        "f1-score": 0.9523809523809523,
        "support": 22
    },
    "laptop_computer": {
        "precision": 1.0,
        "recall": 0.96,
        "f1-score": 0.9795918367346939,
        "support": 25
    },
    "letter_tray": {
        "precision": 1.0,
        "recall": 0.9285714285714286,
        "f1-score": 0.962962962962963,
        "support": 14
    },
    "mobile_phone": {
        "precision": 0.7037037037037037,
        "recall": 0.76,
        "f1-score": 0.7307692307692308,
        "support": 25
    },
    "monitor": {
        "precision": 0.9736842105263158,
        "recall": 0.9736842105263158,
        "f1-score": 0.9736842105263158,
        "support": 38
    },
    "mouse": {
        "precision": 0.9615384615384616,
        "recall": 1.0,
        "f1-score": 0.9803921568627451,
        "support": 25
    },
    "mug": {
        "precision": 1.0,
        "recall": 1.0,
        "f1-score": 1.0,
        "support": 22
    },
    "paper_notebook": {
        "precision": 0.9565217391304348,
        "recall": 0.9565217391304348,
        "f1-score": 0.9565217391304348,
        "support": 23
    },
    "pen": {
        "precision": 0.8,
        "recall": 0.8888888888888888,
        "f1-score": 0.8421052631578948,
        "support": 27
    },
    "phone": {
        "precision": 1.0,
        "recall": 1.0,
        "f1-score": 1.0,
        "support": 11
    },
    "printer": {
        "precision": 0.9333333333333333,
        "recall": 0.9333333333333333,
        "f1-score": 0.9333333333333333,
        "support": 15
    },
    "projector": {
        "precision": 1.0,
        "recall": 0.68,
        "f1-score": 0.8095238095238095,
        "support": 25
    },
    "punchers": {
        "precision": 0.9411764705882353,
        "recall": 0.7272727272727273,
        "f1-score": 0.8205128205128205,
        "support": 22
    },
    "ring_binder": {
        "precision": 0.8611111111111112,
        "recall": 0.8857142857142857,
        "f1-score": 0.8732394366197184,
        "support": 35
    },
    "ruler": {
        "precision": 0.5,
        "recall": 0.8333333333333334,
        "f1-score": 0.625,
        "support": 6
    },
    "scissors": {
        "precision": 0.8947368421052632,
        "recall": 0.85,
        "f1-score": 0.8717948717948718,
        "support": 20
    },
    "speaker": {
        "precision": 0.9583333333333334,
        "recall": 0.92,
        "f1-score": 0.9387755102040817,
        "support": 25
    },
    "stapler": {
        "precision": 1.0,
        "recall": 0.9473684210526315,
        "f1-score": 0.972972972972973,
        "support": 19
    },
    "tape_dispenser": {
        "precision": 0.8181818181818182,
        "recall": 1.0,
        "f1-score": 0.9,
        "support": 18
    },
    "trash_can": {
        "precision": 0.875,
        "recall": 0.875,
        "f1-score": 0.875,
        "support": 16
    },
    "accuracy": 0.9265625,
    "macro avg": {
        "precision": 0.92612587611144,
        "recall": 0.9289613230982169,
        "f1-score": 0.9237909431345411,
        "support": 640
    },
    "weighted avg": {
        "precision": 0.9335873826060747,
        "recall": 0.9265625,
        "f1-score": 0.9271092699341803,
        "support": 640
    }
}