{
    "0": {
        "precision": 0.9810074318744839,
        "recall": 0.9949748743718593,
        "f1-score": 0.987941787941788,
        "support": 1194
    },
    "1": {
        "precision": 0.9689621726479146,
        "recall": 0.9940298507462687,
        "f1-score": 0.981335952848723,
        "support": 1005
    },
    "2": {
        "precision": 0.9754098360655737,
        "recall": 0.9767441860465116,
        "f1-score": 0.9760765550239234,
        "support": 731
    },
    "3": {
        "precision": 0.9922360248447205,
        "recall": 0.9711246200607903,
        "f1-score": 0.9815668202764977,
        "support": 658
    },
    "4": {
        "precision": 0.9717425431711146,
        "recall": 0.9493865030674846,
        "f1-score": 0.9604344453064391,
        "support": 652
    },
    "5": {
        "precision": 0.9723247232472325,
        "recall": 0.947841726618705,
        "f1-score": 0.9599271402550092,
        "support": 556
    },
    "6": {
        "precision": 0.9835082458770614,
        "recall": 0.9879518072289156,
        "f1-score": 0.9857250187828701,
        "support": 664
    },
    "7": {
        "precision": 0.8868194842406877,
        "recall": 0.9596899224806201,
        "f1-score": 0.9218168279970215,
        "support": 645
    },
    "8": {
        "precision": 0.9779411764705882,
        "recall": 0.981549815498155,
        "f1-score": 0.9797421731123388,
        "support": 542
    },
    "9": {
        "precision": 0.9606837606837607,
        "recall": 0.8726708074534162,
        "f1-score": 0.9145646867371848,
        "support": 644
    },
    "accuracy": 0.9676313262926897,
    "macro avg": {
        "precision": 0.9670635399123139,
        "recall": 0.9635964113572726,
        "f1-score": 0.9649131408281797,
        "support": 7291
    },
    "weighted avg": {
        "precision": 0.9681808994759414,
        "recall": 0.9676313262926897,
        "f1-score": 0.9675276351415454,
        "support": 7291
    }
}