{
    "0": {
        "precision": 0.9881856540084388,
        "recall": 0.9807370184254607,
        "f1-score": 0.9844472467423288,
        "support": 1194
    },
    "1": {
        "precision": 0.9908069458631257,
        "recall": 0.9651741293532339,
        "f1-score": 0.9778225806451614,
        "support": 1005
    },
    "2": {
        "precision": 0.9175738724727839,
        "recall": 0.8071135430916553,
        "f1-score": 0.858806404657933,
        "support": 731
    },
    "3": {
        "precision": 0.9,
        "recall": 0.9027355623100304,
        "f1-score": 0.9013657056145676,
        "support": 658
    },
    "4": {
        "precision": 0.9426877470355731,
        "recall": 0.7315950920245399,
        "f1-score": 0.8238341968911916,
        "support": 652
    },
    "5": {
        "precision": 0.8402154398563735,
        "recall": 0.841726618705036,
        "f1-score": 0.8409703504043128,
        "support": 556
    },
    "6": {
        "precision": 0.8298701298701299,
        "recall": 0.9623493975903614,
        "f1-score": 0.8912133891213389,
        "support": 664
    },
    "7": {
        "precision": 0.67170626349892,
        "recall": 0.9643410852713178,
        "f1-score": 0.7918523233609166,
        "support": 645
    },
    "8": {
        "precision": 0.8916083916083916,
        "recall": 0.940959409594096,
        "f1-score": 0.9156193895870736,
        "support": 542
    },
    "9": {
        "precision": 0.8174442190669371,
        "recall": 0.6257763975155279,
        "f1-score": 0.7088830255057167,
        "support": 644
    },
    "accuracy": 0.8838293786860513,
    "macro avg": {
        "precision": 0.8790098663280673,
        "recall": 0.872250825388126,
        "f1-score": 0.8694814612530541,
        "support": 7291
    },
    "weighted avg": {
        "precision": 0.8934801096426943,
        "recall": 0.8838293786860513,
        "f1-score": 0.8831496433935199,
        "support": 7291
    }
}