{
    "back_pack": {
        "precision": 0.75,
        "recall": 0.8571428571428571,
        "f1-score": 0.7999999999999999,
        "support": 7
    },
    "bike": {
        "precision": 1.0,
        "recall": 1.0,
        "f1-score": 1.0,
        "support": 16
    },
    "bike_helmet": {
        "precision": 0.8947368421052632,
        "recall": 0.8947368421052632,
        "f1-score": 0.8947368421052632,
        "support": 19
    },
    "bookcase": {
        "precision": 0.8571428571428571,
        "recall": 0.8571428571428571,
        "f1-score": 0.8571428571428571,
        "support": 7
    },
    "bottle": {
        "precision": 1.0,
        "recall": 1.0,
        "f1-score": 1.0,
        "support": 11
    },
    "calculator": {
        "precision": 0.75,
        "recall": 0.8571428571428571,
        "f1-score": 0.7999999999999999,
        "support": 7
    },
    "desk_chair": {
        "precision": 1.0,
        "recall": 1.0,
        "f1-score": 1.0,
        "support": 8
    },
    "desk_lamp": {
        "precision": 1.0,
        "recall": 1.0,
        "f1-score": 1.0,
        "support": 9
    },
    "desktop_computer": {
        "precision": 0.4375,
        "recall": 0.7,
        "f1-score": 0.5384615384615384,
        "support": 10
    },
    "file_cabinet": {
        "precision": 0.875,
        "recall": 0.7,
        "f1-score": 0.7777777777777777,
        "support": 10
    },
    "headphones": {
        "precision": 1.0,
        "recall": 1.0,
        "f1-score": 1.0,
        "support": 8
    },
    "keyboard": {
        "precision": 0.7142857142857143,
        "recall": 1.0,
        "f1-score": 0.8333333333333333,
        "support": 5
    },
    "laptop_computer": {
        "precision": 1.0,
        "recall": 0.47368421052631576,
        "f1-score": 0.6428571428571429,
        "support": 19
    },
    "letter_tray": {
        "precision": 0.5333333333333333,
        "recall": 0.7272727272727273,
        "f1-score": 0.6153846153846153,
        "support": 11
    },
    "mobile_phone": {
        "precision": 0.9285714285714286,
        "recall": 0.5,
        "f1-score": 0.65,
        "support": 26
    },
    "monitor": {
        "precision": 1.0,
        "recall": 0.7058823529411765,
        "f1-score": 0.8275862068965517,
        "support": 17
    },
    "mouse": {
        "precision": 0.75,
        "recall": 0.8571428571428571,
        "f1-score": 0.7999999999999999,
        "support": 7
    },
    "mug": {
        "precision": 1.0,
        "recall": 1.0,
        "f1-score": 1.0,
        "support": 3
    },
    "paper_notebook": {
        "precision": 0.5714285714285714,
        "recall": 0.8,
        "f1-score": 0.6666666666666666,
        "support": 5
    },
    "pen": {
        "precision": 0.625,
        "recall": 1.0,
        "f1-score": 0.7692307692307693,
        "support": 5
    },
    "phone": {
        "precision": 0.6363636363636364,
        "recall": 0.875,
        "f1-score": 0.7368421052631579,
        "support": 8
    },
    "printer": {
        "precision": 0.5625,
        "recall": 0.9,
        "f1-score": 0.6923076923076923,
        "support": 10
    },
    "projector": {
        "precision": 0.75,
        "recall": 0.6666666666666666,
        "f1-score": 0.7058823529411765,
        "support": 18
    },
    "punchers": {
        "precision": 0.6363636363636364,
        "recall": 0.5384615384615384,
        "f1-score": 0.5833333333333334,
        "support": 13
    },
    "ring_binder": {
        "precision": 0.5,
        "recall": 0.8,
        "f1-score": 0.6153846153846154,
        "support": 5
    },
    "ruler": {
        "precision": 1.0,
        "recall": 0.5,
        "f1-score": 0.6666666666666666,
        "support": 2
    },
    "scissors": {
        "precision": 0.9285714285714286,
        "recall": 1.0,
        "f1-score": 0.962962962962963,
        "support": 13
    },
    "speaker": {
        "precision": 0.75,
        "recall": 0.5714285714285714,
        "f1-score": 0.6486486486486486,
        "support": 21
    },
    "stapler": {
        "precision": 0.5454545454545454,
        "recall": 0.75,
        "f1-score": 0.631578947368421,
        "support": 16
    },
    "tape_dispenser": {
        "precision": 0.6111111111111112,
        "recall": 0.6470588235294118,
        "f1-score": 0.6285714285714287,
        "support": 17
    },
    "trash_can": {
        "precision": 0.5555555555555556,
        "recall": 0.5,
        "f1-score": 0.5263157894736842,
        "support": 10
    },
    "accuracy": 0.7551020408163265,
    "macro avg": {
        "precision": 0.7794489890415188,
        "recall": 0.7960891342420355,
        "f1-score": 0.7700539449283326,
        "support": 343
    },
    "weighted avg": {
        "precision": 0.7927693217051818,
        "recall": 0.7551020408163265,
        "f1-score": 0.7550221292988455,
        "support": 343
    }
}