{
    "back_pack": {
        "precision": 1.0,
        "recall": 1.0,
        "f1-score": 1.0,
        "support": 24
    },
    "bike": {
        "precision": 1.0,
        "recall": 1.0,
        "f1-score": 1.0,
        "support": 16
    },
    "bike_helmet": {
        "precision": 1.0,
        "recall": 1.0,
        "f1-score": 1.0,
        "support": 23
    },
    "bookcase": {
        "precision": 0.7777777777777778,
        "recall": 1.0,
        "f1-score": 0.8750000000000001,
        "support": 7
    },
    "bottle": {
        "precision": 1.0,
        "recall": 1.0,
        "f1-score": 1.0,
        "support": 11
    },
    "calculator": {
        "precision": 0.8620689655172413,
        "recall": 0.9615384615384616,
        "f1-score": 0.9090909090909091,
        "support": 26
    },
    "desk_chair": {
        "precision": 1.0,
        "recall": 1.0,
        "f1-score": 1.0,
        "support": 35
    },
    "desk_lamp": {
        "precision": 1.0,
        "recall": 1.0,
        "f1-score": 1.0,
        "support": 13
    },
    "desktop_computer": {
        "precision": 0.8,
        "recall": 1.0,
        "f1-score": 0.888888888888889,
        "support": 16
    },
    "file_cabinet": {
        "precision": 1.0,
        "recall": 1.0,
        "f1-score": 1.0,
        "support": 14
    },
    "headphones": {
        "precision": 1.0,
        "recall": 1.0,
        "f1-score": 1.0,
        "support": 22
    },
    "keyboard": {
        "precision": 1.0,
        "recall": 0.9090909090909091,
        "f1-score": 0.9523809523809523,
        "support": 22
    },
    "laptop_computer": {
        "precision": 1.0,
        "recall": 0.88,
        "f1-score": 0.9361702127659575,
        "support": 25
    },
    "letter_tray": {
        "precision": 0.8571428571428571,
        "recall": 0.8571428571428571,
        "f1-score": 0.8571428571428571,
        "support": 14
    },
    "mobile_phone": {
        "precision": 0.9,
        "recall": 0.72,
        "f1-score": 0.7999999999999999,
        "support": 25
    },
    "monitor": {
        "precision": 0.972972972972973,
        "recall": 0.9473684210526315,
        "f1-score": 0.9599999999999999,
        "support": 38
    },
    "mouse": {
        "precision": 1.0,
        "recall": 0.88,
        "f1-score": 0.9361702127659575,
        "support": 25
    },
    "mug": {
        "precision": 1.0,
        "recall": 1.0,
        "f1-score": 1.0,
        "support": 22
    },
    "paper_notebook": {
        "precision": 0.7666666666666667,
        "recall": 1.0,
        "f1-score": 0.8679245283018869,
        "support": 23
    },
    "pen": {
        "precision": 0.8064516129032258,
        "recall": 0.9259259259259259,
        "f1-score": 0.8620689655172414,
        "support": 27
    },
    "phone": {
        "precision": 1.0,
        "recall": 0.9090909090909091,
        "f1-score": 0.9523809523809523,
        "support": 11
    },
    "printer": {
        "precision": 1.0,
        "recall": 1.0,
        "f1-score": 1.0,
        "support": 15
    },
    "projector": {
        "precision": 0.8333333333333334,
        "recall": 0.6,
        "f1-score": 0.6976744186046512,
        "support": 25
    },
    "punchers": {
        "precision": 0.75,
        "recall": 0.8181818181818182,
        "f1-score": 0.7826086956521738,
        "support": 22
    },
    "ring_binder": {
        "precision": 0.8709677419354839,
        "recall": 0.7714285714285715,
        "f1-score": 0.8181818181818182,
        "support": 35
    },
    "ruler": {
        "precision": 0.6,
        "recall": 0.5,
        "f1-score": 0.5454545454545454,
        "support": 6
    },
    "scissors": {
        "precision": 1.0,
        "recall": 0.9,
        "f1-score": 0.9473684210526316,
        "support": 20
    },
    "speaker": {
        "precision": 0.84,
        "recall": 0.84,
        "f1-score": 0.8399999999999999,
        "support": 25
    },
    "stapler": {
        "precision": 0.7083333333333334,
        "recall": 0.8947368421052632,
        "f1-score": 0.7906976744186046,
        "support": 19
    },
    "tape_dispenser": {
        "precision": 0.8095238095238095,
        "recall": 0.9444444444444444,
        "f1-score": 0.8717948717948718,
        "support": 18
    },
    "trash_can": {
        "precision": 0.8666666666666667,
        "recall": 0.8125,
        "f1-score": 0.8387096774193549,
        "support": 16
    },
    "accuracy": 0.90625,
    "macro avg": {
        "precision": 0.9039324431539797,
        "recall": 0.9055306180645739,
        "f1-score": 0.9009583419940083,
        "support": 640
    },
    "weighted avg": {
        "precision": 0.9122693285548282,
        "recall": 0.90625,
        "f1-score": 0.9056084743592852,
        "support": 640
    }
}