{
    "0": {
        "precision": 0.949171270718232,
        "recall": 0.8765306122448979,
        "f1-score": 0.9114058355437665,
        "support": 980
    },
    "1": {
        "precision": 0.97789566755084,
        "recall": 0.9744493392070485,
        "f1-score": 0.9761694616063549,
        "support": 1135
    },
    "2": {
        "precision": 0.8683712121212122,
        "recall": 0.8885658914728682,
        "f1-score": 0.8783524904214559,
        "support": 1032
    },
    "3": {
        "precision": 0.8671726755218216,
        "recall": 0.904950495049505,
        "f1-score": 0.8856589147286823,
        "support": 1010
    },
    "4": {
        "precision": 0.9203539823008849,
        "recall": 0.8472505091649695,
        "f1-score": 0.8822905620360552,
        "support": 982
    },
    "5": {
        "precision": 0.8389057750759878,
        "recall": 0.9282511210762332,
        "f1-score": 0.8813198509845662,
        "support": 892
    },
    "6": {
        "precision": 0.872784150156413,
        "recall": 0.8736951983298539,
        "f1-score": 0.8732394366197184,
        "support": 958
    },
    "7": {
        "precision": 0.9600456621004566,
        "recall": 0.8180933852140078,
        "f1-score": 0.8834033613445379,
        "support": 1028
    },
    "8": {
        "precision": 0.9010638297872341,
        "recall": 0.8696098562628337,
        "f1-score": 0.8850574712643678,
        "support": 974
    },
    "9": {
        "precision": 0.7853535353535354,
        "recall": 0.9246778989098117,
        "f1-score": 0.8493400091033227,
        "support": 1009
    },
    "accuracy": 0.8914,
    "macro avg": {
        "precision": 0.8941117760686617,
        "recall": 0.8906074306932028,
        "f1-score": 0.8906237393652828,
        "support": 10000
    },
    "weighted avg": {
        "precision": 0.8957306527021048,
        "recall": 0.8914,
        "f1-score": 0.8918384052685276,
        "support": 10000
    }
}