{
    "back_pack": {
        "precision": 1.0,
        "recall": 1.0,
        "f1-score": 1.0,
        "support": 7
    },
    "bike": {
        "precision": 1.0,
        "recall": 1.0,
        "f1-score": 1.0,
        "support": 16
    },
    "bike_helmet": {
        "precision": 0.95,
        "recall": 1.0,
        "f1-score": 0.9743589743589743,
        "support": 19
    },
    "bookcase": {
        "precision": 1.0,
        "recall": 0.5714285714285714,
        "f1-score": 0.7272727272727273,
        "support": 7
    },
    "bottle": {
        "precision": 0.8461538461538461,
        "recall": 1.0,
        "f1-score": 0.9166666666666666,
        "support": 11
    },
    "calculator": {
        "precision": 1.0,
        "recall": 0.7142857142857143,
        "f1-score": 0.8333333333333333,
        "support": 7
    },
    "desk_chair": {
        "precision": 1.0,
        "recall": 1.0,
        "f1-score": 1.0,
        "support": 8
    },
    "desk_lamp": {
        "precision": 1.0,
        "recall": 0.7777777777777778,
        "f1-score": 0.8750000000000001,
        "support": 9
    },
    "desktop_computer": {
        "precision": 0.8333333333333334,
        "recall": 0.5,
        "f1-score": 0.625,
        "support": 10
    },
    "file_cabinet": {
        "precision": 0.75,
        "recall": 0.9,
        "f1-score": 0.8181818181818182,
        "support": 10
    },
    "headphones": {
        "precision": 1.0,
        "recall": 0.875,
        "f1-score": 0.9333333333333333,
        "support": 8
    },
    "keyboard": {
        "precision": 0.6666666666666666,
        "recall": 0.8,
        "f1-score": 0.7272727272727272,
        "support": 5
    },
    "laptop_computer": {
        "precision": 0.9473684210526315,
        "recall": 0.9473684210526315,
        "f1-score": 0.9473684210526315,
        "support": 19
    },
    "letter_tray": {
        "precision": 0.8181818181818182,
        "recall": 0.8181818181818182,
        "f1-score": 0.8181818181818182,
        "support": 11
    },
    "mobile_phone": {
        "precision": 0.95,
        "recall": 0.7307692307692307,
        "f1-score": 0.8260869565217392,
        "support": 26
    },
    "monitor": {
        "precision": 0.8095238095238095,
        "recall": 1.0,
        "f1-score": 0.8947368421052632,
        "support": 17
    },
    "mouse": {
        "precision": 0.7777777777777778,
        "recall": 1.0,
        "f1-score": 0.8750000000000001,
        "support": 7
    },
    "mug": {
        "precision": 0.75,
        "recall": 1.0,
        "f1-score": 0.8571428571428571,
        "support": 3
    },
    "paper_notebook": {
        "precision": 0.5555555555555556,
        "recall": 1.0,
        "f1-score": 0.7142857142857143,
        "support": 5
    },
    "pen": {
        "precision": 0.5,
        "recall": 0.6,
        "f1-score": 0.5454545454545454,
        "support": 5
    },
    "phone": {
        "precision": 0.8,
        "recall": 1.0,
        "f1-score": 0.888888888888889,
        "support": 8
    },
    "printer": {
        "precision": 0.7777777777777778,
        "recall": 0.7,
        "f1-score": 0.7368421052631577,
        "support": 10
    },
    "projector": {
        "precision": 0.8421052631578947,
        "recall": 0.8888888888888888,
        "f1-score": 0.8648648648648649,
        "support": 18
    },
    "punchers": {
        "precision": 0.875,
        "recall": 0.5384615384615384,
        "f1-score": 0.6666666666666667,
        "support": 13
    },
    "ring_binder": {
        "precision": 0.5,
        "recall": 0.8,
        "f1-score": 0.6153846153846154,
        "support": 5
    },
    "ruler": {
        "precision": 0.3333333333333333,
        "recall": 0.5,
        "f1-score": 0.4,
        "support": 2
    },
    "scissors": {
        "precision": 1.0,
        "recall": 0.8461538461538461,
        "f1-score": 0.9166666666666666,
        "support": 13
    },
    "speaker": {
        "precision": 0.95,
        "recall": 0.9047619047619048,
        "f1-score": 0.9268292682926829,
        "support": 21
    },
    "stapler": {
        "precision": 0.52,
        "recall": 0.8125,
        "f1-score": 0.6341463414634146,
        "support": 16
    },
    "tape_dispenser": {
        "precision": 1.0,
        "recall": 0.7058823529411765,
        "f1-score": 0.8275862068965517,
        "support": 17
    },
    "trash_can": {
        "precision": 0.875,
        "recall": 0.7,
        "f1-score": 0.7777777777777777,
        "support": 10
    },
    "accuracy": 0.8396501457725948,
    "macro avg": {
        "precision": 0.8267025033069175,
        "recall": 0.8268212924097775,
        "f1-score": 0.8117525850751431,
        "support": 343
    },
    "weighted avg": {
        "precision": 0.8683843298535641,
        "recall": 0.8396501457725948,
        "f1-score": 0.841335327536082,
        "support": 343
    }
}