{
    "back_pack": {
        "precision": 1.0,
        "recall": 1.0,
        "f1-score": 1.0,
        "support": 24
    },
    "bike": {
        "precision": 0.9411764705882353,
        "recall": 1.0,
        "f1-score": 0.9696969696969697,
        "support": 16
    },
    "bike_helmet": {
        "precision": 1.0,
        "recall": 0.782608695652174,
        "f1-score": 0.878048780487805,
        "support": 23
    },
    "bookcase": {
        "precision": 0.875,
        "recall": 1.0,
        "f1-score": 0.9333333333333333,
        "support": 7
    },
    "bottle": {
        "precision": 0.7333333333333333,
        "recall": 1.0,
        "f1-score": 0.846153846153846,
        "support": 11
    },
    "calculator": {
        "precision": 0.8620689655172413,
        "recall": 0.9615384615384616,
        "f1-score": 0.9090909090909091,
        "support": 26
    },
    "desk_chair": {
        "precision": 1.0,
        "recall": 0.9714285714285714,
        "f1-score": 0.9855072463768115,
        "support": 35
    },
    "desk_lamp": {
        "precision": 0.9166666666666666,
        "recall": 0.8461538461538461,
        "f1-score": 0.8799999999999999,
        "support": 13
    },
    "desktop_computer": {
        "precision": 0.5833333333333334,
        "recall": 0.875,
        "f1-score": 0.7000000000000001,
        "support": 16
    },
    "file_cabinet": {
        "precision": 0.875,
        "recall": 1.0,
        "f1-score": 0.9333333333333333,
        "support": 14
    },
    "headphones": {
        "precision": 1.0,
        "recall": 1.0,
        "f1-score": 1.0,
        "support": 22
    },
    "keyboard": {
        "precision": 1.0,
        "recall": 0.5,
        "f1-score": 0.6666666666666666,
        "support": 22
    },
    "laptop_computer": {
        "precision": 1.0,
        "recall": 0.72,
        "f1-score": 0.8372093023255813,
        "support": 25
    },
    "letter_tray": {
        "precision": 0.8,
        "recall": 0.5714285714285714,
        "f1-score": 0.6666666666666666,
        "support": 14
    },
    "mobile_phone": {
        "precision": 0.5238095238095238,
        "recall": 0.44,
        "f1-score": 0.4782608695652174,
        "support": 25
    },
    "monitor": {
        "precision": 0.9210526315789473,
        "recall": 0.9210526315789473,
        "f1-score": 0.9210526315789473,
        "support": 38
    },
    "mouse": {
        "precision": 0.8461538461538461,
        "recall": 0.88,
        "f1-score": 0.8627450980392156,
        "support": 25
    },
    "mug": {
        "precision": 0.9166666666666666,
        "recall": 1.0,
        "f1-score": 0.9565217391304348,
        "support": 22
    },
    "paper_notebook": {
        "precision": 0.7368421052631579,
        "recall": 0.6086956521739131,
        "f1-score": 0.6666666666666666,
        "support": 23
    },
    "pen": {
        "precision": 0.5609756097560976,
        "recall": 0.8518518518518519,
        "f1-score": 0.6764705882352942,
        "support": 27
    },
    "phone": {
        "precision": 0.6470588235294118,
        "recall": 1.0,
        "f1-score": 0.7857142857142858,
        "support": 11
    },
    "printer": {
        "precision": 0.6111111111111112,
        "recall": 0.7333333333333333,
        "f1-score": 0.6666666666666666,
        "support": 15
    },
    "projector": {
        "precision": 0.8,
        "recall": 0.48,
        "f1-score": 0.6,
        "support": 25
    },
    "punchers": {
        "precision": 0.5,
        "recall": 0.09090909090909091,
        "f1-score": 0.15384615384615385,
        "support": 22
    },
    "ring_binder": {
        "precision": 0.725,
        "recall": 0.8285714285714286,
        "f1-score": 0.7733333333333333,
        "support": 35
    },
    "ruler": {
        "precision": 0.21052631578947367,
        "recall": 0.6666666666666666,
        "f1-score": 0.32,
        "support": 6
    },
    "scissors": {
        "precision": 0.9230769230769231,
        "recall": 0.6,
        "f1-score": 0.7272727272727274,
        "support": 20
    },
    "speaker": {
        "precision": 0.9285714285714286,
        "recall": 0.52,
        "f1-score": 0.6666666666666666,
        "support": 25
    },
    "stapler": {
        "precision": 0.5217391304347826,
        "recall": 0.631578947368421,
        "f1-score": 0.5714285714285715,
        "support": 19
    },
    "tape_dispenser": {
        "precision": 0.4444444444444444,
        "recall": 0.8888888888888888,
        "f1-score": 0.5925925925925926,
        "support": 18
    },
    "trash_can": {
        "precision": 0.8571428571428571,
        "recall": 0.75,
        "f1-score": 0.7999999999999999,
        "support": 16
    },
    "accuracy": 0.771875,
    "macro avg": {
        "precision": 0.7826048447344348,
        "recall": 0.7780550528240054,
        "f1-score": 0.7556434078989903,
        "support": 640
    },
    "weighted avg": {
        "precision": 0.8064052642005354,
        "recall": 0.771875,
        "f1-score": 0.767240706544518,
        "support": 640
    }
}