{
    "back_pack": {
        "precision": 0.7741935483870968,
        "recall": 1.0,
        "f1-score": 0.8727272727272727,
        "support": 24
    },
    "bike": {
        "precision": 1.0,
        "recall": 1.0,
        "f1-score": 1.0,
        "support": 16
    },
    "bike_helmet": {
        "precision": 0.95,
        "recall": 0.8260869565217391,
        "f1-score": 0.8837209302325583,
        "support": 23
    },
    "bookcase": {
        "precision": 0.4117647058823529,
        "recall": 1.0,
        "f1-score": 0.5833333333333334,
        "support": 7
    },
    "bottle": {
        "precision": 1.0,
        "recall": 1.0,
        "f1-score": 1.0,
        "support": 11
    },
    "calculator": {
        "precision": 0.8461538461538461,
        "recall": 0.8461538461538461,
        "f1-score": 0.8461538461538461,
        "support": 26
    },
    "desk_chair": {
        "precision": 1.0,
        "recall": 1.0,
        "f1-score": 1.0,
        "support": 35
    },
    "desk_lamp": {
        "precision": 0.8888888888888888,
        "recall": 0.6153846153846154,
        "f1-score": 0.7272727272727274,
        "support": 13
    },
    "desktop_computer": {
        "precision": 0.6666666666666666,
        "recall": 0.625,
        "f1-score": 0.6451612903225806,
        "support": 16
    },
    "file_cabinet": {
        "precision": 0.9090909090909091,
        "recall": 0.7142857142857143,
        "f1-score": 0.8,
        "support": 14
    },
    "headphones": {
        "precision": 0.9565217391304348,
        "recall": 1.0,
        "f1-score": 0.9777777777777777,
        "support": 22
    },
    "keyboard": {
        "precision": 1.0,
        "recall": 0.8181818181818182,
        "f1-score": 0.9,
        "support": 22
    },
    "laptop_computer": {
        "precision": 1.0,
        "recall": 0.88,
        "f1-score": 0.9361702127659575,
        "support": 25
    },
    "letter_tray": {
        "precision": 0.8571428571428571,
        "recall": 0.42857142857142855,
        "f1-score": 0.5714285714285714,
        "support": 14
    },
    "mobile_phone": {
        "precision": 0.5517241379310345,
        "recall": 0.64,
        "f1-score": 0.5925925925925927,
        "support": 25
    },
    "monitor": {
        "precision": 0.96875,
        "recall": 0.8157894736842105,
        "f1-score": 0.8857142857142857,
        "support": 38
    },
    "mouse": {
        "precision": 0.76,
        "recall": 0.76,
        "f1-score": 0.76,
        "support": 25
    },
    "mug": {
        "precision": 1.0,
        "recall": 1.0,
        "f1-score": 1.0,
        "support": 22
    },
    "paper_notebook": {
        "precision": 0.6875,
        "recall": 0.9565217391304348,
        "f1-score": 0.8,
        "support": 23
    },
    "pen": {
        "precision": 0.627906976744186,
        "recall": 1.0,
        "f1-score": 0.7714285714285715,
        "support": 27
    },
    "phone": {
        "precision": 1.0,
        "recall": 0.8181818181818182,
        "f1-score": 0.9,
        "support": 11
    },
    "printer": {
        "precision": 0.9285714285714286,
        "recall": 0.8666666666666667,
        "f1-score": 0.896551724137931,
        "support": 15
    },
    "projector": {
        "precision": 0.8333333333333334,
        "recall": 0.6,
        "f1-score": 0.6976744186046512,
        "support": 25
    },
    "punchers": {
        "precision": 0.8333333333333334,
        "recall": 0.22727272727272727,
        "f1-score": 0.35714285714285715,
        "support": 22
    },
    "ring_binder": {
        "precision": 0.9393939393939394,
        "recall": 0.8857142857142857,
        "f1-score": 0.9117647058823529,
        "support": 35
    },
    "ruler": {
        "precision": 0.2,
        "recall": 0.16666666666666666,
        "f1-score": 0.1818181818181818,
        "support": 6
    },
    "scissors": {
        "precision": 1.0,
        "recall": 0.6,
        "f1-score": 0.7499999999999999,
        "support": 20
    },
    "speaker": {
        "precision": 0.7037037037037037,
        "recall": 0.76,
        "f1-score": 0.7307692307692308,
        "support": 25
    },
    "stapler": {
        "precision": 0.4666666666666667,
        "recall": 0.3684210526315789,
        "f1-score": 0.4117647058823529,
        "support": 19
    },
    "tape_dispenser": {
        "precision": 0.30612244897959184,
        "recall": 0.8333333333333334,
        "f1-score": 0.44776119402985076,
        "support": 18
    },
    "trash_can": {
        "precision": 1.0,
        "recall": 0.5,
        "f1-score": 0.6666666666666666,
        "support": 16
    },
    "accuracy": 0.784375,
    "macro avg": {
        "precision": 0.8086267461290407,
        "recall": 0.7597494239477706,
        "f1-score": 0.7582385515059403,
        "support": 640
    },
    "weighted avg": {
        "precision": 0.8325328944501844,
        "recall": 0.784375,
        "f1-score": 0.7862757378530495,
        "support": 640
    }
}