{
    "back_pack": {
        "precision": 0.75,
        "recall": 0.8571428571428571,
        "f1-score": 0.7999999999999999,
        "support": 7
    },
    "bike": {
        "precision": 1.0,
        "recall": 0.6875,
        "f1-score": 0.8148148148148148,
        "support": 16
    },
    "bike_helmet": {
        "precision": 1.0,
        "recall": 0.8947368421052632,
        "f1-score": 0.9444444444444444,
        "support": 19
    },
    "bookcase": {
        "precision": 0.6,
        "recall": 0.42857142857142855,
        "f1-score": 0.5,
        "support": 7
    },
    "bottle": {
        "precision": 0.9166666666666666,
        "recall": 1.0,
        "f1-score": 0.9565217391304348,
        "support": 11
    },
    "calculator": {
        "precision": 1.0,
        "recall": 0.42857142857142855,
        "f1-score": 0.6,
        "support": 7
    },
    "desk_chair": {
        "precision": 0.8888888888888888,
        "recall": 1.0,
        "f1-score": 0.9411764705882353,
        "support": 8
    },
    "desk_lamp": {
        "precision": 0.8888888888888888,
        "recall": 0.8888888888888888,
        "f1-score": 0.8888888888888888,
        "support": 9
    },
    "desktop_computer": {
        "precision": 0.2,
        "recall": 0.1,
        "f1-score": 0.13333333333333333,
        "support": 10
    },
    "file_cabinet": {
        "precision": 0.45454545454545453,
        "recall": 1.0,
        "f1-score": 0.625,
        "support": 10
    },
    "headphones": {
        "precision": 0.5,
        "recall": 0.625,
        "f1-score": 0.5555555555555556,
        "support": 8
    },
    "keyboard": {
        "precision": 0.5,
        "recall": 1.0,
        "f1-score": 0.6666666666666666,
        "support": 5
    },
    "laptop_computer": {
        "precision": 1.0,
        "recall": 0.3157894736842105,
        "f1-score": 0.4799999999999999,
        "support": 19
    },
    "letter_tray": {
        "precision": 0.47619047619047616,
        "recall": 0.9090909090909091,
        "f1-score": 0.6249999999999999,
        "support": 11
    },
    "mobile_phone": {
        "precision": 1.0,
        "recall": 0.07692307692307693,
        "f1-score": 0.14285714285714288,
        "support": 26
    },
    "monitor": {
        "precision": 1.0,
        "recall": 0.4117647058823529,
        "f1-score": 0.5833333333333334,
        "support": 17
    },
    "mouse": {
        "precision": 0.6666666666666666,
        "recall": 0.8571428571428571,
        "f1-score": 0.75,
        "support": 7
    },
    "mug": {
        "precision": 0.6,
        "recall": 1.0,
        "f1-score": 0.7499999999999999,
        "support": 3
    },
    "paper_notebook": {
        "precision": 0.25,
        "recall": 0.8,
        "f1-score": 0.38095238095238093,
        "support": 5
    },
    "pen": {
        "precision": 0.5555555555555556,
        "recall": 1.0,
        "f1-score": 0.7142857142857143,
        "support": 5
    },
    "phone": {
        "precision": 0.7777777777777778,
        "recall": 0.875,
        "f1-score": 0.823529411764706,
        "support": 8
    },
    "printer": {
        "precision": 0.5,
        "recall": 0.3,
        "f1-score": 0.37499999999999994,
        "support": 10
    },
    "projector": {
        "precision": 0.5555555555555556,
        "recall": 0.5555555555555556,
        "f1-score": 0.5555555555555556,
        "support": 18
    },
    "punchers": {
        "precision": 0.2727272727272727,
        "recall": 0.46153846153846156,
        "f1-score": 0.3428571428571428,
        "support": 13
    },
    "ring_binder": {
        "precision": 0.125,
        "recall": 0.2,
        "f1-score": 0.15384615384615385,
        "support": 5
    },
    "ruler": {
        "precision": 1.0,
        "recall": 0.5,
        "f1-score": 0.6666666666666666,
        "support": 2
    },
    "scissors": {
        "precision": 0.7058823529411765,
        "recall": 0.9230769230769231,
        "f1-score": 0.8000000000000002,
        "support": 13
    },
    "speaker": {
        "precision": 0.34782608695652173,
        "recall": 0.38095238095238093,
        "f1-score": 0.3636363636363636,
        "support": 21
    },
    "stapler": {
        "precision": 0.7272727272727273,
        "recall": 0.5,
        "f1-score": 0.5925925925925926,
        "support": 16
    },
    "tape_dispenser": {
        "precision": 0.75,
        "recall": 0.7058823529411765,
        "f1-score": 0.7272727272727272,
        "support": 17
    },
    "trash_can": {
        "precision": 0.3125,
        "recall": 0.5,
        "f1-score": 0.38461538461538464,
        "support": 10
    },
    "accuracy": 0.5947521865889213,
    "macro avg": {
        "precision": 0.6555465926010848,
        "recall": 0.6510686497441216,
        "f1-score": 0.6012387897954269,
        "support": 343
    },
    "weighted avg": {
        "precision": 0.696231188019829,
        "recall": 0.5947521865889213,
        "f1-score": 0.5799459589689097,
        "support": 343
    }
}