{
    "back_pack": {
        "precision": 0.5833333333333334,
        "recall": 1.0,
        "f1-score": 0.7368421052631579,
        "support": 7
    },
    "bike": {
        "precision": 1.0,
        "recall": 1.0,
        "f1-score": 1.0,
        "support": 16
    },
    "bike_helmet": {
        "precision": 0.8888888888888888,
        "recall": 0.8421052631578947,
        "f1-score": 0.8648648648648649,
        "support": 19
    },
    "bookcase": {
        "precision": 0.7,
        "recall": 1.0,
        "f1-score": 0.8235294117647058,
        "support": 7
    },
    "bottle": {
        "precision": 0.9166666666666666,
        "recall": 1.0,
        "f1-score": 0.9565217391304348,
        "support": 11
    },
    "calculator": {
        "precision": 0.875,
        "recall": 1.0,
        "f1-score": 0.9333333333333333,
        "support": 7
    },
    "desk_chair": {
        "precision": 1.0,
        "recall": 1.0,
        "f1-score": 1.0,
        "support": 8
    },
    "desk_lamp": {
        "precision": 0.625,
        "recall": 0.5555555555555556,
        "f1-score": 0.5882352941176471,
        "support": 9
    },
    "desktop_computer": {
        "precision": 0.2727272727272727,
        "recall": 0.3,
        "f1-score": 0.28571428571428564,
        "support": 10
    },
    "file_cabinet": {
        "precision": 0.5,
        "recall": 0.8,
        "f1-score": 0.6153846153846154,
        "support": 10
    },
    "headphones": {
        "precision": 0.75,
        "recall": 0.375,
        "f1-score": 0.5,
        "support": 8
    },
    "keyboard": {
        "precision": 0.8333333333333334,
        "recall": 1.0,
        "f1-score": 0.9090909090909091,
        "support": 5
    },
    "laptop_computer": {
        "precision": 1.0,
        "recall": 0.7368421052631579,
        "f1-score": 0.8484848484848484,
        "support": 19
    },
    "letter_tray": {
        "precision": 0.4444444444444444,
        "recall": 0.36363636363636365,
        "f1-score": 0.39999999999999997,
        "support": 11
    },
    "mobile_phone": {
        "precision": 0.6923076923076923,
        "recall": 0.34615384615384615,
        "f1-score": 0.46153846153846156,
        "support": 26
    },
    "monitor": {
        "precision": 1.0,
        "recall": 0.9411764705882353,
        "f1-score": 0.9696969696969697,
        "support": 17
    },
    "mouse": {
        "precision": 0.18181818181818182,
        "recall": 0.2857142857142857,
        "f1-score": 0.2222222222222222,
        "support": 7
    },
    "mug": {
        "precision": 0.3333333333333333,
        "recall": 0.6666666666666666,
        "f1-score": 0.4444444444444444,
        "support": 3
    },
    "paper_notebook": {
        "precision": 0.5555555555555556,
        "recall": 1.0,
        "f1-score": 0.7142857142857143,
        "support": 5
    },
    "pen": {
        "precision": 0.8,
        "recall": 0.8,
        "f1-score": 0.8000000000000002,
        "support": 5
    },
    "phone": {
        "precision": 0.8571428571428571,
        "recall": 0.75,
        "f1-score": 0.7999999999999999,
        "support": 8
    },
    "printer": {
        "precision": 0.5,
        "recall": 0.6,
        "f1-score": 0.5454545454545454,
        "support": 10
    },
    "projector": {
        "precision": 0.5909090909090909,
        "recall": 0.7222222222222222,
        "f1-score": 0.65,
        "support": 18
    },
    "punchers": {
        "precision": 0.3684210526315789,
        "recall": 0.5384615384615384,
        "f1-score": 0.4375,
        "support": 13
    },
    "ring_binder": {
        "precision": 0.8333333333333334,
        "recall": 1.0,
        "f1-score": 0.9090909090909091,
        "support": 5
    },
    "ruler": {
        "precision": 0.6666666666666666,
        "recall": 1.0,
        "f1-score": 0.8,
        "support": 2
    },
    "scissors": {
        "precision": 1.0,
        "recall": 0.6923076923076923,
        "f1-score": 0.8181818181818181,
        "support": 13
    },
    "speaker": {
        "precision": 0.8,
        "recall": 0.38095238095238093,
        "f1-score": 0.5161290322580645,
        "support": 21
    },
    "stapler": {
        "precision": 0.4117647058823529,
        "recall": 0.4375,
        "f1-score": 0.42424242424242425,
        "support": 16
    },
    "tape_dispenser": {
        "precision": 0.625,
        "recall": 0.5882352941176471,
        "f1-score": 0.6060606060606061,
        "support": 17
    },
    "trash_can": {
        "precision": 0.6,
        "recall": 0.6,
        "f1-score": 0.6,
        "support": 10
    },
    "accuracy": 0.673469387755102,
    "macro avg": {
        "precision": 0.684053109966922,
        "recall": 0.7200816027354029,
        "f1-score": 0.6832531791814511,
        "support": 343
    },
    "weighted avg": {
        "precision": 0.7094317911391358,
        "recall": 0.673469387755102,
        "f1-score": 0.6725379801456796,
        "support": 343
    }
}