{
    "back_pack": {
        "precision": 0.5384615384615384,
        "recall": 1.0,
        "f1-score": 0.7000000000000001,
        "support": 7
    },
    "bike": {
        "precision": 0.8888888888888888,
        "recall": 1.0,
        "f1-score": 0.9411764705882353,
        "support": 16
    },
    "bike_helmet": {
        "precision": 0.95,
        "recall": 1.0,
        "f1-score": 0.9743589743589743,
        "support": 19
    },
    "bookcase": {
        "precision": 1.0,
        "recall": 0.5714285714285714,
        "f1-score": 0.7272727272727273,
        "support": 7
    },
    "bottle": {
        "precision": 1.0,
        "recall": 1.0,
        "f1-score": 1.0,
        "support": 11
    },
    "calculator": {
        "precision": 0.3181818181818182,
        "recall": 1.0,
        "f1-score": 0.4827586206896552,
        "support": 7
    },
    "desk_chair": {
        "precision": 0.8888888888888888,
        "recall": 1.0,
        "f1-score": 0.9411764705882353,
        "support": 8
    },
    "desk_lamp": {
        "precision": 1.0,
        "recall": 0.5555555555555556,
        "f1-score": 0.7142857142857143,
        "support": 9
    },
    "desktop_computer": {
        "precision": 0.6,
        "recall": 0.6,
        "f1-score": 0.6,
        "support": 10
    },
    "file_cabinet": {
        "precision": 0.8,
        "recall": 0.8,
        "f1-score": 0.8000000000000002,
        "support": 10
    },
    "headphones": {
        "precision": 1.0,
        "recall": 0.625,
        "f1-score": 0.7692307692307693,
        "support": 8
    },
    "keyboard": {
        "precision": 1.0,
        "recall": 0.2,
        "f1-score": 0.33333333333333337,
        "support": 5
    },
    "laptop_computer": {
        "precision": 0.9375,
        "recall": 0.7894736842105263,
        "f1-score": 0.8571428571428572,
        "support": 19
    },
    "letter_tray": {
        "precision": 0.875,
        "recall": 0.6363636363636364,
        "f1-score": 0.7368421052631579,
        "support": 11
    },
    "mobile_phone": {
        "precision": 1.0,
        "recall": 0.34615384615384615,
        "f1-score": 0.5142857142857142,
        "support": 26
    },
    "monitor": {
        "precision": 0.8947368421052632,
        "recall": 1.0,
        "f1-score": 0.9444444444444444,
        "support": 17
    },
    "mouse": {
        "precision": 0.6,
        "recall": 0.8571428571428571,
        "f1-score": 0.7058823529411764,
        "support": 7
    },
    "mug": {
        "precision": 0.42857142857142855,
        "recall": 1.0,
        "f1-score": 0.6,
        "support": 3
    },
    "paper_notebook": {
        "precision": 0.8333333333333334,
        "recall": 1.0,
        "f1-score": 0.9090909090909091,
        "support": 5
    },
    "pen": {
        "precision": 0.2727272727272727,
        "recall": 0.6,
        "f1-score": 0.37499999999999994,
        "support": 5
    },
    "phone": {
        "precision": 0.5,
        "recall": 0.625,
        "f1-score": 0.5555555555555556,
        "support": 8
    },
    "printer": {
        "precision": 0.47058823529411764,
        "recall": 0.8,
        "f1-score": 0.5925925925925927,
        "support": 10
    },
    "projector": {
        "precision": 0.6818181818181818,
        "recall": 0.8333333333333334,
        "f1-score": 0.7499999999999999,
        "support": 18
    },
    "punchers": {
        "precision": 0.7272727272727273,
        "recall": 0.6153846153846154,
        "f1-score": 0.6666666666666667,
        "support": 13
    },
    "ring_binder": {
        "precision": 0.625,
        "recall": 1.0,
        "f1-score": 0.7692307692307693,
        "support": 5
    },
    "ruler": {
        "precision": 0.2857142857142857,
        "recall": 1.0,
        "f1-score": 0.4444444444444445,
        "support": 2
    },
    "scissors": {
        "precision": 0.8,
        "recall": 0.3076923076923077,
        "f1-score": 0.4444444444444444,
        "support": 13
    },
    "speaker": {
        "precision": 0.7142857142857143,
        "recall": 0.7142857142857143,
        "f1-score": 0.7142857142857143,
        "support": 21
    },
    "stapler": {
        "precision": 0.5,
        "recall": 0.1875,
        "f1-score": 0.2727272727272727,
        "support": 16
    },
    "tape_dispenser": {
        "precision": 0.8125,
        "recall": 0.7647058823529411,
        "f1-score": 0.787878787878788,
        "support": 17
    },
    "trash_can": {
        "precision": 0.6666666666666666,
        "recall": 0.4,
        "f1-score": 0.5,
        "support": 10
    },
    "accuracy": 0.7113702623906706,
    "macro avg": {
        "precision": 0.7293592200712944,
        "recall": 0.7364200001259325,
        "f1-score": 0.6814228293981339,
        "support": 343
    },
    "weighted avg": {
        "precision": 0.7785790984838276,
        "recall": 0.7113702623906706,
        "f1-score": 0.7041031643901701,
        "support": 343
    }
}