{
    "back_pack": {
        "precision": 1.0,
        "recall": 1.0,
        "f1-score": 1.0,
        "support": 24
    },
    "bike": {
        "precision": 1.0,
        "recall": 1.0,
        "f1-score": 1.0,
        "support": 16
    },
    "bike_helmet": {
        "precision": 1.0,
        "recall": 0.9565217391304348,
        "f1-score": 0.9777777777777777,
        "support": 23
    },
    "bookcase": {
        "precision": 1.0,
        "recall": 1.0,
        "f1-score": 1.0,
        "support": 7
    },
    "bottle": {
        "precision": 1.0,
        "recall": 1.0,
        "f1-score": 1.0,
        "support": 11
    },
    "calculator": {
        "precision": 0.8666666666666667,
        "recall": 1.0,
        "f1-score": 0.9285714285714286,
        "support": 26
    },
    "desk_chair": {
        "precision": 1.0,
        "recall": 1.0,
        "f1-score": 1.0,
        "support": 35
    },
    "desk_lamp": {
        "precision": 0.9285714285714286,
        "recall": 1.0,
        "f1-score": 0.962962962962963,
        "support": 13
    },
    "desktop_computer": {
        "precision": 0.9285714285714286,
        "recall": 0.8125,
        "f1-score": 0.8666666666666666,
        "support": 16
    },
    "file_cabinet": {
        "precision": 0.9333333333333333,
        "recall": 1.0,
        "f1-score": 0.9655172413793104,
        "support": 14
    },
    "headphones": {
        "precision": 1.0,
        "recall": 1.0,
        "f1-score": 1.0,
        "support": 22
    },
    "keyboard": {
        "precision": 0.9523809523809523,
        "recall": 0.9090909090909091,
        "f1-score": 0.9302325581395349,
        "support": 22
    },
    "laptop_computer": {
        "precision": 1.0,
        "recall": 0.84,
        "f1-score": 0.9130434782608696,
        "support": 25
    },
    "letter_tray": {
        "precision": 0.9333333333333333,
        "recall": 1.0,
        "f1-score": 0.9655172413793104,
        "support": 14
    },
    "mobile_phone": {
        "precision": 0.875,
        "recall": 0.84,
        "f1-score": 0.8571428571428572,
        "support": 25
    },
    "monitor": {
        "precision": 0.9722222222222222,
        "recall": 0.9210526315789473,
        "f1-score": 0.9459459459459458,
        "support": 38
    },
    "mouse": {
        "precision": 0.96,
        "recall": 0.96,
        "f1-score": 0.96,
        "support": 25
    },
    "mug": {
        "precision": 1.0,
        "recall": 1.0,
        "f1-score": 1.0,
        "support": 22
    },
    "paper_notebook": {
        "precision": 0.8846153846153846,
        "recall": 1.0,
        "f1-score": 0.9387755102040816,
        "support": 23
    },
    "pen": {
        "precision": 0.7777777777777778,
        "recall": 0.7777777777777778,
        "f1-score": 0.7777777777777778,
        "support": 27
    },
    "phone": {
        "precision": 1.0,
        "recall": 0.9090909090909091,
        "f1-score": 0.9523809523809523,
        "support": 11
    },
    "printer": {
        "precision": 1.0,
        "recall": 0.9333333333333333,
        "f1-score": 0.9655172413793104,
        "support": 15
    },
    "projector": {
        "precision": 0.9,
        "recall": 0.72,
        "f1-score": 0.7999999999999999,
        "support": 25
    },
    "punchers": {
        "precision": 0.9333333333333333,
        "recall": 0.6363636363636364,
        "f1-score": 0.7567567567567568,
        "support": 22
    },
    "ring_binder": {
        "precision": 0.9117647058823529,
        "recall": 0.8857142857142857,
        "f1-score": 0.8985507246376812,
        "support": 35
    },
    "ruler": {
        "precision": 0.2857142857142857,
        "recall": 0.6666666666666666,
        "f1-score": 0.4,
        "support": 6
    },
    "scissors": {
        "precision": 1.0,
        "recall": 0.85,
        "f1-score": 0.9189189189189189,
        "support": 20
    },
    "speaker": {
        "precision": 0.9259259259259259,
        "recall": 1.0,
        "f1-score": 0.9615384615384615,
        "support": 25
    },
    "stapler": {
        "precision": 0.7272727272727273,
        "recall": 0.8421052631578947,
        "f1-score": 0.7804878048780488,
        "support": 19
    },
    "tape_dispenser": {
        "precision": 0.7727272727272727,
        "recall": 0.9444444444444444,
        "f1-score": 0.85,
        "support": 18
    },
    "trash_can": {
        "precision": 0.8888888888888888,
        "recall": 1.0,
        "f1-score": 0.9411764705882353,
        "support": 16
    },
    "accuracy": 0.915625,
    "macro avg": {
        "precision": 0.9147774086199133,
        "recall": 0.9162794063338464,
        "f1-score": 0.9101696379769963,
        "support": 640
    },
    "weighted avg": {
        "precision": 0.9272972565458778,
        "recall": 0.915625,
        "f1-score": 0.9177668377611512,
        "support": 640
    }
}