{
    "back_pack": {
        "precision": 0.3181818181818182,
        "recall": 1.0,
        "f1-score": 0.4827586206896552,
        "support": 7
    },
    "bike": {
        "precision": 1.0,
        "recall": 1.0,
        "f1-score": 1.0,
        "support": 16
    },
    "bike_helmet": {
        "precision": 0.9333333333333333,
        "recall": 0.7368421052631579,
        "f1-score": 0.8235294117647058,
        "support": 19
    },
    "bookcase": {
        "precision": 0.4117647058823529,
        "recall": 1.0,
        "f1-score": 0.5833333333333334,
        "support": 7
    },
    "bottle": {
        "precision": 0.7333333333333333,
        "recall": 1.0,
        "f1-score": 0.846153846153846,
        "support": 11
    },
    "calculator": {
        "precision": 0.4666666666666667,
        "recall": 1.0,
        "f1-score": 0.6363636363636364,
        "support": 7
    },
    "desk_chair": {
        "precision": 0.8888888888888888,
        "recall": 1.0,
        "f1-score": 0.9411764705882353,
        "support": 8
    },
    "desk_lamp": {
        "precision": 0.8571428571428571,
        "recall": 0.6666666666666666,
        "f1-score": 0.75,
        "support": 9
    },
    "desktop_computer": {
        "precision": 1.0,
        "recall": 0.6,
        "f1-score": 0.7499999999999999,
        "support": 10
    },
    "file_cabinet": {
        "precision": 0.75,
        "recall": 0.9,
        "f1-score": 0.8181818181818182,
        "support": 10
    },
    "headphones": {
        "precision": 1.0,
        "recall": 0.75,
        "f1-score": 0.8571428571428571,
        "support": 8
    },
    "keyboard": {
        "precision": 0.8333333333333334,
        "recall": 1.0,
        "f1-score": 0.9090909090909091,
        "support": 5
    },
    "laptop_computer": {
        "precision": 1.0,
        "recall": 0.6842105263157895,
        "f1-score": 0.8125000000000001,
        "support": 19
    },
    "letter_tray": {
        "precision": 0.75,
        "recall": 0.5454545454545454,
        "f1-score": 0.631578947368421,
        "support": 11
    },
    "mobile_phone": {
        "precision": 0.8333333333333334,
        "recall": 0.5769230769230769,
        "f1-score": 0.6818181818181818,
        "support": 26
    },
    "monitor": {
        "precision": 0.8947368421052632,
        "recall": 1.0,
        "f1-score": 0.9444444444444444,
        "support": 17
    },
    "mouse": {
        "precision": 0.2222222222222222,
        "recall": 0.5714285714285714,
        "f1-score": 0.32,
        "support": 7
    },
    "mug": {
        "precision": 1.0,
        "recall": 1.0,
        "f1-score": 1.0,
        "support": 3
    },
    "paper_notebook": {
        "precision": 0.6666666666666666,
        "recall": 0.8,
        "f1-score": 0.7272727272727272,
        "support": 5
    },
    "pen": {
        "precision": 0.0,
        "recall": 0.0,
        "f1-score": 0.0,
        "support": 5
    },
    "phone": {
        "precision": 0.7777777777777778,
        "recall": 0.875,
        "f1-score": 0.823529411764706,
        "support": 8
    },
    "printer": {
        "precision": 0.45454545454545453,
        "recall": 0.5,
        "f1-score": 0.47619047619047616,
        "support": 10
    },
    "projector": {
        "precision": 0.6428571428571429,
        "recall": 0.5,
        "f1-score": 0.5625000000000001,
        "support": 18
    },
    "punchers": {
        "precision": 1.0,
        "recall": 0.3076923076923077,
        "f1-score": 0.47058823529411764,
        "support": 13
    },
    "ring_binder": {
        "precision": 0.75,
        "recall": 0.6,
        "f1-score": 0.6666666666666665,
        "support": 5
    },
    "ruler": {
        "precision": 0.16666666666666666,
        "recall": 1.0,
        "f1-score": 0.2857142857142857,
        "support": 2
    },
    "scissors": {
        "precision": 0.9230769230769231,
        "recall": 0.9230769230769231,
        "f1-score": 0.9230769230769231,
        "support": 13
    },
    "speaker": {
        "precision": 0.9166666666666666,
        "recall": 0.5238095238095238,
        "f1-score": 0.6666666666666667,
        "support": 21
    },
    "stapler": {
        "precision": 0.75,
        "recall": 0.5625,
        "f1-score": 0.6428571428571429,
        "support": 16
    },
    "tape_dispenser": {
        "precision": 0.75,
        "recall": 0.7058823529411765,
        "f1-score": 0.7272727272727272,
        "support": 17
    },
    "trash_can": {
        "precision": 1.0,
        "recall": 0.3,
        "f1-score": 0.4615384615384615,
        "support": 10
    },
    "accuracy": 0.7026239067055393,
    "macro avg": {
        "precision": 0.7319740204090549,
        "recall": 0.7299834386958628,
        "f1-score": 0.6845789097179015,
        "support": 343
    },
    "weighted avg": {
        "precision": 0.7933145083701547,
        "recall": 0.7026239067055393,
        "f1-score": 0.7114930385936946,
        "support": 343
    }
}