{
    "back_pack": {
        "precision": 0.8526315789473684,
        "recall": 0.9310344827586207,
        "f1-score": 0.8901098901098902,
        "support": 87
    },
    "bike": {
        "precision": 0.9487179487179487,
        "recall": 0.961038961038961,
        "f1-score": 0.9548387096774195,
        "support": 77
    },
    "bike_helmet": {
        "precision": 0.72,
        "recall": 0.8059701492537313,
        "f1-score": 0.7605633802816901,
        "support": 67
    },
    "bookcase": {
        "precision": 0.38461538461538464,
        "recall": 0.8441558441558441,
        "f1-score": 0.5284552845528455,
        "support": 77
    },
    "bottle": {
        "precision": 0.36585365853658536,
        "recall": 0.4838709677419355,
        "f1-score": 0.4166666666666667,
        "support": 31
    },
    "calculator": {
        "precision": 0.8470588235294118,
        "recall": 0.8089887640449438,
        "f1-score": 0.8275862068965517,
        "support": 89
    },
    "desk_chair": {
        "precision": 0.7619047619047619,
        "recall": 0.9302325581395349,
        "f1-score": 0.837696335078534,
        "support": 86
    },
    "desk_lamp": {
        "precision": 0.8245614035087719,
        "recall": 0.5108695652173914,
        "f1-score": 0.6308724832214765,
        "support": 92
    },
    "desktop_computer": {
        "precision": 0.08333333333333333,
        "recall": 0.043478260869565216,
        "f1-score": 0.057142857142857134,
        "support": 92
    },
    "file_cabinet": {
        "precision": 0.6222222222222222,
        "recall": 0.3684210526315789,
        "f1-score": 0.46280991735537186,
        "support": 76
    },
    "headphones": {
        "precision": 0.8541666666666666,
        "recall": 0.8723404255319149,
        "f1-score": 0.8631578947368421,
        "support": 94
    },
    "keyboard": {
        "precision": 0.8315789473684211,
        "recall": 0.8315789473684211,
        "f1-score": 0.8315789473684211,
        "support": 95
    },
    "laptop_computer": {
        "precision": 0.5905511811023622,
        "recall": 0.7894736842105263,
        "f1-score": 0.6756756756756757,
        "support": 95
    },
    "letter_tray": {
        "precision": 0.7402597402597403,
        "recall": 0.6129032258064516,
        "f1-score": 0.6705882352941177,
        "support": 93
    },
    "mobile_phone": {
        "precision": 0.581081081081081,
        "recall": 0.9052631578947369,
        "f1-score": 0.7078189300411523,
        "support": 95
    },
    "monitor": {
        "precision": 0.6142857142857143,
        "recall": 0.9148936170212766,
        "f1-score": 0.7350427350427351,
        "support": 94
    },
    "mouse": {
        "precision": 0.6535433070866141,
        "recall": 0.8736842105263158,
        "f1-score": 0.7477477477477478,
        "support": 95
    },
    "mug": {
        "precision": 0.8301886792452831,
        "recall": 0.4943820224719101,
        "f1-score": 0.6197183098591549,
        "support": 89
    },
    "paper_notebook": {
        "precision": 0.3829787234042553,
        "recall": 0.5934065934065934,
        "f1-score": 0.46551724137931033,
        "support": 91
    },
    "pen": {
        "precision": 0.30985915492957744,
        "recall": 0.4888888888888889,
        "f1-score": 0.3793103448275862,
        "support": 90
    },
    "phone": {
        "precision": 0.896551724137931,
        "recall": 0.5909090909090909,
        "f1-score": 0.7123287671232877,
        "support": 88
    },
    "printer": {
        "precision": 0.8125,
        "recall": 0.5473684210526316,
        "f1-score": 0.6540880503144655,
        "support": 95
    },
    "projector": {
        "precision": 0.8392857142857143,
        "recall": 0.5053763440860215,
        "f1-score": 0.6308724832214765,
        "support": 93
    },
    "punchers": {
        "precision": 0.5,
        "recall": 0.1935483870967742,
        "f1-score": 0.27906976744186046,
        "support": 93
    },
    "ring_binder": {
        "precision": 0.5416666666666666,
        "recall": 0.3058823529411765,
        "f1-score": 0.39097744360902253,
        "support": 85
    },
    "ruler": {
        "precision": 0.4948453608247423,
        "recall": 0.6857142857142857,
        "f1-score": 0.5748502994011976,
        "support": 70
    },
    "scissors": {
        "precision": 0.3793103448275862,
        "recall": 0.3473684210526316,
        "f1-score": 0.3626373626373626,
        "support": 95
    },
    "speaker": {
        "precision": 0.5,
        "recall": 0.11702127659574468,
        "f1-score": 0.1896551724137931,
        "support": 94
    },
    "stapler": {
        "precision": 0.46601941747572817,
        "recall": 0.5106382978723404,
        "f1-score": 0.4873096446700507,
        "support": 94
    },
    "tape_dispenser": {
        "precision": 0.40789473684210525,
        "recall": 0.34065934065934067,
        "f1-score": 0.37125748502994016,
        "support": 91
    },
    "trash_can": {
        "precision": 0.352112676056338,
        "recall": 0.423728813559322,
        "f1-score": 0.3846153846153846,
        "support": 59
    },
    "accuracy": 0.601427498121713,
    "macro avg": {
        "precision": 0.6125670629633007,
        "recall": 0.6010674325973709,
        "f1-score": 0.5838890210785125,
        "support": 2662
    },
    "weighted avg": {
        "precision": 0.6198729180785232,
        "recall": 0.601427498121713,
        "f1-score": 0.5871136972170792,
        "support": 2662
    }
}