{
    "back_pack": {
        "precision": 0.7,
        "recall": 1.0,
        "f1-score": 0.8235294117647058,
        "support": 7
    },
    "bike": {
        "precision": 0.9411764705882353,
        "recall": 1.0,
        "f1-score": 0.9696969696969697,
        "support": 16
    },
    "bike_helmet": {
        "precision": 0.8260869565217391,
        "recall": 1.0,
        "f1-score": 0.9047619047619047,
        "support": 19
    },
    "bookcase": {
        "precision": 0.7777777777777778,
        "recall": 1.0,
        "f1-score": 0.8750000000000001,
        "support": 7
    },
    "bottle": {
        "precision": 0.6875,
        "recall": 1.0,
        "f1-score": 0.8148148148148148,
        "support": 11
    },
    "calculator": {
        "precision": 0.5,
        "recall": 0.8571428571428571,
        "f1-score": 0.631578947368421,
        "support": 7
    },
    "desk_chair": {
        "precision": 1.0,
        "recall": 1.0,
        "f1-score": 1.0,
        "support": 8
    },
    "desk_lamp": {
        "precision": 0.7272727272727273,
        "recall": 0.8888888888888888,
        "f1-score": 0.7999999999999999,
        "support": 9
    },
    "desktop_computer": {
        "precision": 0.6666666666666666,
        "recall": 0.2,
        "f1-score": 0.30769230769230765,
        "support": 10
    },
    "file_cabinet": {
        "precision": 0.75,
        "recall": 0.9,
        "f1-score": 0.8181818181818182,
        "support": 10
    },
    "headphones": {
        "precision": 0.8571428571428571,
        "recall": 0.75,
        "f1-score": 0.7999999999999999,
        "support": 8
    },
    "keyboard": {
        "precision": 0.6666666666666666,
        "recall": 0.8,
        "f1-score": 0.7272727272727272,
        "support": 5
    },
    "laptop_computer": {
        "precision": 0.9473684210526315,
        "recall": 0.9473684210526315,
        "f1-score": 0.9473684210526315,
        "support": 19
    },
    "letter_tray": {
        "precision": 1.0,
        "recall": 0.5454545454545454,
        "f1-score": 0.7058823529411764,
        "support": 11
    },
    "mobile_phone": {
        "precision": 0.9230769230769231,
        "recall": 0.46153846153846156,
        "f1-score": 0.6153846153846155,
        "support": 26
    },
    "monitor": {
        "precision": 0.7272727272727273,
        "recall": 0.9411764705882353,
        "f1-score": 0.8205128205128205,
        "support": 17
    },
    "mouse": {
        "precision": 0.7,
        "recall": 1.0,
        "f1-score": 0.8235294117647058,
        "support": 7
    },
    "mug": {
        "precision": 1.0,
        "recall": 1.0,
        "f1-score": 1.0,
        "support": 3
    },
    "paper_notebook": {
        "precision": 0.625,
        "recall": 1.0,
        "f1-score": 0.7692307692307693,
        "support": 5
    },
    "pen": {
        "precision": 0.4444444444444444,
        "recall": 0.8,
        "f1-score": 0.5714285714285714,
        "support": 5
    },
    "phone": {
        "precision": 0.8333333333333334,
        "recall": 0.625,
        "f1-score": 0.7142857142857143,
        "support": 8
    },
    "printer": {
        "precision": 1.0,
        "recall": 0.4,
        "f1-score": 0.5714285714285715,
        "support": 10
    },
    "projector": {
        "precision": 0.8421052631578947,
        "recall": 0.8888888888888888,
        "f1-score": 0.8648648648648649,
        "support": 18
    },
    "punchers": {
        "precision": 1.0,
        "recall": 0.38461538461538464,
        "f1-score": 0.5555555555555556,
        "support": 13
    },
    "ring_binder": {
        "precision": 0.4,
        "recall": 0.8,
        "f1-score": 0.5333333333333333,
        "support": 5
    },
    "ruler": {
        "precision": 0.0,
        "recall": 0.0,
        "f1-score": 0.0,
        "support": 2
    },
    "scissors": {
        "precision": 1.0,
        "recall": 0.6153846153846154,
        "f1-score": 0.761904761904762,
        "support": 13
    },
    "speaker": {
        "precision": 0.6,
        "recall": 0.42857142857142855,
        "f1-score": 0.5,
        "support": 21
    },
    "stapler": {
        "precision": 0.38235294117647056,
        "recall": 0.8125,
        "f1-score": 0.52,
        "support": 16
    },
    "tape_dispenser": {
        "precision": 1.0,
        "recall": 0.6470588235294118,
        "f1-score": 0.7857142857142858,
        "support": 17
    },
    "trash_can": {
        "precision": 0.8333333333333334,
        "recall": 0.5,
        "f1-score": 0.625,
        "support": 10
    },
    "accuracy": 0.7405247813411079,
    "macro avg": {
        "precision": 0.7535025003059492,
        "recall": 0.7481802834082372,
        "f1-score": 0.7147726758372919,
        "support": 343
    },
    "weighted avg": {
        "precision": 0.7975230843495361,
        "recall": 0.7405247813411079,
        "f1-score": 0.7314076184876985,
        "support": 343
    }
}