{
    "back_pack": {
        "precision": 0.9583333333333334,
        "recall": 0.9583333333333334,
        "f1-score": 0.9583333333333334,
        "support": 24
    },
    "bike": {
        "precision": 0.8421052631578947,
        "recall": 1.0,
        "f1-score": 0.9142857142857143,
        "support": 16
    },
    "bike_helmet": {
        "precision": 0.9523809523809523,
        "recall": 0.8695652173913043,
        "f1-score": 0.909090909090909,
        "support": 23
    },
    "bookcase": {
        "precision": 1.0,
        "recall": 0.7142857142857143,
        "f1-score": 0.8333333333333333,
        "support": 7
    },
    "bottle": {
        "precision": 1.0,
        "recall": 1.0,
        "f1-score": 1.0,
        "support": 11
    },
    "calculator": {
        "precision": 0.8571428571428571,
        "recall": 0.9230769230769231,
        "f1-score": 0.888888888888889,
        "support": 26
    },
    "desk_chair": {
        "precision": 1.0,
        "recall": 0.9714285714285714,
        "f1-score": 0.9855072463768115,
        "support": 35
    },
    "desk_lamp": {
        "precision": 0.9230769230769231,
        "recall": 0.9230769230769231,
        "f1-score": 0.9230769230769231,
        "support": 13
    },
    "desktop_computer": {
        "precision": 0.8571428571428571,
        "recall": 0.75,
        "f1-score": 0.7999999999999999,
        "support": 16
    },
    "file_cabinet": {
        "precision": 0.8125,
        "recall": 0.9285714285714286,
        "f1-score": 0.8666666666666666,
        "support": 14
    },
    "headphones": {
        "precision": 1.0,
        "recall": 1.0,
        "f1-score": 1.0,
        "support": 22
    },
    "keyboard": {
        "precision": 0.8888888888888888,
        "recall": 0.36363636363636365,
        "f1-score": 0.5161290322580644,
        "support": 22
    },
    "laptop_computer": {
        "precision": 0.8823529411764706,
        "recall": 0.6,
        "f1-score": 0.7142857142857143,
        "support": 25
    },
    "letter_tray": {
        "precision": 0.42105263157894735,
        "recall": 0.5714285714285714,
        "f1-score": 0.48484848484848486,
        "support": 14
    },
    "mobile_phone": {
        "precision": 0.8333333333333334,
        "recall": 0.4,
        "f1-score": 0.5405405405405406,
        "support": 25
    },
    "monitor": {
        "precision": 0.9473684210526315,
        "recall": 0.9473684210526315,
        "f1-score": 0.9473684210526315,
        "support": 38
    },
    "mouse": {
        "precision": 0.7857142857142857,
        "recall": 0.88,
        "f1-score": 0.830188679245283,
        "support": 25
    },
    "mug": {
        "precision": 0.9166666666666666,
        "recall": 1.0,
        "f1-score": 0.9565217391304348,
        "support": 22
    },
    "paper_notebook": {
        "precision": 0.8,
        "recall": 0.8695652173913043,
        "f1-score": 0.8333333333333333,
        "support": 23
    },
    "pen": {
        "precision": 0.71875,
        "recall": 0.8518518518518519,
        "f1-score": 0.7796610169491525,
        "support": 27
    },
    "phone": {
        "precision": 0.7333333333333333,
        "recall": 1.0,
        "f1-score": 0.846153846153846,
        "support": 11
    },
    "printer": {
        "precision": 0.6363636363636364,
        "recall": 0.9333333333333333,
        "f1-score": 0.7567567567567568,
        "support": 15
    },
    "projector": {
        "precision": 0.52,
        "recall": 0.52,
        "f1-score": 0.52,
        "support": 25
    },
    "punchers": {
        "precision": 0.8333333333333334,
        "recall": 0.22727272727272727,
        "f1-score": 0.35714285714285715,
        "support": 22
    },
    "ring_binder": {
        "precision": 0.723404255319149,
        "recall": 0.9714285714285714,
        "f1-score": 0.8292682926829269,
        "support": 35
    },
    "ruler": {
        "precision": 0.29411764705882354,
        "recall": 0.8333333333333334,
        "f1-score": 0.4347826086956522,
        "support": 6
    },
    "scissors": {
        "precision": 1.0,
        "recall": 0.8,
        "f1-score": 0.888888888888889,
        "support": 20
    },
    "speaker": {
        "precision": 0.75,
        "recall": 0.48,
        "f1-score": 0.5853658536585366,
        "support": 25
    },
    "stapler": {
        "precision": 0.43478260869565216,
        "recall": 0.5263157894736842,
        "f1-score": 0.47619047619047616,
        "support": 19
    },
    "tape_dispenser": {
        "precision": 0.5517241379310345,
        "recall": 0.8888888888888888,
        "f1-score": 0.6808510638297872,
        "support": 18
    },
    "trash_can": {
        "precision": 0.6923076923076923,
        "recall": 0.5625,
        "f1-score": 0.6206896551724138,
        "support": 16
    },
    "accuracy": 0.7828125,
    "macro avg": {
        "precision": 0.7924572902899579,
        "recall": 0.782750360653402,
        "f1-score": 0.7638112992215599,
        "support": 640
    },
    "weighted avg": {
        "precision": 0.8105621963657731,
        "recall": 0.7828125,
        "f1-score": 0.7753631971624287,
        "support": 640
    }
}