{
    "back_pack": {
        "precision": 0.7777777777777778,
        "recall": 1.0,
        "f1-score": 0.8750000000000001,
        "support": 7
    },
    "bike": {
        "precision": 1.0,
        "recall": 0.9375,
        "f1-score": 0.967741935483871,
        "support": 16
    },
    "bike_helmet": {
        "precision": 0.9411764705882353,
        "recall": 0.8421052631578947,
        "f1-score": 0.8888888888888888,
        "support": 19
    },
    "bookcase": {
        "precision": 1.0,
        "recall": 1.0,
        "f1-score": 1.0,
        "support": 7
    },
    "bottle": {
        "precision": 0.7857142857142857,
        "recall": 1.0,
        "f1-score": 0.88,
        "support": 11
    },
    "calculator": {
        "precision": 0.7142857142857143,
        "recall": 0.7142857142857143,
        "f1-score": 0.7142857142857143,
        "support": 7
    },
    "desk_chair": {
        "precision": 1.0,
        "recall": 1.0,
        "f1-score": 1.0,
        "support": 8
    },
    "desk_lamp": {
        "precision": 1.0,
        "recall": 0.6666666666666666,
        "f1-score": 0.8,
        "support": 9
    },
    "desktop_computer": {
        "precision": 0.6666666666666666,
        "recall": 0.8,
        "f1-score": 0.7272727272727272,
        "support": 10
    },
    "file_cabinet": {
        "precision": 1.0,
        "recall": 0.8,
        "f1-score": 0.888888888888889,
        "support": 10
    },
    "headphones": {
        "precision": 0.8888888888888888,
        "recall": 1.0,
        "f1-score": 0.9411764705882353,
        "support": 8
    },
    "keyboard": {
        "precision": 0.625,
        "recall": 1.0,
        "f1-score": 0.7692307692307693,
        "support": 5
    },
    "laptop_computer": {
        "precision": 1.0,
        "recall": 0.631578947368421,
        "f1-score": 0.7741935483870968,
        "support": 19
    },
    "letter_tray": {
        "precision": 0.75,
        "recall": 0.8181818181818182,
        "f1-score": 0.7826086956521738,
        "support": 11
    },
    "mobile_phone": {
        "precision": 0.8823529411764706,
        "recall": 0.5769230769230769,
        "f1-score": 0.6976744186046512,
        "support": 26
    },
    "monitor": {
        "precision": 1.0,
        "recall": 1.0,
        "f1-score": 1.0,
        "support": 17
    },
    "mouse": {
        "precision": 0.6,
        "recall": 0.8571428571428571,
        "f1-score": 0.7058823529411764,
        "support": 7
    },
    "mug": {
        "precision": 0.75,
        "recall": 1.0,
        "f1-score": 0.8571428571428571,
        "support": 3
    },
    "paper_notebook": {
        "precision": 0.625,
        "recall": 1.0,
        "f1-score": 0.7692307692307693,
        "support": 5
    },
    "pen": {
        "precision": 0.14285714285714285,
        "recall": 0.2,
        "f1-score": 0.16666666666666666,
        "support": 5
    },
    "phone": {
        "precision": 1.0,
        "recall": 0.875,
        "f1-score": 0.9333333333333333,
        "support": 8
    },
    "printer": {
        "precision": 0.6,
        "recall": 0.9,
        "f1-score": 0.7200000000000001,
        "support": 10
    },
    "projector": {
        "precision": 0.6842105263157895,
        "recall": 0.7222222222222222,
        "f1-score": 0.7027027027027027,
        "support": 18
    },
    "punchers": {
        "precision": 0.8181818181818182,
        "recall": 0.6923076923076923,
        "f1-score": 0.7500000000000001,
        "support": 13
    },
    "ring_binder": {
        "precision": 0.42857142857142855,
        "recall": 0.6,
        "f1-score": 0.5,
        "support": 5
    },
    "ruler": {
        "precision": 0.4,
        "recall": 1.0,
        "f1-score": 0.5714285714285715,
        "support": 2
    },
    "scissors": {
        "precision": 0.8888888888888888,
        "recall": 0.6153846153846154,
        "f1-score": 0.7272727272727274,
        "support": 13
    },
    "speaker": {
        "precision": 0.5454545454545454,
        "recall": 0.2857142857142857,
        "f1-score": 0.37499999999999994,
        "support": 21
    },
    "stapler": {
        "precision": 0.5714285714285714,
        "recall": 0.75,
        "f1-score": 0.6486486486486486,
        "support": 16
    },
    "tape_dispenser": {
        "precision": 0.8461538461538461,
        "recall": 0.6470588235294118,
        "f1-score": 0.7333333333333334,
        "support": 17
    },
    "trash_can": {
        "precision": 0.3888888888888889,
        "recall": 0.7,
        "f1-score": 0.5,
        "support": 10
    },
    "accuracy": 0.7551020408163265,
    "macro avg": {
        "precision": 0.7523064000593213,
        "recall": 0.7945829671898283,
        "f1-score": 0.7537936780639938,
        "support": 343
    },
    "weighted avg": {
        "precision": 0.7920535486020326,
        "recall": 0.7551020408163265,
        "f1-score": 0.7564073025178525,
        "support": 343
    }
}