{
    "back_pack": {
        "precision": 0.7058823529411765,
        "recall": 1.0,
        "f1-score": 0.8275862068965517,
        "support": 24
    },
    "bike": {
        "precision": 1.0,
        "recall": 1.0,
        "f1-score": 1.0,
        "support": 16
    },
    "bike_helmet": {
        "precision": 0.7857142857142857,
        "recall": 0.9565217391304348,
        "f1-score": 0.8627450980392156,
        "support": 23
    },
    "bookcase": {
        "precision": 1.0,
        "recall": 0.8571428571428571,
        "f1-score": 0.923076923076923,
        "support": 7
    },
    "bottle": {
        "precision": 1.0,
        "recall": 1.0,
        "f1-score": 1.0,
        "support": 11
    },
    "calculator": {
        "precision": 0.9565217391304348,
        "recall": 0.8461538461538461,
        "f1-score": 0.8979591836734695,
        "support": 26
    },
    "desk_chair": {
        "precision": 1.0,
        "recall": 0.9714285714285714,
        "f1-score": 0.9855072463768115,
        "support": 35
    },
    "desk_lamp": {
        "precision": 1.0,
        "recall": 1.0,
        "f1-score": 1.0,
        "support": 13
    },
    "desktop_computer": {
        "precision": 0.6666666666666666,
        "recall": 0.25,
        "f1-score": 0.36363636363636365,
        "support": 16
    },
    "file_cabinet": {
        "precision": 0.7222222222222222,
        "recall": 0.9285714285714286,
        "f1-score": 0.8125000000000001,
        "support": 14
    },
    "headphones": {
        "precision": 0.7407407407407407,
        "recall": 0.9090909090909091,
        "f1-score": 0.8163265306122449,
        "support": 22
    },
    "keyboard": {
        "precision": 0.8421052631578947,
        "recall": 0.7272727272727273,
        "f1-score": 0.7804878048780488,
        "support": 22
    },
    "laptop_computer": {
        "precision": 1.0,
        "recall": 0.72,
        "f1-score": 0.8372093023255813,
        "support": 25
    },
    "letter_tray": {
        "precision": 0.6428571428571429,
        "recall": 0.6428571428571429,
        "f1-score": 0.6428571428571429,
        "support": 14
    },
    "mobile_phone": {
        "precision": 0.9230769230769231,
        "recall": 0.48,
        "f1-score": 0.631578947368421,
        "support": 25
    },
    "monitor": {
        "precision": 1.0,
        "recall": 0.7631578947368421,
        "f1-score": 0.8656716417910448,
        "support": 38
    },
    "mouse": {
        "precision": 0.8666666666666667,
        "recall": 0.52,
        "f1-score": 0.65,
        "support": 25
    },
    "mug": {
        "precision": 0.88,
        "recall": 1.0,
        "f1-score": 0.9361702127659575,
        "support": 22
    },
    "paper_notebook": {
        "precision": 0.425,
        "recall": 0.7391304347826086,
        "f1-score": 0.5396825396825397,
        "support": 23
    },
    "pen": {
        "precision": 0.7714285714285715,
        "recall": 1.0,
        "f1-score": 0.870967741935484,
        "support": 27
    },
    "phone": {
        "precision": 0.7142857142857143,
        "recall": 0.9090909090909091,
        "f1-score": 0.8,
        "support": 11
    },
    "printer": {
        "precision": 0.5454545454545454,
        "recall": 0.8,
        "f1-score": 0.6486486486486486,
        "support": 15
    },
    "projector": {
        "precision": 0.6,
        "recall": 0.24,
        "f1-score": 0.34285714285714286,
        "support": 25
    },
    "punchers": {
        "precision": 0.6470588235294118,
        "recall": 0.5,
        "f1-score": 0.5641025641025642,
        "support": 22
    },
    "ring_binder": {
        "precision": 0.4230769230769231,
        "recall": 0.6285714285714286,
        "f1-score": 0.5057471264367815,
        "support": 35
    },
    "ruler": {
        "precision": 0.14285714285714285,
        "recall": 0.16666666666666666,
        "f1-score": 0.15384615384615383,
        "support": 6
    },
    "scissors": {
        "precision": 1.0,
        "recall": 0.8,
        "f1-score": 0.888888888888889,
        "support": 20
    },
    "speaker": {
        "precision": 0.7777777777777778,
        "recall": 0.84,
        "f1-score": 0.8076923076923077,
        "support": 25
    },
    "stapler": {
        "precision": 0.4166666666666667,
        "recall": 0.5263157894736842,
        "f1-score": 0.46511627906976744,
        "support": 19
    },
    "tape_dispenser": {
        "precision": 0.5416666666666666,
        "recall": 0.7222222222222222,
        "f1-score": 0.619047619047619,
        "support": 18
    },
    "trash_can": {
        "precision": 1.0,
        "recall": 0.1875,
        "f1-score": 0.3157894736842105,
        "support": 16
    },
    "accuracy": 0.7390625,
    "macro avg": {
        "precision": 0.7657331237070186,
        "recall": 0.7300546634578154,
        "f1-score": 0.7211515835545124,
        "support": 640
    },
    "weighted avg": {
        "precision": 0.7784998792619866,
        "recall": 0.7390625,
        "f1-score": 0.7325902493591193,
        "support": 640
    }
}