{
    "back_pack": {
        "precision": 0.967741935483871,
        "recall": 0.6896551724137931,
        "f1-score": 0.8053691275167786,
        "support": 87
    },
    "bike": {
        "precision": 0.8928571428571429,
        "recall": 0.974025974025974,
        "f1-score": 0.9316770186335404,
        "support": 77
    },
    "bike_helmet": {
        "precision": 0.8518518518518519,
        "recall": 0.6865671641791045,
        "f1-score": 0.7603305785123967,
        "support": 67
    },
    "bookcase": {
        "precision": 0.35260115606936415,
        "recall": 0.7922077922077922,
        "f1-score": 0.488,
        "support": 77
    },
    "bottle": {
        "precision": 0.37735849056603776,
        "recall": 0.6451612903225806,
        "f1-score": 0.4761904761904762,
        "support": 31
    },
    "calculator": {
        "precision": 0.7410714285714286,
        "recall": 0.9325842696629213,
        "f1-score": 0.8258706467661691,
        "support": 89
    },
    "desk_chair": {
        "precision": 0.96,
        "recall": 0.8372093023255814,
        "f1-score": 0.8944099378881988,
        "support": 86
    },
    "desk_lamp": {
        "precision": 0.918918918918919,
        "recall": 0.3695652173913043,
        "f1-score": 0.5271317829457364,
        "support": 92
    },
    "desktop_computer": {
        "precision": 0.17886178861788618,
        "recall": 0.2391304347826087,
        "f1-score": 0.20465116279069764,
        "support": 92
    },
    "file_cabinet": {
        "precision": 0.7,
        "recall": 0.3684210526315789,
        "f1-score": 0.48275862068965514,
        "support": 76
    },
    "headphones": {
        "precision": 0.5785714285714286,
        "recall": 0.8617021276595744,
        "f1-score": 0.6923076923076924,
        "support": 94
    },
    "keyboard": {
        "precision": 0.7821782178217822,
        "recall": 0.8315789473684211,
        "f1-score": 0.8061224489795918,
        "support": 95
    },
    "laptop_computer": {
        "precision": 0.6111111111111112,
        "recall": 0.9263157894736842,
        "f1-score": 0.7364016736401674,
        "support": 95
    },
    "letter_tray": {
        "precision": 0.7272727272727273,
        "recall": 0.17204301075268819,
        "f1-score": 0.27826086956521734,
        "support": 93
    },
    "mobile_phone": {
        "precision": 0.8842105263157894,
        "recall": 0.8842105263157894,
        "f1-score": 0.8842105263157894,
        "support": 95
    },
    "monitor": {
        "precision": 0.8777777777777778,
        "recall": 0.8404255319148937,
        "f1-score": 0.858695652173913,
        "support": 94
    },
    "mouse": {
        "precision": 0.6486486486486487,
        "recall": 0.7578947368421053,
        "f1-score": 0.6990291262135923,
        "support": 95
    },
    "mug": {
        "precision": 0.8243243243243243,
        "recall": 0.6853932584269663,
        "f1-score": 0.7484662576687118,
        "support": 89
    },
    "paper_notebook": {
        "precision": 0.47368421052631576,
        "recall": 0.4945054945054945,
        "f1-score": 0.4838709677419355,
        "support": 91
    },
    "pen": {
        "precision": 0.5964912280701754,
        "recall": 0.37777777777777777,
        "f1-score": 0.4625850340136054,
        "support": 90
    },
    "phone": {
        "precision": 0.9047619047619048,
        "recall": 0.6477272727272727,
        "f1-score": 0.7549668874172185,
        "support": 88
    },
    "printer": {
        "precision": 0.9642857142857143,
        "recall": 0.5684210526315789,
        "f1-score": 0.7152317880794701,
        "support": 95
    },
    "projector": {
        "precision": 0.6477272727272727,
        "recall": 0.6129032258064516,
        "f1-score": 0.6298342541436464,
        "support": 93
    },
    "punchers": {
        "precision": 0.09090909090909091,
        "recall": 0.0967741935483871,
        "f1-score": 0.09375000000000001,
        "support": 93
    },
    "ring_binder": {
        "precision": 0.6551724137931034,
        "recall": 0.2235294117647059,
        "f1-score": 0.33333333333333337,
        "support": 85
    },
    "ruler": {
        "precision": 0.37404580152671757,
        "recall": 0.7,
        "f1-score": 0.4875621890547263,
        "support": 70
    },
    "scissors": {
        "precision": 0.35135135135135137,
        "recall": 0.2736842105263158,
        "f1-score": 0.3076923076923077,
        "support": 95
    },
    "speaker": {
        "precision": 0.4666666666666667,
        "recall": 0.44680851063829785,
        "f1-score": 0.45652173913043476,
        "support": 94
    },
    "stapler": {
        "precision": 0.3387096774193548,
        "recall": 0.6702127659574468,
        "f1-score": 0.45,
        "support": 94
    },
    "tape_dispenser": {
        "precision": 0.46551724137931033,
        "recall": 0.2967032967032967,
        "f1-score": 0.3624161073825503,
        "support": 91
    },
    "trash_can": {
        "precision": 0.5652173913043478,
        "recall": 0.4406779661016949,
        "f1-score": 0.4952380952380952,
        "support": 59
    },
    "accuracy": 0.5894064613072878,
    "macro avg": {
        "precision": 0.6377386270806907,
        "recall": 0.5917360250769703,
        "f1-score": 0.5849318161943757,
        "support": 2662
    },
    "weighted avg": {
        "precision": 0.6426877256661936,
        "recall": 0.5894064613072878,
        "f1-score": 0.5864775066351073,
        "support": 2662
    }
}