{
    "0": {
        "precision": 0.9099639855942377,
        "recall": 0.773469387755102,
        "f1-score": 0.8361831218974075,
        "support": 980
    },
    "1": {
        "precision": 0.9173553719008265,
        "recall": 0.9779735682819384,
        "f1-score": 0.9466950959488273,
        "support": 1135
    },
    "2": {
        "precision": 0.9418316831683168,
        "recall": 0.7374031007751938,
        "f1-score": 0.8271739130434782,
        "support": 1032
    },
    "3": {
        "precision": 0.7818021201413428,
        "recall": 0.8762376237623762,
        "f1-score": 0.8263305322128851,
        "support": 1010
    },
    "4": {
        "precision": 0.7851027397260274,
        "recall": 0.9338085539714868,
        "f1-score": 0.8530232558139534,
        "support": 982
    },
    "5": {
        "precision": 0.8691588785046729,
        "recall": 0.8340807174887892,
        "f1-score": 0.851258581235698,
        "support": 892
    },
    "6": {
        "precision": 0.8875,
        "recall": 0.8152400835073069,
        "f1-score": 0.8498367791077258,
        "support": 958
    },
    "7": {
        "precision": 0.8477666362807658,
        "recall": 0.9046692607003891,
        "f1-score": 0.8752941176470589,
        "support": 1028
    },
    "8": {
        "precision": 0.8227848101265823,
        "recall": 0.8008213552361396,
        "f1-score": 0.8116545265348596,
        "support": 974
    },
    "9": {
        "precision": 0.798689138576779,
        "recall": 0.8453914767096135,
        "f1-score": 0.8213769860375542,
        "support": 1009
    },
    "accuracy": 0.8519,
    "macro avg": {
        "precision": 0.8561955364019551,
        "recall": 0.8499095128188335,
        "f1-score": 0.8498826909479448,
        "support": 10000
    },
    "weighted avg": {
        "precision": 0.8569812949383265,
        "recall": 0.8519,
        "f1-score": 0.851245407591203,
        "support": 10000
    }
}