{
    "back_pack": {
        "precision": 0.6666666666666666,
        "recall": 0.8571428571428571,
        "f1-score": 0.75,
        "support": 7
    },
    "bike": {
        "precision": 1.0,
        "recall": 1.0,
        "f1-score": 1.0,
        "support": 16
    },
    "bike_helmet": {
        "precision": 1.0,
        "recall": 0.8421052631578947,
        "f1-score": 0.9142857142857143,
        "support": 19
    },
    "bookcase": {
        "precision": 1.0,
        "recall": 0.42857142857142855,
        "f1-score": 0.6,
        "support": 7
    },
    "bottle": {
        "precision": 1.0,
        "recall": 1.0,
        "f1-score": 1.0,
        "support": 11
    },
    "calculator": {
        "precision": 0.8333333333333334,
        "recall": 0.7142857142857143,
        "f1-score": 0.7692307692307692,
        "support": 7
    },
    "desk_chair": {
        "precision": 1.0,
        "recall": 1.0,
        "f1-score": 1.0,
        "support": 8
    },
    "desk_lamp": {
        "precision": 0.75,
        "recall": 1.0,
        "f1-score": 0.8571428571428571,
        "support": 9
    },
    "desktop_computer": {
        "precision": 0.5454545454545454,
        "recall": 0.6,
        "f1-score": 0.5714285714285713,
        "support": 10
    },
    "file_cabinet": {
        "precision": 0.6923076923076923,
        "recall": 0.9,
        "f1-score": 0.7826086956521738,
        "support": 10
    },
    "headphones": {
        "precision": 0.8888888888888888,
        "recall": 1.0,
        "f1-score": 0.9411764705882353,
        "support": 8
    },
    "keyboard": {
        "precision": 0.625,
        "recall": 1.0,
        "f1-score": 0.7692307692307693,
        "support": 5
    },
    "laptop_computer": {
        "precision": 1.0,
        "recall": 0.7368421052631579,
        "f1-score": 0.8484848484848484,
        "support": 19
    },
    "letter_tray": {
        "precision": 0.5625,
        "recall": 0.8181818181818182,
        "f1-score": 0.6666666666666666,
        "support": 11
    },
    "mobile_phone": {
        "precision": 0.9473684210526315,
        "recall": 0.6923076923076923,
        "f1-score": 0.7999999999999999,
        "support": 26
    },
    "monitor": {
        "precision": 1.0,
        "recall": 0.7058823529411765,
        "f1-score": 0.8275862068965517,
        "support": 17
    },
    "mouse": {
        "precision": 0.6666666666666666,
        "recall": 0.8571428571428571,
        "f1-score": 0.75,
        "support": 7
    },
    "mug": {
        "precision": 1.0,
        "recall": 1.0,
        "f1-score": 1.0,
        "support": 3
    },
    "paper_notebook": {
        "precision": 0.625,
        "recall": 1.0,
        "f1-score": 0.7692307692307693,
        "support": 5
    },
    "pen": {
        "precision": 0.5555555555555556,
        "recall": 1.0,
        "f1-score": 0.7142857142857143,
        "support": 5
    },
    "phone": {
        "precision": 1.0,
        "recall": 0.875,
        "f1-score": 0.9333333333333333,
        "support": 8
    },
    "printer": {
        "precision": 0.6363636363636364,
        "recall": 0.7,
        "f1-score": 0.6666666666666666,
        "support": 10
    },
    "projector": {
        "precision": 0.7,
        "recall": 0.7777777777777778,
        "f1-score": 0.7368421052631577,
        "support": 18
    },
    "punchers": {
        "precision": 0.8181818181818182,
        "recall": 0.6923076923076923,
        "f1-score": 0.7500000000000001,
        "support": 13
    },
    "ring_binder": {
        "precision": 0.375,
        "recall": 0.6,
        "f1-score": 0.4615384615384615,
        "support": 5
    },
    "ruler": {
        "precision": 1.0,
        "recall": 0.5,
        "f1-score": 0.6666666666666666,
        "support": 2
    },
    "scissors": {
        "precision": 0.8666666666666667,
        "recall": 1.0,
        "f1-score": 0.9285714285714286,
        "support": 13
    },
    "speaker": {
        "precision": 0.9444444444444444,
        "recall": 0.8095238095238095,
        "f1-score": 0.8717948717948718,
        "support": 21
    },
    "stapler": {
        "precision": 0.5217391304347826,
        "recall": 0.75,
        "f1-score": 0.6153846153846153,
        "support": 16
    },
    "tape_dispenser": {
        "precision": 0.75,
        "recall": 0.5294117647058824,
        "f1-score": 0.6206896551724139,
        "support": 17
    },
    "trash_can": {
        "precision": 1.0,
        "recall": 0.5,
        "f1-score": 0.6666666666666666,
        "support": 10
    },
    "accuracy": 0.7900874635568513,
    "macro avg": {
        "precision": 0.8055205634199137,
        "recall": 0.8027897784938632,
        "f1-score": 0.7822423394897393,
        "support": 343
    },
    "weighted avg": {
        "precision": 0.8306853730830988,
        "recall": 0.7900874635568513,
        "f1-score": 0.7931735969105957,
        "support": 343
    }
}