{
    "0": {
        "precision": 0.8076062639821029,
        "recall": 0.9908508691674291,
        "f1-score": 0.8898931799506985,
        "support": 1093
    },
    "1": {
        "precision": 0.9626334519572953,
        "recall": 0.989935956084172,
        "f1-score": 0.9760938204781235,
        "support": 1093
    },
    "2": {
        "precision": 0.9432799013563502,
        "recall": 0.6999085086916743,
        "f1-score": 0.8035714285714286,
        "support": 1093
    },
    "3": {
        "precision": 0.763519706691109,
        "recall": 0.7621225983531564,
        "f1-score": 0.7628205128205129,
        "support": 1093
    },
    "4": {
        "precision": 0.9138099902056807,
        "recall": 0.8536139066788655,
        "f1-score": 0.8826868495742668,
        "support": 1093
    },
    "5": {
        "precision": 0.7766179540709812,
        "recall": 0.6806953339432754,
        "f1-score": 0.7254997562164798,
        "support": 1093
    },
    "6": {
        "precision": 0.839332748024583,
        "recall": 0.8746569075937786,
        "f1-score": 0.8566308243727598,
        "support": 1093
    },
    "7": {
        "precision": 0.8745874587458746,
        "recall": 0.969807868252516,
        "f1-score": 0.9197396963123645,
        "support": 1093
    },
    "8": {
        "precision": 0.950836820083682,
        "recall": 0.8316559926806953,
        "f1-score": 0.8872620790629575,
        "support": 1093
    },
    "9": {
        "precision": 0.7963978073610023,
        "recall": 0.9304666056724611,
        "f1-score": 0.8582278481012657,
        "support": 1093
    },
    "accuracy": 0.8583714547118024,
    "macro avg": {
        "precision": 0.862862210247866,
        "recall": 0.8583714547118024,
        "f1-score": 0.8562425995460858,
        "support": 10930
    },
    "weighted avg": {
        "precision": 0.8628622102478662,
        "recall": 0.8583714547118024,
        "f1-score": 0.8562425995460857,
        "support": 10930
    }
}