{
    "back_pack": {
        "precision": 0.96,
        "recall": 1.0,
        "f1-score": 0.9795918367346939,
        "support": 24
    },
    "bike": {
        "precision": 1.0,
        "recall": 1.0,
        "f1-score": 1.0,
        "support": 16
    },
    "bike_helmet": {
        "precision": 1.0,
        "recall": 0.9565217391304348,
        "f1-score": 0.9777777777777777,
        "support": 23
    },
    "bookcase": {
        "precision": 1.0,
        "recall": 1.0,
        "f1-score": 1.0,
        "support": 7
    },
    "bottle": {
        "precision": 1.0,
        "recall": 1.0,
        "f1-score": 1.0,
        "support": 11
    },
    "calculator": {
        "precision": 0.78125,
        "recall": 0.9615384615384616,
        "f1-score": 0.8620689655172413,
        "support": 26
    },
    "desk_chair": {
        "precision": 1.0,
        "recall": 1.0,
        "f1-score": 1.0,
        "support": 35
    },
    "desk_lamp": {
        "precision": 0.9285714285714286,
        "recall": 1.0,
        "f1-score": 0.962962962962963,
        "support": 13
    },
    "desktop_computer": {
        "precision": 0.9375,
        "recall": 0.9375,
        "f1-score": 0.9375,
        "support": 16
    },
    "file_cabinet": {
        "precision": 0.9333333333333333,
        "recall": 1.0,
        "f1-score": 0.9655172413793104,
        "support": 14
    },
    "headphones": {
        "precision": 1.0,
        "recall": 1.0,
        "f1-score": 1.0,
        "support": 22
    },
    "keyboard": {
        "precision": 0.9523809523809523,
        "recall": 0.9090909090909091,
        "f1-score": 0.9302325581395349,
        "support": 22
    },
    "laptop_computer": {
        "precision": 1.0,
        "recall": 0.88,
        "f1-score": 0.9361702127659575,
        "support": 25
    },
    "letter_tray": {
        "precision": 1.0,
        "recall": 0.9285714285714286,
        "f1-score": 0.962962962962963,
        "support": 14
    },
    "mobile_phone": {
        "precision": 0.6666666666666666,
        "recall": 0.64,
        "f1-score": 0.6530612244897959,
        "support": 25
    },
    "monitor": {
        "precision": 0.875,
        "recall": 0.9210526315789473,
        "f1-score": 0.8974358974358975,
        "support": 38
    },
    "mouse": {
        "precision": 0.9473684210526315,
        "recall": 0.72,
        "f1-score": 0.8181818181818181,
        "support": 25
    },
    "mug": {
        "precision": 0.9166666666666666,
        "recall": 1.0,
        "f1-score": 0.9565217391304348,
        "support": 22
    },
    "paper_notebook": {
        "precision": 0.9166666666666666,
        "recall": 0.9565217391304348,
        "f1-score": 0.9361702127659574,
        "support": 23
    },
    "pen": {
        "precision": 0.6428571428571429,
        "recall": 1.0,
        "f1-score": 0.782608695652174,
        "support": 27
    },
    "phone": {
        "precision": 1.0,
        "recall": 0.8181818181818182,
        "f1-score": 0.9,
        "support": 11
    },
    "printer": {
        "precision": 0.9166666666666666,
        "recall": 0.7333333333333333,
        "f1-score": 0.8148148148148148,
        "support": 15
    },
    "projector": {
        "precision": 0.6818181818181818,
        "recall": 0.6,
        "f1-score": 0.6382978723404256,
        "support": 25
    },
    "punchers": {
        "precision": 0.8333333333333334,
        "recall": 0.6818181818181818,
        "f1-score": 0.7499999999999999,
        "support": 22
    },
    "ring_binder": {
        "precision": 0.8571428571428571,
        "recall": 0.8571428571428571,
        "f1-score": 0.8571428571428571,
        "support": 35
    },
    "ruler": {
        "precision": 0.4,
        "recall": 0.3333333333333333,
        "f1-score": 0.3636363636363636,
        "support": 6
    },
    "scissors": {
        "precision": 1.0,
        "recall": 0.7,
        "f1-score": 0.8235294117647058,
        "support": 20
    },
    "speaker": {
        "precision": 0.9545454545454546,
        "recall": 0.84,
        "f1-score": 0.8936170212765958,
        "support": 25
    },
    "stapler": {
        "precision": 0.75,
        "recall": 0.631578947368421,
        "f1-score": 0.6857142857142857,
        "support": 19
    },
    "tape_dispenser": {
        "precision": 0.5517241379310345,
        "recall": 0.8888888888888888,
        "f1-score": 0.6808510638297872,
        "support": 18
    },
    "trash_can": {
        "precision": 0.7857142857142857,
        "recall": 0.6875,
        "f1-score": 0.7333333333333334,
        "support": 16
    },
    "accuracy": 0.8671875,
    "macro avg": {
        "precision": 0.8770711675918483,
        "recall": 0.8575023957776596,
        "f1-score": 0.8612806816048287,
        "support": 640
    },
    "weighted avg": {
        "precision": 0.879368568026895,
        "recall": 0.8671875,
        "f1-score": 0.867154206325859,
        "support": 640
    }
}