{
    "back_pack": {
        "precision": 0.8631578947368421,
        "recall": 0.9425287356321839,
        "f1-score": 0.901098901098901,
        "support": 87
    },
    "bike": {
        "precision": 0.9166666666666666,
        "recall": 1.0,
        "f1-score": 0.9565217391304348,
        "support": 77
    },
    "bike_helmet": {
        "precision": 0.7215189873417721,
        "recall": 0.8507462686567164,
        "f1-score": 0.7808219178082193,
        "support": 67
    },
    "bookcase": {
        "precision": 0.410958904109589,
        "recall": 0.7792207792207793,
        "f1-score": 0.538116591928251,
        "support": 77
    },
    "bottle": {
        "precision": 0.391304347826087,
        "recall": 0.5806451612903226,
        "f1-score": 0.4675324675324675,
        "support": 31
    },
    "calculator": {
        "precision": 0.7735849056603774,
        "recall": 0.9213483146067416,
        "f1-score": 0.8410256410256411,
        "support": 89
    },
    "desk_chair": {
        "precision": 0.7525773195876289,
        "recall": 0.8488372093023255,
        "f1-score": 0.7978142076502732,
        "support": 86
    },
    "desk_lamp": {
        "precision": 0.6727272727272727,
        "recall": 0.40217391304347827,
        "f1-score": 0.5034013605442177,
        "support": 92
    },
    "desktop_computer": {
        "precision": 0.3645833333333333,
        "recall": 0.3804347826086957,
        "f1-score": 0.3723404255319149,
        "support": 92
    },
    "file_cabinet": {
        "precision": 0.4342105263157895,
        "recall": 0.4342105263157895,
        "f1-score": 0.4342105263157895,
        "support": 76
    },
    "headphones": {
        "precision": 0.9066666666666666,
        "recall": 0.723404255319149,
        "f1-score": 0.8047337278106509,
        "support": 94
    },
    "keyboard": {
        "precision": 0.7884615384615384,
        "recall": 0.8631578947368421,
        "f1-score": 0.8241206030150754,
        "support": 95
    },
    "laptop_computer": {
        "precision": 0.8125,
        "recall": 0.8210526315789474,
        "f1-score": 0.8167539267015708,
        "support": 95
    },
    "letter_tray": {
        "precision": 0.717391304347826,
        "recall": 0.7096774193548387,
        "f1-score": 0.7135135135135136,
        "support": 93
    },
    "mobile_phone": {
        "precision": 0.8461538461538461,
        "recall": 0.8105263157894737,
        "f1-score": 0.8279569892473119,
        "support": 95
    },
    "monitor": {
        "precision": 0.8854166666666666,
        "recall": 0.9042553191489362,
        "f1-score": 0.8947368421052632,
        "support": 94
    },
    "mouse": {
        "precision": 0.7222222222222222,
        "recall": 0.8210526315789474,
        "f1-score": 0.7684729064039408,
        "support": 95
    },
    "mug": {
        "precision": 0.7865168539325843,
        "recall": 0.7865168539325843,
        "f1-score": 0.7865168539325842,
        "support": 89
    },
    "paper_notebook": {
        "precision": 0.4789915966386555,
        "recall": 0.6263736263736264,
        "f1-score": 0.5428571428571428,
        "support": 91
    },
    "pen": {
        "precision": 0.5849056603773585,
        "recall": 0.34444444444444444,
        "f1-score": 0.43356643356643354,
        "support": 90
    },
    "phone": {
        "precision": 0.8461538461538461,
        "recall": 0.5,
        "f1-score": 0.6285714285714286,
        "support": 88
    },
    "printer": {
        "precision": 0.8909090909090909,
        "recall": 0.5157894736842106,
        "f1-score": 0.6533333333333333,
        "support": 95
    },
    "projector": {
        "precision": 0.6853932584269663,
        "recall": 0.6559139784946236,
        "f1-score": 0.6703296703296703,
        "support": 93
    },
    "punchers": {
        "precision": 0.4,
        "recall": 0.27956989247311825,
        "f1-score": 0.3291139240506329,
        "support": 93
    },
    "ring_binder": {
        "precision": 0.32941176470588235,
        "recall": 0.32941176470588235,
        "f1-score": 0.32941176470588235,
        "support": 85
    },
    "ruler": {
        "precision": 0.3656716417910448,
        "recall": 0.7,
        "f1-score": 0.4803921568627451,
        "support": 70
    },
    "scissors": {
        "precision": 0.45977011494252873,
        "recall": 0.42105263157894735,
        "f1-score": 0.4395604395604395,
        "support": 95
    },
    "speaker": {
        "precision": 0.92,
        "recall": 0.24468085106382978,
        "f1-score": 0.3865546218487395,
        "support": 94
    },
    "stapler": {
        "precision": 0.33557046979865773,
        "recall": 0.5319148936170213,
        "f1-score": 0.41152263374485604,
        "support": 94
    },
    "tape_dispenser": {
        "precision": 0.4375,
        "recall": 0.38461538461538464,
        "f1-score": 0.40935672514619886,
        "support": 91
    },
    "trash_can": {
        "precision": 0.5789473684210527,
        "recall": 0.3728813559322034,
        "f1-score": 0.45360824742268047,
        "support": 59
    },
    "accuracy": 0.6284748309541698,
    "macro avg": {
        "precision": 0.6477369054490901,
        "recall": 0.628594751906453,
        "f1-score": 0.619286053654716,
        "support": 2662
    },
    "weighted avg": {
        "precision": 0.6580000399932543,
        "recall": 0.6284748309541698,
        "f1-score": 0.624396423317343,
        "support": 2662
    }
}