{
    "back_pack": {
        "precision": 0.2,
        "recall": 1.0,
        "f1-score": 0.33333333333333337,
        "support": 7
    },
    "bike": {
        "precision": 1.0,
        "recall": 1.0,
        "f1-score": 1.0,
        "support": 16
    },
    "bike_helmet": {
        "precision": 1.0,
        "recall": 0.05263157894736842,
        "f1-score": 0.1,
        "support": 19
    },
    "bookcase": {
        "precision": 1.0,
        "recall": 0.14285714285714285,
        "f1-score": 0.25,
        "support": 7
    },
    "bottle": {
        "precision": 0.9166666666666666,
        "recall": 1.0,
        "f1-score": 0.9565217391304348,
        "support": 11
    },
    "calculator": {
        "precision": 0.6666666666666666,
        "recall": 0.8571428571428571,
        "f1-score": 0.75,
        "support": 7
    },
    "desk_chair": {
        "precision": 0.7777777777777778,
        "recall": 0.875,
        "f1-score": 0.823529411764706,
        "support": 8
    },
    "desk_lamp": {
        "precision": 1.0,
        "recall": 0.1111111111111111,
        "f1-score": 0.19999999999999998,
        "support": 9
    },
    "desktop_computer": {
        "precision": 0.6,
        "recall": 0.6,
        "f1-score": 0.6,
        "support": 10
    },
    "file_cabinet": {
        "precision": 0.5,
        "recall": 0.9,
        "f1-score": 0.6428571428571429,
        "support": 10
    },
    "headphones": {
        "precision": 0.6666666666666666,
        "recall": 0.5,
        "f1-score": 0.5714285714285715,
        "support": 8
    },
    "keyboard": {
        "precision": 1.0,
        "recall": 0.6,
        "f1-score": 0.7499999999999999,
        "support": 5
    },
    "laptop_computer": {
        "precision": 0.9285714285714286,
        "recall": 0.6842105263157895,
        "f1-score": 0.7878787878787878,
        "support": 19
    },
    "letter_tray": {
        "precision": 0.3333333333333333,
        "recall": 0.8181818181818182,
        "f1-score": 0.4736842105263157,
        "support": 11
    },
    "mobile_phone": {
        "precision": 1.0,
        "recall": 0.23076923076923078,
        "f1-score": 0.375,
        "support": 26
    },
    "monitor": {
        "precision": 1.0,
        "recall": 0.8235294117647058,
        "f1-score": 0.9032258064516129,
        "support": 17
    },
    "mouse": {
        "precision": 0.2727272727272727,
        "recall": 0.8571428571428571,
        "f1-score": 0.41379310344827586,
        "support": 7
    },
    "mug": {
        "precision": 0.18181818181818182,
        "recall": 0.6666666666666666,
        "f1-score": 0.28571428571428575,
        "support": 3
    },
    "paper_notebook": {
        "precision": 1.0,
        "recall": 0.4,
        "f1-score": 0.5714285714285715,
        "support": 5
    },
    "pen": {
        "precision": 0.0,
        "recall": 0.0,
        "f1-score": 0.0,
        "support": 5
    },
    "phone": {
        "precision": 1.0,
        "recall": 0.875,
        "f1-score": 0.9333333333333333,
        "support": 8
    },
    "printer": {
        "precision": 0.6666666666666666,
        "recall": 0.2,
        "f1-score": 0.30769230769230765,
        "support": 10
    },
    "projector": {
        "precision": 1.0,
        "recall": 0.5,
        "f1-score": 0.6666666666666666,
        "support": 18
    },
    "punchers": {
        "precision": 0.125,
        "recall": 0.07692307692307693,
        "f1-score": 0.09523809523809525,
        "support": 13
    },
    "ring_binder": {
        "precision": 1.0,
        "recall": 0.2,
        "f1-score": 0.33333333333333337,
        "support": 5
    },
    "ruler": {
        "precision": 0.2,
        "recall": 1.0,
        "f1-score": 0.33333333333333337,
        "support": 2
    },
    "scissors": {
        "precision": 1.0,
        "recall": 0.6923076923076923,
        "f1-score": 0.8181818181818181,
        "support": 13
    },
    "speaker": {
        "precision": 0.6363636363636364,
        "recall": 0.3333333333333333,
        "f1-score": 0.43749999999999994,
        "support": 21
    },
    "stapler": {
        "precision": 0.25806451612903225,
        "recall": 1.0,
        "f1-score": 0.41025641025641024,
        "support": 16
    },
    "tape_dispenser": {
        "precision": 1.0,
        "recall": 0.11764705882352941,
        "f1-score": 0.21052631578947367,
        "support": 17
    },
    "trash_can": {
        "precision": 0.0,
        "recall": 0.0,
        "f1-score": 0.0,
        "support": 10
    },
    "accuracy": 0.5247813411078717,
    "macro avg": {
        "precision": 0.6751717036576558,
        "recall": 0.5520791729770057,
        "f1-score": 0.4946598896060262,
        "support": 343
    },
    "weighted avg": {
        "precision": 0.7395159186821936,
        "recall": 0.5247813411078717,
        "f1-score": 0.5098283938057692,
        "support": 343
    }
}