{
    "back_pack": {
        "precision": 1.0,
        "recall": 1.0,
        "f1-score": 1.0,
        "support": 24
    },
    "bike": {
        "precision": 1.0,
        "recall": 1.0,
        "f1-score": 1.0,
        "support": 16
    },
    "bike_helmet": {
        "precision": 1.0,
        "recall": 0.9565217391304348,
        "f1-score": 0.9777777777777777,
        "support": 23
    },
    "bookcase": {
        "precision": 1.0,
        "recall": 1.0,
        "f1-score": 1.0,
        "support": 7
    },
    "bottle": {
        "precision": 1.0,
        "recall": 1.0,
        "f1-score": 1.0,
        "support": 11
    },
    "calculator": {
        "precision": 0.9629629629629629,
        "recall": 1.0,
        "f1-score": 0.9811320754716981,
        "support": 26
    },
    "desk_chair": {
        "precision": 1.0,
        "recall": 1.0,
        "f1-score": 1.0,
        "support": 35
    },
    "desk_lamp": {
        "precision": 1.0,
        "recall": 1.0,
        "f1-score": 1.0,
        "support": 13
    },
    "desktop_computer": {
        "precision": 1.0,
        "recall": 1.0,
        "f1-score": 1.0,
        "support": 16
    },
    "file_cabinet": {
        "precision": 1.0,
        "recall": 1.0,
        "f1-score": 1.0,
        "support": 14
    },
    "headphones": {
        "precision": 1.0,
        "recall": 1.0,
        "f1-score": 1.0,
        "support": 22
    },
    "keyboard": {
        "precision": 1.0,
        "recall": 1.0,
        "f1-score": 1.0,
        "support": 22
    },
    "laptop_computer": {
        "precision": 1.0,
        "recall": 0.96,
        "f1-score": 0.9795918367346939,
        "support": 25
    },
    "letter_tray": {
        "precision": 0.9285714285714286,
        "recall": 0.9285714285714286,
        "f1-score": 0.9285714285714286,
        "support": 14
    },
    "mobile_phone": {
        "precision": 0.8846153846153846,
        "recall": 0.92,
        "f1-score": 0.9019607843137256,
        "support": 25
    },
    "monitor": {
        "precision": 1.0,
        "recall": 0.8947368421052632,
        "f1-score": 0.9444444444444444,
        "support": 38
    },
    "mouse": {
        "precision": 0.9615384615384616,
        "recall": 1.0,
        "f1-score": 0.9803921568627451,
        "support": 25
    },
    "mug": {
        "precision": 0.9565217391304348,
        "recall": 1.0,
        "f1-score": 0.9777777777777777,
        "support": 22
    },
    "paper_notebook": {
        "precision": 0.8846153846153846,
        "recall": 1.0,
        "f1-score": 0.9387755102040816,
        "support": 23
    },
    "pen": {
        "precision": 0.7741935483870968,
        "recall": 0.8888888888888888,
        "f1-score": 0.8275862068965517,
        "support": 27
    },
    "phone": {
        "precision": 1.0,
        "recall": 0.9090909090909091,
        "f1-score": 0.9523809523809523,
        "support": 11
    },
    "printer": {
        "precision": 0.9375,
        "recall": 1.0,
        "f1-score": 0.967741935483871,
        "support": 15
    },
    "projector": {
        "precision": 0.9,
        "recall": 0.72,
        "f1-score": 0.7999999999999999,
        "support": 25
    },
    "punchers": {
        "precision": 0.8,
        "recall": 0.7272727272727273,
        "f1-score": 0.761904761904762,
        "support": 22
    },
    "ring_binder": {
        "precision": 0.8974358974358975,
        "recall": 1.0,
        "f1-score": 0.945945945945946,
        "support": 35
    },
    "ruler": {
        "precision": 0.5,
        "recall": 0.5,
        "f1-score": 0.5,
        "support": 6
    },
    "scissors": {
        "precision": 0.9,
        "recall": 0.9,
        "f1-score": 0.9,
        "support": 20
    },
    "speaker": {
        "precision": 1.0,
        "recall": 1.0,
        "f1-score": 1.0,
        "support": 25
    },
    "stapler": {
        "precision": 0.8333333333333334,
        "recall": 0.7894736842105263,
        "f1-score": 0.8108108108108109,
        "support": 19
    },
    "tape_dispenser": {
        "precision": 0.8947368421052632,
        "recall": 0.9444444444444444,
        "f1-score": 0.918918918918919,
        "support": 18
    },
    "trash_can": {
        "precision": 1.0,
        "recall": 0.875,
        "f1-score": 0.9333333333333333,
        "support": 16
    },
    "accuracy": 0.940625,
    "macro avg": {
        "precision": 0.9360008058934078,
        "recall": 0.9327096988295039,
        "f1-score": 0.9331950534785006,
        "support": 640
    },
    "weighted avg": {
        "precision": 0.9421798343841292,
        "recall": 0.940625,
        "f1-score": 0.9400394035587087,
        "support": 640
    }
}