{
    "back_pack": {
        "precision": 1.0,
        "recall": 0.9166666666666666,
        "f1-score": 0.9565217391304348,
        "support": 24
    },
    "bike": {
        "precision": 1.0,
        "recall": 1.0,
        "f1-score": 1.0,
        "support": 16
    },
    "bike_helmet": {
        "precision": 1.0,
        "recall": 0.8260869565217391,
        "f1-score": 0.9047619047619047,
        "support": 23
    },
    "bookcase": {
        "precision": 1.0,
        "recall": 0.7142857142857143,
        "f1-score": 0.8333333333333333,
        "support": 7
    },
    "bottle": {
        "precision": 1.0,
        "recall": 1.0,
        "f1-score": 1.0,
        "support": 11
    },
    "calculator": {
        "precision": 0.7931034482758621,
        "recall": 0.8846153846153846,
        "f1-score": 0.8363636363636363,
        "support": 26
    },
    "desk_chair": {
        "precision": 1.0,
        "recall": 1.0,
        "f1-score": 1.0,
        "support": 35
    },
    "desk_lamp": {
        "precision": 0.7058823529411765,
        "recall": 0.9230769230769231,
        "f1-score": 0.8000000000000002,
        "support": 13
    },
    "desktop_computer": {
        "precision": 0.8125,
        "recall": 0.8125,
        "f1-score": 0.8125,
        "support": 16
    },
    "file_cabinet": {
        "precision": 0.9333333333333333,
        "recall": 1.0,
        "f1-score": 0.9655172413793104,
        "support": 14
    },
    "headphones": {
        "precision": 0.9166666666666666,
        "recall": 1.0,
        "f1-score": 0.9565217391304348,
        "support": 22
    },
    "keyboard": {
        "precision": 0.8636363636363636,
        "recall": 0.8636363636363636,
        "f1-score": 0.8636363636363636,
        "support": 22
    },
    "laptop_computer": {
        "precision": 0.8275862068965517,
        "recall": 0.96,
        "f1-score": 0.888888888888889,
        "support": 25
    },
    "letter_tray": {
        "precision": 0.6190476190476191,
        "recall": 0.9285714285714286,
        "f1-score": 0.742857142857143,
        "support": 14
    },
    "mobile_phone": {
        "precision": 0.9411764705882353,
        "recall": 0.64,
        "f1-score": 0.7619047619047621,
        "support": 25
    },
    "monitor": {
        "precision": 0.9375,
        "recall": 0.7894736842105263,
        "f1-score": 0.8571428571428572,
        "support": 38
    },
    "mouse": {
        "precision": 0.6857142857142857,
        "recall": 0.96,
        "f1-score": 0.7999999999999999,
        "support": 25
    },
    "mug": {
        "precision": 1.0,
        "recall": 1.0,
        "f1-score": 1.0,
        "support": 22
    },
    "paper_notebook": {
        "precision": 0.8461538461538461,
        "recall": 0.9565217391304348,
        "f1-score": 0.8979591836734695,
        "support": 23
    },
    "pen": {
        "precision": 1.0,
        "recall": 0.9629629629629629,
        "f1-score": 0.9811320754716981,
        "support": 27
    },
    "phone": {
        "precision": 1.0,
        "recall": 0.9090909090909091,
        "f1-score": 0.9523809523809523,
        "support": 11
    },
    "printer": {
        "precision": 0.8571428571428571,
        "recall": 0.8,
        "f1-score": 0.8275862068965518,
        "support": 15
    },
    "projector": {
        "precision": 0.6052631578947368,
        "recall": 0.92,
        "f1-score": 0.7301587301587301,
        "support": 25
    },
    "punchers": {
        "precision": 0.8823529411764706,
        "recall": 0.6818181818181818,
        "f1-score": 0.7692307692307693,
        "support": 22
    },
    "ring_binder": {
        "precision": 0.9523809523809523,
        "recall": 0.5714285714285714,
        "f1-score": 0.7142857142857142,
        "support": 35
    },
    "ruler": {
        "precision": 0.8571428571428571,
        "recall": 1.0,
        "f1-score": 0.923076923076923,
        "support": 6
    },
    "scissors": {
        "precision": 1.0,
        "recall": 1.0,
        "f1-score": 1.0,
        "support": 20
    },
    "speaker": {
        "precision": 0.84,
        "recall": 0.84,
        "f1-score": 0.8399999999999999,
        "support": 25
    },
    "stapler": {
        "precision": 0.7894736842105263,
        "recall": 0.7894736842105263,
        "f1-score": 0.7894736842105263,
        "support": 19
    },
    "tape_dispenser": {
        "precision": 0.8235294117647058,
        "recall": 0.7777777777777778,
        "f1-score": 0.7999999999999999,
        "support": 18
    },
    "trash_can": {
        "precision": 0.9230769230769231,
        "recall": 0.75,
        "f1-score": 0.8275862068965517,
        "support": 16
    },
    "accuracy": 0.86875,
    "macro avg": {
        "precision": 0.88427946380787,
        "recall": 0.8767092563872294,
        "f1-score": 0.8720264533809988,
        "support": 640
    },
    "weighted avg": {
        "precision": 0.8868985311757852,
        "recall": 0.86875,
        "f1-score": 0.8686520621509498,
        "support": 640
    }
}