{
    "back_pack": {
        "precision": 1.0,
        "recall": 0.4942528735632184,
        "f1-score": 0.6615384615384615,
        "support": 87
    },
    "bike": {
        "precision": 0.987012987012987,
        "recall": 0.987012987012987,
        "f1-score": 0.987012987012987,
        "support": 77
    },
    "bike_helmet": {
        "precision": 0.8591549295774648,
        "recall": 0.9104477611940298,
        "f1-score": 0.8840579710144928,
        "support": 67
    },
    "bookcase": {
        "precision": 0.8478260869565217,
        "recall": 0.5064935064935064,
        "f1-score": 0.6341463414634146,
        "support": 77
    },
    "bottle": {
        "precision": 0.48,
        "recall": 0.3870967741935484,
        "f1-score": 0.42857142857142855,
        "support": 31
    },
    "calculator": {
        "precision": 0.496,
        "recall": 0.6966292134831461,
        "f1-score": 0.5794392523364487,
        "support": 89
    },
    "desk_chair": {
        "precision": 0.9135802469135802,
        "recall": 0.8604651162790697,
        "f1-score": 0.8862275449101796,
        "support": 86
    },
    "desk_lamp": {
        "precision": 0.8775510204081632,
        "recall": 0.4673913043478261,
        "f1-score": 0.6099290780141844,
        "support": 92
    },
    "desktop_computer": {
        "precision": 0.25925925925925924,
        "recall": 0.15217391304347827,
        "f1-score": 0.19178082191780824,
        "support": 92
    },
    "file_cabinet": {
        "precision": 0.425531914893617,
        "recall": 0.5263157894736842,
        "f1-score": 0.4705882352941176,
        "support": 76
    },
    "headphones": {
        "precision": 0.8043478260869565,
        "recall": 0.39361702127659576,
        "f1-score": 0.5285714285714287,
        "support": 94
    },
    "keyboard": {
        "precision": 0.65,
        "recall": 0.6842105263157895,
        "f1-score": 0.6666666666666667,
        "support": 95
    },
    "laptop_computer": {
        "precision": 0.6567164179104478,
        "recall": 0.9263157894736842,
        "f1-score": 0.7685589519650655,
        "support": 95
    },
    "letter_tray": {
        "precision": 0.4411764705882353,
        "recall": 0.4838709677419355,
        "f1-score": 0.4615384615384615,
        "support": 93
    },
    "mobile_phone": {
        "precision": 0.4019138755980861,
        "recall": 0.8842105263157894,
        "f1-score": 0.5526315789473684,
        "support": 95
    },
    "monitor": {
        "precision": 0.6461538461538462,
        "recall": 0.8936170212765957,
        "f1-score": 0.75,
        "support": 94
    },
    "mouse": {
        "precision": 0.8080808080808081,
        "recall": 0.8421052631578947,
        "f1-score": 0.8247422680412371,
        "support": 95
    },
    "mug": {
        "precision": 1.0,
        "recall": 0.7528089887640449,
        "f1-score": 0.858974358974359,
        "support": 89
    },
    "paper_notebook": {
        "precision": 0.5373134328358209,
        "recall": 0.3956043956043956,
        "f1-score": 0.4556962025316456,
        "support": 91
    },
    "pen": {
        "precision": 0.9583333333333334,
        "recall": 0.5111111111111111,
        "f1-score": 0.6666666666666666,
        "support": 90
    },
    "phone": {
        "precision": 0.581081081081081,
        "recall": 0.48863636363636365,
        "f1-score": 0.5308641975308642,
        "support": 88
    },
    "printer": {
        "precision": 0.7692307692307693,
        "recall": 0.631578947368421,
        "f1-score": 0.6936416184971097,
        "support": 95
    },
    "projector": {
        "precision": 0.6578947368421053,
        "recall": 0.8064516129032258,
        "f1-score": 0.7246376811594202,
        "support": 93
    },
    "punchers": {
        "precision": 0.10404624277456648,
        "recall": 0.1935483870967742,
        "f1-score": 0.13533834586466167,
        "support": 93
    },
    "ring_binder": {
        "precision": 0.21818181818181817,
        "recall": 0.1411764705882353,
        "f1-score": 0.1714285714285714,
        "support": 85
    },
    "ruler": {
        "precision": 0.6060606060606061,
        "recall": 0.2857142857142857,
        "f1-score": 0.3883495145631068,
        "support": 70
    },
    "scissors": {
        "precision": 0.6440677966101694,
        "recall": 0.4,
        "f1-score": 0.4935064935064935,
        "support": 95
    },
    "speaker": {
        "precision": 0.2571428571428571,
        "recall": 0.2872340425531915,
        "f1-score": 0.27135678391959794,
        "support": 94
    },
    "stapler": {
        "precision": 0.29651162790697677,
        "recall": 0.5425531914893617,
        "f1-score": 0.38345864661654144,
        "support": 94
    },
    "tape_dispenser": {
        "precision": 0.4027777777777778,
        "recall": 0.31868131868131866,
        "f1-score": 0.35582822085889565,
        "support": 91
    },
    "trash_can": {
        "precision": 0.48333333333333334,
        "recall": 0.4915254237288136,
        "f1-score": 0.48739495798319327,
        "support": 59
    },
    "accuracy": 0.5627347858752817,
    "macro avg": {
        "precision": 0.6151703581468126,
        "recall": 0.559446803028462,
        "f1-score": 0.5646175399324153,
        "support": 2662
    },
    "weighted avg": {
        "precision": 0.6143561910108254,
        "recall": 0.5627347858752817,
        "f1-score": 0.5651199514744778,
        "support": 2662
    }
}