{
    "back_pack": {
        "precision": 0.7,
        "recall": 1.0,
        "f1-score": 0.8235294117647058,
        "support": 7
    },
    "bike": {
        "precision": 1.0,
        "recall": 1.0,
        "f1-score": 1.0,
        "support": 16
    },
    "bike_helmet": {
        "precision": 0.9411764705882353,
        "recall": 0.8421052631578947,
        "f1-score": 0.8888888888888888,
        "support": 19
    },
    "bookcase": {
        "precision": 1.0,
        "recall": 1.0,
        "f1-score": 1.0,
        "support": 7
    },
    "bottle": {
        "precision": 1.0,
        "recall": 1.0,
        "f1-score": 1.0,
        "support": 11
    },
    "calculator": {
        "precision": 0.75,
        "recall": 0.8571428571428571,
        "f1-score": 0.7999999999999999,
        "support": 7
    },
    "desk_chair": {
        "precision": 1.0,
        "recall": 1.0,
        "f1-score": 1.0,
        "support": 8
    },
    "desk_lamp": {
        "precision": 1.0,
        "recall": 0.4444444444444444,
        "f1-score": 0.6153846153846153,
        "support": 9
    },
    "desktop_computer": {
        "precision": 0.5384615384615384,
        "recall": 0.7,
        "f1-score": 0.608695652173913,
        "support": 10
    },
    "file_cabinet": {
        "precision": 0.6,
        "recall": 0.9,
        "f1-score": 0.7200000000000001,
        "support": 10
    },
    "headphones": {
        "precision": 0.8888888888888888,
        "recall": 1.0,
        "f1-score": 0.9411764705882353,
        "support": 8
    },
    "keyboard": {
        "precision": 0.8,
        "recall": 0.8,
        "f1-score": 0.8000000000000002,
        "support": 5
    },
    "laptop_computer": {
        "precision": 1.0,
        "recall": 0.8421052631578947,
        "f1-score": 0.9142857142857143,
        "support": 19
    },
    "letter_tray": {
        "precision": 0.5263157894736842,
        "recall": 0.9090909090909091,
        "f1-score": 0.6666666666666666,
        "support": 11
    },
    "mobile_phone": {
        "precision": 0.7857142857142857,
        "recall": 0.8461538461538461,
        "f1-score": 0.8148148148148148,
        "support": 26
    },
    "monitor": {
        "precision": 0.9444444444444444,
        "recall": 1.0,
        "f1-score": 0.9714285714285714,
        "support": 17
    },
    "mouse": {
        "precision": 0.625,
        "recall": 0.7142857142857143,
        "f1-score": 0.6666666666666666,
        "support": 7
    },
    "mug": {
        "precision": 0.75,
        "recall": 1.0,
        "f1-score": 0.8571428571428571,
        "support": 3
    },
    "paper_notebook": {
        "precision": 0.5,
        "recall": 1.0,
        "f1-score": 0.6666666666666666,
        "support": 5
    },
    "pen": {
        "precision": 0.0,
        "recall": 0.0,
        "f1-score": 0.0,
        "support": 5
    },
    "phone": {
        "precision": 1.0,
        "recall": 0.75,
        "f1-score": 0.8571428571428571,
        "support": 8
    },
    "printer": {
        "precision": 0.7,
        "recall": 0.7,
        "f1-score": 0.7,
        "support": 10
    },
    "projector": {
        "precision": 0.7142857142857143,
        "recall": 0.5555555555555556,
        "f1-score": 0.6250000000000001,
        "support": 18
    },
    "punchers": {
        "precision": 1.0,
        "recall": 0.6153846153846154,
        "f1-score": 0.761904761904762,
        "support": 13
    },
    "ring_binder": {
        "precision": 1.0,
        "recall": 0.8,
        "f1-score": 0.888888888888889,
        "support": 5
    },
    "ruler": {
        "precision": 0.2222222222222222,
        "recall": 1.0,
        "f1-score": 0.3636363636363636,
        "support": 2
    },
    "scissors": {
        "precision": 1.0,
        "recall": 0.8461538461538461,
        "f1-score": 0.9166666666666666,
        "support": 13
    },
    "speaker": {
        "precision": 0.9090909090909091,
        "recall": 0.47619047619047616,
        "f1-score": 0.6249999999999999,
        "support": 21
    },
    "stapler": {
        "precision": 0.625,
        "recall": 0.3125,
        "f1-score": 0.4166666666666667,
        "support": 16
    },
    "tape_dispenser": {
        "precision": 0.8,
        "recall": 0.9411764705882353,
        "f1-score": 0.8648648648648648,
        "support": 17
    },
    "trash_can": {
        "precision": 0.46153846153846156,
        "recall": 0.6,
        "f1-score": 0.5217391304347826,
        "support": 10
    },
    "accuracy": 0.7755102040816326,
    "macro avg": {
        "precision": 0.7671657653131736,
        "recall": 0.7887835245582674,
        "f1-score": 0.7515115224734893,
        "support": 343
    },
    "weighted avg": {
        "precision": 0.8120541140324242,
        "recall": 0.7755102040816326,
        "f1-score": 0.7737496654396954,
        "support": 343
    }
}