{
    "back_pack": {
        "precision": 0.6857142857142857,
        "recall": 1.0,
        "f1-score": 0.8135593220338984,
        "support": 24
    },
    "bike": {
        "precision": 1.0,
        "recall": 1.0,
        "f1-score": 1.0,
        "support": 16
    },
    "bike_helmet": {
        "precision": 0.9545454545454546,
        "recall": 0.9130434782608695,
        "f1-score": 0.9333333333333332,
        "support": 23
    },
    "bookcase": {
        "precision": 0.75,
        "recall": 0.8571428571428571,
        "f1-score": 0.7999999999999999,
        "support": 7
    },
    "bottle": {
        "precision": 1.0,
        "recall": 1.0,
        "f1-score": 1.0,
        "support": 11
    },
    "calculator": {
        "precision": 0.92,
        "recall": 0.8846153846153846,
        "f1-score": 0.9019607843137256,
        "support": 26
    },
    "desk_chair": {
        "precision": 0.9210526315789473,
        "recall": 1.0,
        "f1-score": 0.958904109589041,
        "support": 35
    },
    "desk_lamp": {
        "precision": 1.0,
        "recall": 0.5384615384615384,
        "f1-score": 0.7000000000000001,
        "support": 13
    },
    "desktop_computer": {
        "precision": 0.7058823529411765,
        "recall": 0.75,
        "f1-score": 0.7272727272727272,
        "support": 16
    },
    "file_cabinet": {
        "precision": 0.7142857142857143,
        "recall": 0.7142857142857143,
        "f1-score": 0.7142857142857143,
        "support": 14
    },
    "headphones": {
        "precision": 1.0,
        "recall": 0.9545454545454546,
        "f1-score": 0.9767441860465117,
        "support": 22
    },
    "keyboard": {
        "precision": 0.8947368421052632,
        "recall": 0.7727272727272727,
        "f1-score": 0.8292682926829269,
        "support": 22
    },
    "laptop_computer": {
        "precision": 0.9411764705882353,
        "recall": 0.64,
        "f1-score": 0.7619047619047621,
        "support": 25
    },
    "letter_tray": {
        "precision": 0.3125,
        "recall": 0.7142857142857143,
        "f1-score": 0.43478260869565216,
        "support": 14
    },
    "mobile_phone": {
        "precision": 0.782608695652174,
        "recall": 0.72,
        "f1-score": 0.7499999999999999,
        "support": 25
    },
    "monitor": {
        "precision": 1.0,
        "recall": 0.7894736842105263,
        "f1-score": 0.8823529411764706,
        "support": 38
    },
    "mouse": {
        "precision": 0.75,
        "recall": 0.96,
        "f1-score": 0.8421052631578947,
        "support": 25
    },
    "mug": {
        "precision": 1.0,
        "recall": 1.0,
        "f1-score": 1.0,
        "support": 22
    },
    "paper_notebook": {
        "precision": 0.7419354838709677,
        "recall": 1.0,
        "f1-score": 0.8518518518518519,
        "support": 23
    },
    "pen": {
        "precision": 0.8,
        "recall": 0.8888888888888888,
        "f1-score": 0.8421052631578948,
        "support": 27
    },
    "phone": {
        "precision": 0.9,
        "recall": 0.8181818181818182,
        "f1-score": 0.8571428571428572,
        "support": 11
    },
    "printer": {
        "precision": 0.7222222222222222,
        "recall": 0.8666666666666667,
        "f1-score": 0.7878787878787877,
        "support": 15
    },
    "projector": {
        "precision": 1.0,
        "recall": 0.72,
        "f1-score": 0.8372093023255813,
        "support": 25
    },
    "punchers": {
        "precision": 0.75,
        "recall": 0.6818181818181818,
        "f1-score": 0.7142857142857143,
        "support": 22
    },
    "ring_binder": {
        "precision": 0.8157894736842105,
        "recall": 0.8857142857142857,
        "f1-score": 0.8493150684931505,
        "support": 35
    },
    "ruler": {
        "precision": 0.2,
        "recall": 0.3333333333333333,
        "f1-score": 0.25,
        "support": 6
    },
    "scissors": {
        "precision": 0.95,
        "recall": 0.95,
        "f1-score": 0.9500000000000001,
        "support": 20
    },
    "speaker": {
        "precision": 0.8571428571428571,
        "recall": 0.48,
        "f1-score": 0.6153846153846153,
        "support": 25
    },
    "stapler": {
        "precision": 0.8888888888888888,
        "recall": 0.42105263157894735,
        "f1-score": 0.5714285714285714,
        "support": 19
    },
    "tape_dispenser": {
        "precision": 0.7619047619047619,
        "recall": 0.8888888888888888,
        "f1-score": 0.8205128205128205,
        "support": 18
    },
    "trash_can": {
        "precision": 0.5833333333333334,
        "recall": 0.4375,
        "f1-score": 0.5,
        "support": 16
    },
    "accuracy": 0.8125,
    "macro avg": {
        "precision": 0.8162490151115641,
        "recall": 0.7929234126969789,
        "f1-score": 0.7894706095791776,
        "support": 640
    },
    "weighted avg": {
        "precision": 0.8438000752386385,
        "recall": 0.8125,
        "f1-score": 0.814058897390562,
        "support": 640
    }
}