{
    "0": {
        "precision": 0.8659127625201939,
        "recall": 0.9772105742935278,
        "f1-score": 0.9182012847965739,
        "support": 1097
    },
    "1": {
        "precision": 0.9337078651685393,
        "recall": 0.7575205104831358,
        "f1-score": 0.836436839456467,
        "support": 1097
    },
    "2": {
        "precision": 0.913,
        "recall": 0.8322698268003647,
        "f1-score": 0.8707677634716262,
        "support": 1097
    },
    "3": {
        "precision": 0.8505535055350554,
        "recall": 0.8404740200546946,
        "f1-score": 0.8454837230628153,
        "support": 1097
    },
    "4": {
        "precision": 0.9358074222668004,
        "recall": 0.8505013673655424,
        "f1-score": 0.8911174785100286,
        "support": 1097
    },
    "5": {
        "precision": 0.7450130095403296,
        "recall": 0.7830446672743847,
        "f1-score": 0.7635555555555555,
        "support": 1097
    },
    "6": {
        "precision": 0.9171539961013645,
        "recall": 0.8577939835916135,
        "f1-score": 0.886481394253415,
        "support": 1097
    },
    "7": {
        "precision": 0.8431372549019608,
        "recall": 0.9407474931631723,
        "f1-score": 0.8892718655751831,
        "support": 1097
    },
    "8": {
        "precision": 0.7400611620795107,
        "recall": 0.8824065633546034,
        "f1-score": 0.804989604989605,
        "support": 1097
    },
    "9": {
        "precision": 0.8428571428571429,
        "recall": 0.8067456700091158,
        "f1-score": 0.8244061481136471,
        "support": 1097
    },
    "accuracy": 0.8528714676390154,
    "macro avg": {
        "precision": 0.8587204120970897,
        "recall": 0.8528714676390156,
        "f1-score": 0.8530711657784916,
        "support": 10970
    },
    "weighted avg": {
        "precision": 0.8587204120970898,
        "recall": 0.8528714676390154,
        "f1-score": 0.8530711657784918,
        "support": 10970
    }
}