{
    "0": {
        "precision": 0.9906462585034014,
        "recall": 0.97571189279732,
        "f1-score": 0.9831223628691983,
        "support": 1194
    },
    "1": {
        "precision": 0.9479166666666666,
        "recall": 0.9960199004975124,
        "f1-score": 0.9713731198447356,
        "support": 1005
    },
    "2": {
        "precision": 0.873972602739726,
        "recall": 0.8727770177838577,
        "f1-score": 0.8733744010951403,
        "support": 731
    },
    "3": {
        "precision": 0.9607535321821036,
        "recall": 0.9300911854103343,
        "f1-score": 0.9451737451737452,
        "support": 658
    },
    "4": {
        "precision": 0.8010403120936281,
        "recall": 0.9447852760736196,
        "f1-score": 0.8669950738916257,
        "support": 652
    },
    "5": {
        "precision": 0.8794466403162056,
        "recall": 0.8003597122302158,
        "f1-score": 0.8380414312617701,
        "support": 556
    },
    "6": {
        "precision": 0.8780160857908847,
        "recall": 0.9864457831325302,
        "f1-score": 0.9290780141843972,
        "support": 664
    },
    "7": {
        "precision": 0.8977099236641222,
        "recall": 0.9116279069767442,
        "f1-score": 0.9046153846153846,
        "support": 645
    },
    "8": {
        "precision": 0.967984934086629,
        "recall": 0.948339483394834,
        "f1-score": 0.9580615097856476,
        "support": 542
    },
    "9": {
        "precision": 0.9608247422680413,
        "recall": 0.7236024844720497,
        "f1-score": 0.8255093002657218,
        "support": 644
    },
    "accuracy": 0.9189411603346592,
    "macro avg": {
        "precision": 0.915831169831141,
        "recall": 0.9089760642769018,
        "f1-score": 0.9095344342987366,
        "support": 7291
    },
    "weighted avg": {
        "precision": 0.9221276704096227,
        "recall": 0.9189411603346592,
        "f1-score": 0.9179746227354062,
        "support": 7291
    }
}